{"type":"Topology","objects":{"data":{"geometries":[{"properties":{"shapeName":"Ryansoro","shapeISO":"None","shapeID":"BDI-ADM2-3_0_0-B1","shapeGroup":"BDI","shapeType":"ADM2"},"type":"Polygon","arcs":[[-97,0]],"id":"feature_000"},{"properties":{"shapeName":"Ndava","shapeISO":"None","shapeID":"BDI-ADM2-3_0_0-B2","shapeGroup":"BDI","shapeType":"ADM2"},"type":"Polygon","arcs":[[-104,1,-98,-49,2]],"id":"feature_001"},{"properties":{"shapeName":"Buyengero","shapeISO":"None","shapeID":"BDI-ADM2-3_0_0-B3","shapeGroup":"BDI","shapeType":"ADM2"},"type":"Polygon","arcs":[[3]],"id":"feature_002"},{"properties":{"shapeName":"Bugarama","shapeISO":"None","shapeID":"BDI-ADM2-3_0_0-B4","shapeGroup":"BDI","shapeType":"ADM2"},"type":"Polygon","arcs":[[-14,4]],"id":"feature_003"},{"properties":{"shapeName":"Rumonge","shapeISO":"None","shapeID":"BDI-ADM2-3_0_0-B5","shapeGroup":"BDI","shapeType":"ADM2"},"type":"Polygon","arcs":[[-9,5,-27,6]],"id":"feature_004"},{"properties":{"shapeName":"Burambi","shapeISO":"None","shapeID":"BDI-ADM2-3_0_0-B6","shapeGroup":"BDI","shapeType":"ADM2"},"type":"Polygon","arcs":[[7,8]],"id":"feature_005"},{"properties":{"shapeName":"Kanyosha1","shapeISO":"None","shapeID":"BDI-ADM2-3_0_0-B7","shapeGroup":"BDI","shapeType":"ADM2"},"type":"Polygon","arcs":[[9,-20,10,-279,11,-281]],"id":"feature_006"},{"properties":{"shapeName":"Kabezi","shapeISO":"None","shapeID":"BDI-ADM2-3_0_0-B8","shapeGroup":"BDI","shapeType":"ADM2"},"type":"Polygon","arcs":[[-16,12]],"id":"feature_007"},{"properties":{"shapeName":"Muhuta","shapeISO":"None","shapeID":"BDI-ADM2-3_0_0-B9","shapeGroup":"BDI","shapeType":"ADM2"},"type":"Polygon","arcs":[[13,14,15,16]],"id":"feature_008"},{"properties":{"shapeName":"Mukike","shapeISO":"None","shapeID":"BDI-ADM2-3_0_0-B10","shapeGroup":"BDI","shapeType":"ADM2"},"type":"Polygon","arcs":[[-38,17]],"id":"feature_009"},{"properties":{"shapeName":"Mutambu","shapeISO":"None","shapeID":"BDI-ADM2-3_0_0-B11","shapeGroup":"BDI","shapeType":"ADM2"},"type":"Polygon","arcs":[[18]],"id":"feature_010"},{"properties":{"shapeName":"Nyabiraba","shapeISO":"None","shapeID":"BDI-ADM2-3_0_0-B12","shapeGroup":"BDI","shapeType":"ADM2"},"type":"Polygon","arcs":[[19,20]],"id":"feature_011"},{"properties":{"shapeName":"Bururi","shapeISO":"None","shapeID":"BDI-ADM2-3_0_0-B13","shapeGroup":"BDI","shapeType":"ADM2"},"type":"Polygon","arcs":[[-34,21,-25,22]],"id":"feature_012"},{"properties":{"shapeName":"Vugizo","shapeISO":"None","shapeID":"BDI-ADM2-3_0_0-B14","shapeGroup":"BDI","shapeType":"ADM2"},"type":"Polygon","arcs":[[-226,23]],"id":"feature_013"},{"properties":{"shapeName":"Vyanda","shapeISO":"None","shapeID":"BDI-ADM2-3_0_0-B15","shapeGroup":"BDI","shapeType":"ADM2"},"type":"Polygon","arcs":[[24,25,26,27]],"id":"feature_014"},{"properties":{"shapeName":"Rusaka","shapeISO":"None","shapeID":"BDI-ADM2-3_0_0-B16","shapeGroup":"BDI","shapeType":"ADM2"},"type":"Polygon","arcs":[[-40,28]],"id":"feature_015"},{"properties":{"shapeName":"Mugamba","shapeISO":"None","shapeID":"BDI-ADM2-3_0_0-B17","shapeGroup":"BDI","shapeType":"ADM2"},"type":"Polygon","arcs":[[-42,29,-45,30]],"id":"feature_016"},{"properties":{"shapeName":"Songa","shapeISO":"None","shapeID":"BDI-ADM2-3_0_0-B18","shapeGroup":"BDI","shapeType":"ADM2"},"type":"Polygon","arcs":[[-47,31,-90,32,33,34]],"id":"feature_017"},{"properties":{"shapeName":"Mugongoman","shapeISO":"None","shapeID":"BDI-ADM2-3_0_0-B19","shapeGroup":"BDI","shapeType":"ADM2"},"type":"Polygon","arcs":[[35,-64,36,37,38,-66]],"id":"feature_018"},{"properties":{"shapeName":"Gisozi","shapeISO":"None","shapeID":"BDI-ADM2-3_0_0-B20","shapeGroup":"BDI","shapeType":"ADM2"},"type":"Polygon","arcs":[[39,40,41,42]],"id":"feature_019"},{"properties":{"shapeName":"Bisoro","shapeISO":"None","shapeID":"BDI-ADM2-3_0_0-B21","shapeGroup":"BDI","shapeType":"ADM2"},"type":"Polygon","arcs":[[-51,43,44,45]],"id":"feature_020"},{"properties":{"shapeName":"Matana","shapeISO":"None","shapeID":"BDI-ADM2-3_0_0-B22","shapeGroup":"BDI","shapeType":"ADM2"},"type":"Polygon","arcs":[[46,47]],"id":"feature_021"},{"properties":{"shapeName":"Kayokwe","shapeISO":"None","shapeID":"BDI-ADM2-3_0_0-B23","shapeGroup":"BDI","shapeType":"ADM2"},"type":"Polygon","arcs":[[48,49,50,51]],"id":"feature_022"},{"properties":{"shapeName":"Mpanda","shapeISO":"None","shapeID":"BDI-ADM2-3_0_0-B24","shapeGroup":"BDI","shapeType":"ADM2"},"type":"Polygon","arcs":[[-70,52,-223,53]],"id":"feature_023"},{"properties":{"shapeName":"Murwi","shapeISO":"None","shapeID":"BDI-ADM2-3_0_0-B25","shapeGroup":"BDI","shapeType":"ADM2"},"type":"Polygon","arcs":[[-210,54,-220,55]],"id":"feature_024"},{"properties":{"shapeName":"Bubanza","shapeISO":"None","shapeID":"BDI-ADM2-3_0_0-B26","shapeGroup":"BDI","shapeType":"ADM2"},"type":"Polygon","arcs":[[-277,56]],"id":"feature_025"},{"properties":{"shapeName":"Rango","shapeISO":"None","shapeID":"BDI-ADM2-3_0_0-B27","shapeGroup":"BDI","shapeType":"ADM2"},"type":"Polygon","arcs":[[-155,-153,57]],"id":"feature_026"},{"properties":{"shapeName":"Bukeye","shapeISO":"None","shapeID":"BDI-ADM2-3_0_0-B28","shapeGroup":"BDI","shapeType":"ADM2"},"type":"Polygon","arcs":[[58,-76,59,-62,60,-68]],"id":"feature_027"},{"properties":{"shapeName":"Muramvya","shapeISO":"None","shapeID":"BDI-ADM2-3_0_0-B29","shapeGroup":"BDI","shapeType":"ADM2"},"type":"Polygon","arcs":[[61,62,63,64]],"id":"feature_028"},{"properties":{"shapeName":"Isale","shapeISO":"None","shapeID":"BDI-ADM2-3_0_0-B30","shapeGroup":"BDI","shapeType":"ADM2"},"type":"Polygon","arcs":[[65,66]],"id":"feature_029"},{"properties":{"shapeName":"Rugazi","shapeISO":"None","shapeID":"BDI-ADM2-3_0_0-B31","shapeGroup":"BDI","shapeType":"ADM2"},"type":"Polygon","arcs":[[67,68,69,70]],"id":"feature_030"},{"properties":{"shapeName":"Mubimbi","shapeISO":"None","shapeID":"BDI-ADM2-3_0_0-B32","shapeGroup":"BDI","shapeType":"ADM2"},"type":"Polygon","arcs":[[71]],"id":"feature_031"},{"properties":{"shapeName":"Rutegama","shapeISO":"None","shapeID":"BDI-ADM2-3_0_0-B33","shapeGroup":"BDI","shapeType":"ADM2"},"type":"Polygon","arcs":[[72]],"id":"feature_032"},{"properties":{"shapeName":"Kiganda","shapeISO":"None","shapeID":"BDI-ADM2-3_0_0-B34","shapeGroup":"BDI","shapeType":"ADM2"},"type":"Polygon","arcs":[[73]],"id":"feature_033"},{"properties":{"shapeName":"Mbuye","shapeISO":"None","shapeID":"BDI-ADM2-3_0_0-B35","shapeGroup":"BDI","shapeType":"ADM2"},"type":"Polygon","arcs":[[74,75]],"id":"feature_034"},{"properties":{"shapeName":"Gahombo","shapeISO":"None","shapeID":"BDI-ADM2-3_0_0-B36","shapeGroup":"BDI","shapeType":"ADM2"},"type":"Polygon","arcs":[[76]],"id":"feature_035"},{"properties":{"shapeName":"Gatara","shapeISO":"None","shapeID":"BDI-ADM2-3_0_0-B37","shapeGroup":"BDI","shapeType":"ADM2"},"type":"Polygon","arcs":[[-80,77]],"id":"feature_036"},{"properties":{"shapeName":"Butaganzwa","shapeISO":"None","shapeID":"BDI-ADM2-3_0_0-B38","shapeGroup":"BDI","shapeType":"ADM2"},"type":"Polygon","arcs":[[78]],"id":"feature_037"},{"properties":{"shapeName":"Kayanza","shapeISO":"None","shapeID":"BDI-ADM2-3_0_0-B39","shapeGroup":"BDI","shapeType":"ADM2"},"type":"Polygon","arcs":[[79,80]],"id":"feature_038"},{"properties":{"shapeName":"Bugendana","shapeISO":"None","shapeID":"BDI-ADM2-3_0_0-B40","shapeGroup":"BDI","shapeType":"ADM2"},"type":"Polygon","arcs":[[-162,81,-101,82]],"id":"feature_039"},{"properties":{"shapeName":"Musongati","shapeISO":"None","shapeID":"BDI-ADM2-3_0_0-B41","shapeGroup":"BDI","shapeType":"ADM2"},"type":"Polygon","arcs":[[-122,83,-105,84]],"id":"feature_040"},{"properties":{"shapeName":"Rutana","shapeISO":"None","shapeID":"BDI-ADM2-3_0_0-B42","shapeGroup":"BDI","shapeType":"ADM2"},"type":"Polygon","arcs":[[85]],"id":"feature_041"},{"properties":{"shapeName":"Gitanga","shapeISO":"None","shapeID":"BDI-ADM2-3_0_0-B43","shapeGroup":"BDI","shapeType":"ADM2"},"type":"Polygon","arcs":[[86]],"id":"feature_042"},{"properties":{"shapeName":"Makamba","shapeISO":"None","shapeID":"BDI-ADM2-3_0_0-B44","shapeGroup":"BDI","shapeType":"ADM2"},"type":"Polygon","arcs":[[-229,87]],"id":"feature_043"},{"properties":{"shapeName":"Rutovu","shapeISO":"None","shapeID":"BDI-ADM2-3_0_0-B45","shapeGroup":"BDI","shapeType":"ADM2"},"type":"Polygon","arcs":[[-92,88,89,90]],"id":"feature_044"},{"properties":{"shapeName":"Buraza","shapeISO":"None","shapeID":"BDI-ADM2-3_0_0-B46","shapeGroup":"BDI","shapeType":"ADM2"},"type":"Polygon","arcs":[[91,92]],"id":"feature_045"},{"properties":{"shapeName":"Nyanrusang","shapeISO":"None","shapeID":"BDI-ADM2-3_0_0-B47","shapeGroup":"BDI","shapeType":"ADM2"},"type":"Polygon","arcs":[[93]],"id":"feature_046"},{"properties":{"shapeName":"Gishubi","shapeISO":"None","shapeID":"BDI-ADM2-3_0_0-B48","shapeGroup":"BDI","shapeType":"ADM2"},"type":"Polygon","arcs":[[94,-117,95,96]],"id":"feature_047"},{"properties":{"shapeName":"Nyabihanga","shapeISO":"None","shapeID":"BDI-ADM2-3_0_0-B49","shapeGroup":"BDI","shapeType":"ADM2"},"type":"Polygon","arcs":[[97,98]],"id":"feature_048"},{"properties":{"shapeName":"Giheta","shapeISO":"None","shapeID":"BDI-ADM2-3_0_0-B50","shapeGroup":"BDI","shapeType":"ADM2"},"type":"Polygon","arcs":[[99,100,101,-110,102,103]],"id":"feature_049"},{"properties":{"shapeName":"Itaba","shapeISO":"None","shapeID":"BDI-ADM2-3_0_0-B51","shapeGroup":"BDI","shapeType":"ADM2"},"type":"Polygon","arcs":[[104,105,-108,106]],"id":"feature_050"},{"properties":{"shapeName":"Bukirasazi","shapeISO":"None","shapeID":"BDI-ADM2-3_0_0-B52","shapeGroup":"BDI","shapeType":"ADM2"},"type":"Polygon","arcs":[[107,108]],"id":"feature_051"},{"properties":{"shapeName":"Gitega","shapeISO":"None","shapeID":"BDI-ADM2-3_0_0-B53","shapeGroup":"BDI","shapeType":"ADM2"},"type":"Polygon","arcs":[[109,110,-133,111,-115,112]],"id":"feature_052"},{"properties":{"shapeName":"Makebuko","shapeISO":"None","shapeID":"BDI-ADM2-3_0_0-B54","shapeGroup":"BDI","shapeType":"ADM2"},"type":"Polygon","arcs":[[113,114,115,116]],"id":"feature_053"},{"properties":{"shapeName":"Butaganzwa","shapeISO":"None","shapeID":"BDI-ADM2-3_0_0-B55","shapeGroup":"BDI","shapeType":"ADM2"},"type":"Polygon","arcs":[[-127,117,-125,118]],"id":"feature_054"},{"properties":{"shapeName":"Mpinga-Kay","shapeISO":"None","shapeID":"BDI-ADM2-3_0_0-B56","shapeGroup":"BDI","shapeType":"ADM2"},"type":"Polygon","arcs":[[-237,119,-235,120,121,122]],"id":"feature_055"},{"properties":{"shapeName":"Nyabitsind","shapeISO":"None","shapeID":"BDI-ADM2-3_0_0-B57","shapeGroup":"BDI","shapeType":"ADM2"},"type":"Polygon","arcs":[[-238,123,124,125,126,127]],"id":"feature_056"},{"properties":{"shapeName":"Ruyigi","shapeISO":"None","shapeID":"BDI-ADM2-3_0_0-B58","shapeGroup":"BDI","shapeType":"ADM2"},"type":"Polygon","arcs":[[-146,128,-144,129,-137,130]],"id":"feature_057"},{"properties":{"shapeName":"Shombo","shapeISO":"None","shapeID":"BDI-ADM2-3_0_0-B59","shapeGroup":"BDI","shapeType":"ADM2"},"type":"Polygon","arcs":[[-187,131,132,133]],"id":"feature_058"},{"properties":{"shapeName":"Butezi","shapeISO":"None","shapeID":"BDI-ADM2-3_0_0-B60","shapeGroup":"BDI","shapeType":"ADM2"},"type":"Polygon","arcs":[[-183,134,-148,135,136,137,-139]],"id":"feature_059"},{"properties":{"shapeName":"Nyabikere","shapeISO":"None","shapeID":"BDI-ADM2-3_0_0-B61","shapeGroup":"BDI","shapeType":"ADM2"},"type":"Polygon","arcs":[[-184,138,139]],"id":"feature_060"},{"properties":{"shapeName":"Bweru","shapeISO":"None","shapeID":"BDI-ADM2-3_0_0-B62","shapeGroup":"BDI","shapeType":"ADM2"},"type":"Polygon","arcs":[[140,-178,141,-241,142,143,144,145,146,147]],"id":"feature_061"},{"properties":{"shapeName":"Gitaramuka","shapeISO":"None","shapeID":"BDI-ADM2-3_0_0-B63","shapeGroup":"BDI","shapeType":"ADM2"},"type":"Polygon","arcs":[[-189,148]],"id":"feature_062"},{"properties":{"shapeName":"Gashikanwa","shapeISO":"None","shapeID":"BDI-ADM2-3_0_0-B64","shapeGroup":"BDI","shapeType":"ADM2"},"type":"Polygon","arcs":[[149]],"id":"feature_063"},{"properties":{"shapeName":"Mutaho","shapeISO":"None","shapeID":"BDI-ADM2-3_0_0-B65","shapeGroup":"BDI","shapeType":"ADM2"},"type":"Polygon","arcs":[[150,-164,151,152,-154]],"id":"feature_064"},{"properties":{"shapeName":"Muhanga","shapeISO":"None","shapeID":"BDI-ADM2-3_0_0-B66","shapeGroup":"BDI","shapeType":"ADM2"},"type":"Polygon","arcs":[[153,154,155]],"id":"feature_065"},{"properties":{"shapeName":"Ngozi","shapeISO":"None","shapeID":"BDI-ADM2-3_0_0-B67","shapeGroup":"BDI","shapeType":"ADM2"},"type":"Polygon","arcs":[[156]],"id":"feature_066"},{"properties":{"shapeName":"Bugenyuzi","shapeISO":"None","shapeID":"BDI-ADM2-3_0_0-B68","shapeGroup":"BDI","shapeType":"ADM2"},"type":"Polygon","arcs":[[-160,157]],"id":"feature_067"},{"properties":{"shapeName":"Gihogazi","shapeISO":"None","shapeID":"BDI-ADM2-3_0_0-B69","shapeGroup":"BDI","shapeType":"ADM2"},"type":"Polygon","arcs":[[158,159,160,161,162,163]],"id":"feature_068"},{"properties":{"shapeName":"Ruhororo","shapeISO":"None","shapeID":"BDI-ADM2-3_0_0-B70","shapeGroup":"BDI","shapeType":"ADM2"},"type":"Polygon","arcs":[[164]],"id":"feature_069"},{"properties":{"shapeName":"Tangara","shapeISO":"None","shapeID":"BDI-ADM2-3_0_0-B71","shapeGroup":"BDI","shapeType":"ADM2"},"type":"Polygon","arcs":[[165,-195,166,-170]],"id":"feature_070"},{"properties":{"shapeName":"Vumbi","shapeISO":"None","shapeID":"BDI-ADM2-3_0_0-B72","shapeGroup":"BDI","shapeType":"ADM2"},"type":"Polygon","arcs":[[167,-197,168,-174]],"id":"feature_071"},{"properties":{"shapeName":"Kiremba","shapeISO":"None","shapeID":"BDI-ADM2-3_0_0-B73","shapeGroup":"BDI","shapeType":"ADM2"},"type":"Polygon","arcs":[[169,170,-202,171]],"id":"feature_072"},{"properties":{"shapeName":"Kirundo","shapeISO":"None","shapeID":"BDI-ADM2-3_0_0-B74","shapeGroup":"BDI","shapeType":"ADM2"},"type":"Polygon","arcs":[[-270,172,173,174]],"id":"feature_073"},{"properties":{"shapeName":"Cankuzo","shapeISO":"None","shapeID":"BDI-ADM2-3_0_0-B75","shapeGroup":"BDI","shapeType":"ADM2"},"type":"Polygon","arcs":[[-250,175,-244,176,177,178,-254,179,-252,180]],"id":"feature_074"},{"properties":{"shapeName":"Mutumba","shapeISO":"None","shapeID":"BDI-ADM2-3_0_0-B76","shapeGroup":"BDI","shapeType":"ADM2"},"type":"Polygon","arcs":[[-190,181,182,183,184]],"id":"feature_075"},{"properties":{"shapeName":"Buhiga","shapeISO":"None","shapeID":"BDI-ADM2-3_0_0-B77","shapeGroup":"BDI","shapeType":"ADM2"},"type":"Polygon","arcs":[[185,186,187,188]],"id":"feature_076"},{"properties":{"shapeName":"Mwakiro","shapeISO":"None","shapeID":"BDI-ADM2-3_0_0-B78","shapeGroup":"BDI","shapeType":"ADM2"},"type":"Polygon","arcs":[[189,190,-259,191]],"id":"feature_077"},{"properties":{"shapeName":"Gasorwe","shapeISO":"None","shapeID":"BDI-ADM2-3_0_0-B79","shapeGroup":"BDI","shapeType":"ADM2"},"type":"Polygon","arcs":[[-266,192,-264,193,194,195]],"id":"feature_078"},{"properties":{"shapeName":"Gashoho","shapeISO":"None","shapeID":"BDI-ADM2-3_0_0-B80","shapeGroup":"BDI","shapeType":"ADM2"},"type":"Polygon","arcs":[[196,197]],"id":"feature_079"},{"properties":{"shapeName":"Gitobe","shapeISO":"None","shapeID":"BDI-ADM2-3_0_0-B81","shapeGroup":"BDI","shapeType":"ADM2"},"type":"Polygon","arcs":[[198]],"id":"feature_080"},{"properties":{"shapeName":"Bwambarang","shapeISO":"None","shapeID":"BDI-ADM2-3_0_0-B82","shapeGroup":"BDI","shapeType":"ADM2"},"type":"Polygon","arcs":[[-268,199]],"id":"feature_081"},{"properties":{"shapeName":"Ntega","shapeISO":"None","shapeID":"BDI-ADM2-3_0_0-B83","shapeGroup":"BDI","shapeType":"ADM2"},"type":"Polygon","arcs":[[200]],"id":"feature_082"},{"properties":{"shapeName":"Marangara","shapeISO":"None","shapeID":"BDI-ADM2-3_0_0-B84","shapeGroup":"BDI","shapeType":"ADM2"},"type":"Polygon","arcs":[[201,202]],"id":"feature_083"},{"properties":{"shapeName":"Nyamurenza","shapeISO":"None","shapeID":"BDI-ADM2-3_0_0-B85","shapeGroup":"BDI","shapeType":"ADM2"},"type":"Polygon","arcs":[[203]],"id":"feature_084"},{"properties":{"shapeName":"Mwumba","shapeISO":"None","shapeID":"BDI-ADM2-3_0_0-B86","shapeGroup":"BDI","shapeType":"ADM2"},"type":"Polygon","arcs":[[204,-206]],"id":"feature_085"},{"properties":{"shapeName":"Busiga","shapeISO":"None","shapeID":"BDI-ADM2-3_0_0-B87","shapeGroup":"BDI","shapeType":"ADM2"},"type":"Polygon","arcs":[[205,206]],"id":"feature_086"},{"properties":{"shapeName":"Kabarore","shapeISO":"None","shapeID":"BDI-ADM2-3_0_0-B88","shapeGroup":"BDI","shapeType":"ADM2"},"type":"Polygon","arcs":[[207]],"id":"feature_087"},{"properties":{"shapeName":"Bukinanyan","shapeISO":"None","shapeID":"BDI-ADM2-3_0_0-B89","shapeGroup":"BDI","shapeType":"ADM2"},"type":"Polygon","arcs":[[-213,208,209,210]],"id":"feature_088"},{"properties":{"shapeName":"Mabayi","shapeISO":"None","shapeID":"BDI-ADM2-3_0_0-B90","shapeGroup":"BDI","shapeType":"ADM2"},"type":"Polygon","arcs":[[211,212,213,-216]],"id":"feature_089"},{"properties":{"shapeName":"Mugina","shapeISO":"None","shapeID":"BDI-ADM2-3_0_0-B91","shapeGroup":"BDI","shapeType":"ADM2"},"type":"Polygon","arcs":[[214,215,216,-218]],"id":"feature_090"},{"properties":{"shapeName":"Rugombo","shapeISO":"None","shapeID":"BDI-ADM2-3_0_0-B92","shapeGroup":"BDI","shapeType":"ADM2"},"type":"Polygon","arcs":[[217,218]],"id":"feature_091"},{"properties":{"shapeName":"Buganda","shapeISO":"None","shapeID":"BDI-ADM2-3_0_0-B93","shapeGroup":"BDI","shapeType":"ADM2"},"type":"Polygon","arcs":[[219,220]],"id":"feature_092"},{"properties":{"shapeName":"Gihanga","shapeISO":"None","shapeID":"BDI-ADM2-3_0_0-B94","shapeGroup":"BDI","shapeType":"ADM2"},"type":"Polygon","arcs":[[221]],"id":"feature_093"},{"properties":{"shapeName":"Mutimbuzi","shapeISO":"None","shapeID":"BDI-ADM2-3_0_0-B95","shapeGroup":"BDI","shapeType":"ADM2"},"type":"Polygon","arcs":[[222,223,-284,224]],"id":"feature_094"},{"properties":{"shapeName":"Nyanza-Lac","shapeISO":"None","shapeID":"BDI-ADM2-3_0_0-B96","shapeGroup":"BDI","shapeType":"ADM2"},"type":"Polygon","arcs":[[225,226,-232,227]],"id":"feature_095"},{"properties":{"shapeName":"Mabanda","shapeISO":"None","shapeID":"BDI-ADM2-3_0_0-B97","shapeGroup":"BDI","shapeType":"ADM2"},"type":"Polygon","arcs":[[228,229,-287,230,231,232]],"id":"feature_096"},{"properties":{"shapeName":"Giharo","shapeISO":"None","shapeID":"BDI-ADM2-3_0_0-B98","shapeGroup":"BDI","shapeType":"ADM2"},"type":"Polygon","arcs":[[233,234,235,236]],"id":"feature_097"},{"properties":{"shapeName":"Kinyinya","shapeISO":"None","shapeID":"BDI-ADM2-3_0_0-B99","shapeGroup":"BDI","shapeType":"ADM2"},"type":"Polygon","arcs":[[237,238]],"id":"feature_098"},{"properties":{"shapeName":"Gisuru","shapeISO":"None","shapeID":"BDI-ADM2-3_0_0-B100","shapeGroup":"BDI","shapeType":"ADM2"},"type":"Polygon","arcs":[[-247,239,240,241]],"id":"feature_099"},{"properties":{"shapeName":"Cendajuru","shapeISO":"None","shapeID":"BDI-ADM2-3_0_0-B101","shapeGroup":"BDI","shapeType":"ADM2"},"type":"Polygon","arcs":[[242,243,244,-248,245,246]],"id":"feature_100"},{"properties":{"shapeName":"Gisagara","shapeISO":"None","shapeID":"BDI-ADM2-3_0_0-B102","shapeGroup":"BDI","shapeType":"ADM2"},"type":"Polygon","arcs":[[247,248,249,250]],"id":"feature_101"},{"properties":{"shapeName":"Mishiha","shapeISO":"None","shapeID":"BDI-ADM2-3_0_0-B103","shapeGroup":"BDI","shapeType":"ADM2"},"type":"Polygon","arcs":[[251,252]],"id":"feature_102"},{"properties":{"shapeName":"Kigamba","shapeISO":"None","shapeID":"BDI-ADM2-3_0_0-B104","shapeGroup":"BDI","shapeType":"ADM2"},"type":"Polygon","arcs":[[253,254,-257,255]],"id":"feature_103"},{"properties":{"shapeName":"Buhinyuza","shapeISO":"None","shapeID":"BDI-ADM2-3_0_0-B105","shapeGroup":"BDI","shapeType":"ADM2"},"type":"Polygon","arcs":[[256,257,258,259,-262,260]],"id":"feature_104"},{"properties":{"shapeName":"Muyinga","shapeISO":"None","shapeID":"BDI-ADM2-3_0_0-B106","shapeGroup":"BDI","shapeType":"ADM2"},"type":"Polygon","arcs":[[261,262,263,264]],"id":"feature_105"},{"properties":{"shapeName":"Butihinda","shapeISO":"None","shapeID":"BDI-ADM2-3_0_0-B107","shapeGroup":"BDI","shapeType":"ADM2"},"type":"Polygon","arcs":[[265,266]],"id":"feature_106"},{"properties":{"shapeName":"Giteranyi","shapeISO":"None","shapeID":"BDI-ADM2-3_0_0-B108","shapeGroup":"BDI","shapeType":"ADM2"},"type":"Polygon","arcs":[[267,268]],"id":"feature_107"},{"properties":{"shapeName":"Busoni","shapeISO":"None","shapeID":"BDI-ADM2-3_0_0-B109","shapeGroup":"BDI","shapeType":"ADM2"},"type":"Polygon","arcs":[[269,270]],"id":"feature_108"},{"properties":{"shapeName":"Bugabira","shapeISO":"None","shapeID":"BDI-ADM2-3_0_0-B110","shapeGroup":"BDI","shapeType":"ADM2"},"type":"Polygon","arcs":[[271]],"id":"feature_109"},{"properties":{"shapeName":"Kayogoro","shapeISO":"None","shapeID":"BDI-ADM2-3_0_0-B111","shapeGroup":"BDI","shapeType":"ADM2"},"type":"Polygon","arcs":[[-285,272]],"id":"feature_110"},{"properties":{"shapeName":"Bukemba","shapeISO":"None","shapeID":"BDI-ADM2-3_0_0-B112","shapeGroup":"BDI","shapeType":"ADM2"},"type":"Polygon","arcs":[[273]],"id":"feature_111"},{"properties":{"shapeName":"Matongo","shapeISO":"None","shapeID":"BDI-ADM2-3_0_0-B113","shapeGroup":"BDI","shapeType":"ADM2"},"type":"Polygon","arcs":[[274]],"id":"feature_112"},{"properties":{"shapeName":"Muruta","shapeISO":"None","shapeID":"BDI-ADM2-3_0_0-B114","shapeGroup":"BDI","shapeType":"ADM2"},"type":"Polygon","arcs":[[275]],"id":"feature_113"},{"properties":{"shapeName":"Musigati","shapeISO":"None","shapeID":"BDI-ADM2-3_0_0-B115","shapeGroup":"BDI","shapeType":"ADM2"},"type":"Polygon","arcs":[[276,277]],"id":"feature_114"},{"properties":{"shapeName":"Muha","shapeISO":"None","shapeID":"BDI-ADM2-3_0_0-B116","shapeGroup":"BDI","shapeType":"ADM2"},"type":"Polygon","arcs":[[278,279]],"id":"feature_115"},{"properties":{"shapeName":"Mukaza","shapeISO":"None","shapeID":"BDI-ADM2-3_0_0-B117","shapeGroup":"BDI","shapeType":"ADM2"},"type":"Polygon","arcs":[[280,281]],"id":"feature_116"},{"properties":{"shapeName":"Ntahangwa","shapeISO":"None","shapeID":"BDI-ADM2-3_0_0-B118","shapeGroup":"BDI","shapeType":"ADM2"},"type":"Polygon","arcs":[[282,283]],"id":"feature_117"},{"properties":{"shapeName":"Kibago","shapeISO":"None","shapeID":"BDI-ADM2-3_0_0-B119","shapeGroup":"BDI","shapeType":"ADM2"},"type":"Polygon","arcs":[[284,285,286,287]],"id":"feature_118"},{"properties":{"shapeName":"Alaili Dadda","shapeISO":"None","shapeID":"DJI-ADM2-3_0_0-B1","shapeGroup":"DJI","shapeType":"ADM2"},"type":"Polygon","arcs":[[-292,288,289]],"id":"feature_119"},{"properties":{"shapeName":"Dorra","shapeISO":"None","shapeID":"DJI-ADM2-3_0_0-B2","shapeGroup":"DJI","shapeType":"ADM2"},"type":"Polygon","arcs":[[-295,-299,290]],"id":"feature_120"},{"properties":{"shapeName":"Obock","shapeISO":"None","shapeID":"DJI-ADM2-3_0_0-B3","shapeGroup":"DJI","shapeType":"ADM2"},"type":"Polygon","arcs":[[291,292]],"id":"feature_121"},{"properties":{"shapeName":"Randa","shapeISO":"None","shapeID":"DJI-ADM2-3_0_0-B4","shapeGroup":"DJI","shapeType":"ADM2"},"type":"Polygon","arcs":[[293,-296,294]],"id":"feature_122"},{"properties":{"shapeName":"Balho","shapeISO":"None","shapeID":"DJI-ADM2-3_0_0-B5","shapeGroup":"DJI","shapeType":"ADM2"},"type":"Polygon","arcs":[[295,296,-304,297,298]],"id":"feature_123"},{"properties":{"shapeName":"Tadjoura","shapeISO":"None","shapeID":"DJI-ADM2-3_0_0-B6","shapeGroup":"DJI","shapeType":"ADM2"},"type":"MultiPolygon","arcs":[[[299]],[[300]]],"id":"feature_124"},{"properties":{"shapeName":"Yoboki","shapeISO":"None","shapeID":"DJI-ADM2-3_0_0-B7","shapeGroup":"DJI","shapeType":"ADM2"},"type":"Polygon","arcs":[[301,-312,302,303]],"id":"feature_125"},{"properties":{"shapeName":"Djibouti","shapeISO":"None","shapeID":"DJI-ADM2-3_0_0-B8","shapeGroup":"DJI","shapeType":"ADM2"},"type":"Polygon","arcs":[[-310,304]],"id":"feature_126"},{"properties":{"shapeName":"Dikhil","shapeISO":"None","shapeID":"DJI-ADM2-3_0_0-B9","shapeGroup":"DJI","shapeType":"ADM2"},"type":"Polygon","arcs":[[-308,305]],"id":"feature_127"},{"properties":{"shapeName":"Ali Sabieh","shapeISO":"None","shapeID":"DJI-ADM2-3_0_0-B10","shapeGroup":"DJI","shapeType":"ADM2"},"type":"Polygon","arcs":[[306,307,308,309]],"id":"feature_128"},{"properties":{"shapeName":"As Eyla","shapeISO":"None","shapeID":"DJI-ADM2-3_0_0-B11","shapeGroup":"DJI","shapeType":"ADM2"},"type":"Polygon","arcs":[[310,311]],"id":"feature_129"},{"properties":{"shapeName":"Tesseney","shapeISO":"None","shapeID":"ERI-ADM2-3_0_0-B1","shapeGroup":"ERI","shapeType":"ADM2"},"type":"Polygon","arcs":[[-934,312]],"id":"feature_130"},{"properties":{"shapeName":"Asseb","shapeISO":"None","shapeID":"ERI-ADM2-3_0_0-B2","shapeGroup":"ERI","shapeType":"ADM2"},"type":"MultiPolygon","arcs":[[[313]],[[314]],[[315]],[[316]],[[317]],[[-610,318]]],"id":"feature_131"},{"properties":{"shapeName":"Araeta","shapeISO":"None","shapeID":"ERI-ADM2-3_0_0-B3","shapeGroup":"ERI","shapeType":"ADM2"},"type":"MultiPolygon","arcs":[[[319]],[[320]],[[321]],[[322]],[[323]],[[324]],[[325]],[[326]],[[327]],[[328]],[[329]],[[330]],[[331]],[[332]],[[333]],[[334]],[[335]],[[336]],[[337]],[[338]],[[339]],[[340]],[[341]],[[342]],[[343]],[[344]],[[345]],[[-624,346,-626,347]]],"id":"feature_132"},{"properties":{"shapeName":"Dahlak","shapeISO":"None","shapeID":"ERI-ADM2-3_0_0-B4","shapeGroup":"ERI","shapeType":"ADM2"},"type":"MultiPolygon","arcs":[[[348]],[[349]],[[350]],[[351]],[[352]],[[353]],[[354]],[[355]],[[356]],[[357]],[[358]],[[359]],[[360]],[[361]],[[362]],[[363]],[[364]],[[365]],[[366]],[[367]],[[368]],[[369]],[[370]],[[371]],[[372]],[[373]],[[374]],[[375]],[[376]],[[377]],[[378]],[[379]],[[380]],[[381]],[[382]],[[383]],[[384]],[[385]],[[386]],[[387]],[[388]],[[389]],[[390]],[[391]],[[392]],[[393]],[[394]],[[395]],[[396]],[[397]],[[398]],[[399]],[[400]],[[401]],[[402]],[[403]],[[404]],[[405]],[[406]],[[407]],[[408]],[[409]],[[410]],[[411]],[[412]],[[413]],[[414]],[[415]],[[416]],[[417]],[[418]],[[419]],[[420]],[[421]],[[422]],[[423]],[[424]],[[425]],[[426]],[[427]],[[428]],[[429]],[[430]],[[431]],[[432]],[[433]],[[434]],[[435]],[[436]],[[437]],[[438]],[[439]],[[440]],[[441]],[[442]],[[443]],[[444]],[[445]],[[446]],[[447]],[[448]],[[449]],[[450]],[[451]],[[452]],[[453]],[[454]],[[455]],[[456]],[[457]],[[458]],[[459]],[[460]],[[461]],[[462]],[[463]],[[464]],[[465]],[[466]],[[467]],[[468]],[[469]],[[470]],[[471]],[[472]],[[473]],[[474]],[[475]],[[476]],[[477]],[[478]],[[479]],[[480]],[[481]],[[482]],[[483]],[[484]],[[485]],[[486]],[[487]],[[488]],[[489]],[[490]],[[491]],[[492]],[[493]],[[494]],[[495]],[[496]],[[497]],[[498]],[[499]],[[500]],[[501]],[[502]],[[503]],[[504]],[[505]],[[506]],[[507]],[[508]],[[509]],[[510]],[[511]],[[512]],[[513]],[[514]],[[515]],[[516]],[[517]],[[518]],[[519]],[[520]],[[521]],[[522]],[[523]],[[524]],[[525]],[[526]],[[527]],[[528]],[[529]],[[530]],[[531]],[[532]],[[533]],[[534]],[[535]],[[536]],[[537]],[[538]],[[539]],[[540]],[[541]],[[542]],[[543]],[[544]],[[545]]],"id":"feature_133"},{"properties":{"shapeName":"Debub Deb.Keih Bahri","shapeISO":"None","shapeID":"ERI-ADM2-3_0_0-B5","shapeGroup":"ERI","shapeType":"ADM2"},"type":"MultiPolygon","arcs":[[[546]],[[547]],[[548]],[[549]],[[550]],[[551]],[[552]],[[553]],[[554]],[[555]],[[556]],[[557]],[[558]],[[559]],[[560]],[[561]],[[562]],[[563]],[[564]],[[565]],[[566]],[[567]],[[568]],[[569]],[[570]],[[571]],[[572]],[[573]],[[574]],[[575]],[[576]],[[577]],[[578]],[[579]],[[580]],[[581]],[[582]],[[583]],[[584]],[[585]],[[586]],[[587]],[[588]],[[589]],[[590]],[[591]],[[592]],[[593]],[[594]],[[595]],[[596]],[[597]],[[598]],[[599]],[[600]],[[601]],[[602]],[[603]],[[604]],[[605]],[[606]],[[607]],[[608]],[[609,610,-622,611],[612]]],"id":"feature_134"},{"properties":{"shapeName":"Maekel Deb.Keih Bahri","shapeISO":"None","shapeID":"ERI-ADM2-3_0_0-B6","shapeGroup":"ERI","shapeType":"ADM2"},"type":"MultiPolygon","arcs":[[[613]],[[614]],[[615]],[[616]],[[617]],[[618]],[[619]],[[620]],[[621,622,623,624]]],"id":"feature_135"},{"properties":{"shapeName":"Ghelaelo","shapeISO":"None","shapeID":"ERI-ADM2-3_0_0-B7","shapeGroup":"ERI","shapeType":"ADM2"},"type":"MultiPolygon","arcs":[[[625,626,-906,-693,627],[628]],[[629]],[[630]],[[631]],[[632]],[[633]],[[634]],[[635]],[[636]],[[637]],[[638]],[[639]],[[640]],[[641]],[[642]],[[643]],[[644]],[[645]],[[646]],[[647]],[[648]],[[649]],[[650]],[[651]],[[652]],[[653]],[[654]],[[655]],[[656]],[[657]],[[658]],[[659]],[[660]],[[661]],[[662]],[[663]],[[664]],[[665]],[[666]],[[667]],[[668]],[[669]],[[670]],[[671]],[[672]],[[673]],[[674]],[[675]],[[676]],[[677]],[[678]],[[679]],[[680]],[[681]],[[682]],[[683]],[[684]],[[685]],[[686]],[[687]],[[688]],[[689]],[[690]],[[691]]],"id":"feature_136"},{"properties":{"shapeName":"Foro","shapeISO":"None","shapeID":"ERI-ADM2-3_0_0-B8","shapeGroup":"ERI","shapeType":"ADM2"},"type":"Polygon","arcs":[[692,-912,693,-870,694,-875,695,-844,696],[697],[698]],"id":"feature_137"},{"properties":{"shapeName":"May Aini","shapeISO":"None","shapeID":"ERI-ADM2-3_0_0-B9","shapeGroup":"ERI","shapeType":"ADM2"},"type":"Polygon","arcs":[[-903,699]],"id":"feature_138"},{"properties":{"shapeName":"Adi Quala","shapeISO":"None","shapeID":"ERI-ADM2-3_0_0-B10","shapeGroup":"ERI","shapeType":"ADM2"},"type":"Polygon","arcs":[[-703,700]],"id":"feature_139"},{"properties":{"shapeName":"Emni Haili","shapeISO":"None","shapeID":"ERI-ADM2-3_0_0-B11","shapeGroup":"ERI","shapeType":"ADM2"},"type":"Polygon","arcs":[[701,702,703,-709,704,-881,705,-707]],"id":"feature_140"},{"properties":{"shapeName":"Mendefera","shapeISO":"None","shapeID":"ERI-ADM2-3_0_0-B12","shapeGroup":"ERI","shapeType":"ADM2"},"type":"Polygon","arcs":[[706,707]],"id":"feature_141"},{"properties":{"shapeName":"Maimine","shapeISO":"None","shapeID":"ERI-ADM2-3_0_0-B13","shapeGroup":"ERI","shapeType":"ADM2"},"type":"Polygon","arcs":[[708,709]],"id":"feature_142"},{"properties":{"shapeName":"Shambuko","shapeISO":"None","shapeID":"ERI-ADM2-3_0_0-B14","shapeGroup":"ERI","shapeType":"ADM2"},"type":"Polygon","arcs":[[-890,710,-898,711]],"id":"feature_143"},{"properties":{"shapeName":"Akurdet","shapeISO":"None","shapeID":"ERI-ADM2-3_0_0-B15","shapeGroup":"ERI","shapeType":"ADM2"},"type":"Polygon","arcs":[[712,-821,713,-727]],"id":"feature_144"},{"properties":{"shapeName":"Haykota","shapeISO":"None","shapeID":"ERI-ADM2-3_0_0-B16","shapeGroup":"ERI","shapeType":"ADM2"},"type":"Polygon","arcs":[[-931,714,-720,715,-724,716]],"id":"feature_145"},{"properties":{"shapeName":"Forto","shapeISO":"None","shapeID":"ERI-ADM2-3_0_0-B17","shapeGroup":"ERI","shapeType":"ADM2"},"type":"Polygon","arcs":[[-741,717,-729,718,719,720]],"id":"feature_146"},{"properties":{"shapeName":"Gogne","shapeISO":"None","shapeID":"ERI-ADM2-3_0_0-B18","shapeGroup":"ERI","shapeType":"ADM2"},"type":"Polygon","arcs":[[-939,721,-937,722,723,724]],"id":"feature_147"},{"properties":{"shapeName":"Dige","shapeISO":"None","shapeID":"ERI-ADM2-3_0_0-B19","shapeGroup":"ERI","shapeType":"ADM2"},"type":"Polygon","arcs":[[-823,725,726,727,728,729,-739,730]],"id":"feature_148"},{"properties":{"shapeName":"Sela","shapeISO":"None","shapeID":"ERI-ADM2-3_0_0-B20","shapeGroup":"ERI","shapeType":"ADM2"},"type":"Polygon","arcs":[[-774,731,-772,732,-813,733,-811,734,-742,735]],"id":"feature_149"},{"properties":{"shapeName":"Kerkebet","shapeISO":"None","shapeID":"ERI-ADM2-3_0_0-B21","shapeGroup":"ERI","shapeType":"ADM2"},"type":"Polygon","arcs":[[-809,736,-807,737,738,739,740,741,742]],"id":"feature_150"},{"properties":{"shapeName":"Halhal","shapeISO":"None","shapeID":"ERI-ADM2-3_0_0-B22","shapeGroup":"ERI","shapeType":"ADM2"},"type":"Polygon","arcs":[[-927,743,-752,744,-805,745]],"id":"feature_151"},{"properties":{"shapeName":"Hagaz","shapeISO":"None","shapeID":"ERI-ADM2-3_0_0-B23","shapeGroup":"ERI","shapeType":"ADM2"},"type":"Polygon","arcs":[[746,-754,747,-759,748,-817,749,-815,750,751]],"id":"feature_152"},{"properties":{"shapeName":"Keren","shapeISO":"None","shapeID":"ERI-ADM2-3_0_0-B24","shapeGroup":"ERI","shapeType":"ADM2"},"type":"Polygon","arcs":[[752,753,754,-925]],"id":"feature_153"},{"properties":{"shapeName":"Elabered","shapeISO":"None","shapeID":"ERI-ADM2-3_0_0-B25","shapeGroup":"ERI","shapeType":"ADM2"},"type":"Polygon","arcs":[[755,-913,756,-835,757,-827,758,759,-923]],"id":"feature_154"},{"properties":{"shapeName":"Karura","shapeISO":"None","shapeID":"ERI-ADM2-3_0_0-B26","shapeGroup":"ERI","shapeType":"ADM2"},"type":"MultiPolygon","arcs":[[[760]],[[761]],[[762]],[[763]],[[764]],[[765]],[[766]],[[-769,767]]],"id":"feature_155"},{"properties":{"shapeName":"Adobha","shapeISO":"None","shapeID":"ERI-ADM2-3_0_0-B27","shapeGroup":"ERI","shapeType":"ADM2"},"type":"Polygon","arcs":[[768,769,-778,770,771,772,773,774]],"id":"feature_156"},{"properties":{"shapeName":"Nakfa","shapeISO":"None","shapeID":"ERI-ADM2-3_0_0-B28","shapeGroup":"ERI","shapeType":"ADM2"},"type":"Polygon","arcs":[[-801,775,-784,776,777,778]],"id":"feature_157"},{"properties":{"shapeName":"Habero","shapeISO":"None","shapeID":"ERI-ADM2-3_0_0-B29","shapeGroup":"ERI","shapeType":"ADM2"},"type":"Polygon","arcs":[[-799,779,-797,780,-929,781,-803,782,783,784]],"id":"feature_158"},{"properties":{"shapeName":"Afabet","shapeISO":"None","shapeID":"ERI-ADM2-3_0_0-B30","shapeGroup":"ERI","shapeType":"ADM2"},"type":"MultiPolygon","arcs":[[[785]],[[786]],[[787]],[[788]],[[789]],[[790]],[[791]],[[792]],[[793]],[[-832,794,-916,795,796,797,798,799,800,801]]],"id":"feature_159"},{"properties":{"shapeName":"Asmat","shapeISO":"None","shapeID":"ERI-ADM2-3_0_0-B31","shapeGroup":"ERI","shapeType":"ADM2"},"type":"Polygon","arcs":[[802,803,804,805,806,807,808,809,810,811,812,813]],"id":"feature_160"},{"properties":{"shapeName":"Mensura","shapeISO":"None","shapeID":"ERI-ADM2-3_0_0-B32","shapeGroup":"ERI","shapeType":"ADM2"},"type":"Polygon","arcs":[[814,815,816,817,-825,-892,818,-894,819,820,821,822,823]],"id":"feature_161"},{"properties":{"shapeName":"Logo Anseba","shapeISO":"None","shapeID":"ERI-ADM2-3_0_0-B33","shapeGroup":"ERI","shapeType":"ADM2"},"type":"Polygon","arcs":[[-884,824,825,826,827]],"id":"feature_162"},{"properties":{"shapeName":"Shieb","shapeISO":"None","shapeID":"ERI-ADM2-3_0_0-B34","shapeGroup":"ERI","shapeType":"ADM2"},"type":"Polygon","arcs":[[828,-847,829,-918,830,831]],"id":"feature_163"},{"properties":{"shapeName":"Adi Tekeliezan","shapeISO":"None","shapeID":"ERI-ADM2-3_0_0-B35","shapeGroup":"ERI","shapeType":"ADM2"},"type":"Polygon","arcs":[[-863,832,-861,833,834,835]],"id":"feature_164"},{"properties":{"shapeName":"Dekemhare","shapeISO":"None","shapeID":"ERI-ADM2-3_0_0-B36","shapeGroup":"ERI","shapeType":"ADM2"},"type":"Polygon","arcs":[[-879,836,-840,837,-853,838]],"id":"feature_165"},{"properties":{"shapeName":"Dbarwa","shapeISO":"None","shapeID":"ERI-ADM2-3_0_0-B37","shapeGroup":"ERI","shapeType":"ADM2"},"type":"Polygon","arcs":[[839,840,-886,841]],"id":"feature_166"},{"properties":{"shapeName":"Berik","shapeISO":"None","shapeID":"ERI-ADM2-3_0_0-B38","shapeGroup":"ERI","shapeType":"ADM2"},"type":"Polygon","arcs":[[842,-859]],"id":"feature_167"},{"properties":{"shapeName":"Ghinda","shapeISO":"None","shapeID":"ERI-ADM2-3_0_0-B39","shapeGroup":"ERI","shapeType":"ADM2"},"type":"Polygon","arcs":[[843,844,-857,845,846,847]],"id":"feature_168"},{"properties":{"shapeName":"Semienawi Mierab","shapeISO":"None","shapeID":"ERI-ADM2-3_0_0-B40","shapeGroup":"ERI","shapeType":"ADM2"},"type":"Polygon","arcs":[[-852,848]],"id":"feature_169"},{"properties":{"shapeName":"Semienawi Mibrak","shapeISO":"None","shapeID":"ERI-ADM2-3_0_0-B41","shapeGroup":"ERI","shapeType":"ADM2"},"type":"Polygon","arcs":[[849]],"id":"feature_170"},{"properties":{"shapeName":"Debubawi Mierab","shapeISO":"None","shapeID":"ERI-ADM2-3_0_0-B42","shapeGroup":"ERI","shapeType":"ADM2"},"type":"Polygon","arcs":[[850,851]],"id":"feature_171"},{"properties":{"shapeName":"Galanefhi","shapeISO":"None","shapeID":"ERI-ADM2-3_0_0-B43","shapeGroup":"ERI","shapeType":"ADM2"},"type":"Polygon","arcs":[[852,853]],"id":"feature_172"},{"properties":{"shapeName":"Debubawi Mibrak","shapeISO":"None","shapeID":"ERI-ADM2-3_0_0-B44","shapeGroup":"ERI","shapeType":"ADM2"},"type":"Polygon","arcs":[[854]],"id":"feature_173"},{"properties":{"shapeName":"Serejeka","shapeISO":"None","shapeID":"ERI-ADM2-3_0_0-B45","shapeGroup":"ERI","shapeType":"ADM2"},"type":"Polygon","arcs":[[855,856,857,858,859,860,861,862]],"id":"feature_174"},{"properties":{"shapeName":"Massawa","shapeISO":"None","shapeID":"ERI-ADM2-3_0_0-B46","shapeGroup":"ERI","shapeType":"ADM2"},"type":"MultiPolygon","arcs":[[[863]],[[864]],[[865],[866],[867],[868]]],"id":"feature_175"},{"properties":{"shapeName":"Adi Keyh","shapeISO":"None","shapeID":"ERI-ADM2-3_0_0-B47","shapeGroup":"ERI","shapeType":"ADM2"},"type":"Polygon","arcs":[[869,870,-910,871,-905,872,-877,873]],"id":"feature_176"},{"properties":{"shapeName":"Segeneity","shapeISO":"None","shapeID":"ERI-ADM2-3_0_0-B48","shapeGroup":"ERI","shapeType":"ADM2"},"type":"Polygon","arcs":[[874,875,876,877,878,879]],"id":"feature_177"},{"properties":{"shapeName":"Areza","shapeISO":"None","shapeID":"ERI-ADM2-3_0_0-B49","shapeGroup":"ERI","shapeType":"ADM2"},"type":"Polygon","arcs":[[880,881,-888,882]],"id":"feature_178"},{"properties":{"shapeName":"Molqi","shapeISO":"None","shapeID":"ERI-ADM2-3_0_0-B50","shapeGroup":"ERI","shapeType":"ADM2"},"type":"Polygon","arcs":[[883,884,885,886,887,888,889,890,891]],"id":"feature_179"},{"properties":{"shapeName":"Mogolo","shapeISO":"None","shapeID":"ERI-ADM2-3_0_0-B51","shapeGroup":"ERI","shapeType":"ADM2"},"type":"Polygon","arcs":[[892,893,894,-900,895]],"id":"feature_180"},{"properties":{"shapeName":"Barentu","shapeISO":"None","shapeID":"ERI-ADM2-3_0_0-B52","shapeGroup":"ERI","shapeType":"ADM2"},"type":"Polygon","arcs":[[896,897,898,899]],"id":"feature_181"},{"properties":{"shapeName":"Tsorona","shapeISO":"None","shapeID":"ERI-ADM2-3_0_0-B53","shapeGroup":"ERI","shapeType":"ADM2"},"type":"Polygon","arcs":[[900,-908,901,902,903,904]],"id":"feature_182"},{"properties":{"shapeName":"Senafe","shapeISO":"None","shapeID":"ERI-ADM2-3_0_0-B54","shapeGroup":"ERI","shapeType":"ADM2"},"type":"Polygon","arcs":[[905,906,907,908,909,910,911]],"id":"feature_183"},{"properties":{"shapeName":"Gheleb","shapeISO":"None","shapeID":"ERI-ADM2-3_0_0-B55","shapeGroup":"ERI","shapeType":"ADM2"},"type":"Polygon","arcs":[[912,913,-921,914,915,916,917,918]],"id":"feature_184"},{"properties":{"shapeName":"Hamelmalo","shapeISO":"None","shapeID":"ERI-ADM2-3_0_0-B56","shapeGroup":"ERI","shapeType":"ADM2"},"type":"Polygon","arcs":[[919,920,921,922,923,924,925,926,927,928]],"id":"feature_185"},{"properties":{"shapeName":"Omhajer","shapeISO":"None","shapeID":"ERI-ADM2-3_0_0-B57","shapeGroup":"ERI","shapeType":"ADM2"},"type":"Polygon","arcs":[[929,930,931,-935,932,933]],"id":"feature_186"},{"properties":{"shapeName":"Lalay Gash","shapeISO":"None","shapeID":"ERI-ADM2-3_0_0-B58","shapeGroup":"ERI","shapeType":"ADM2"},"type":"Polygon","arcs":[[934,935,936,937,938,939]],"id":"feature_187"},{"properties":{"shapeName":"Afder","shapeISO":"None","shapeID":"ETH-ADM2-3_0_0-B1","shapeGroup":"ETH","shapeType":"ADM2"},"type":"Polygon","arcs":[[940,-1425,941,-1423,942,-1421,943,-1251,944,-1258,945,-986,946,-984]],"id":"feature_188"},{"properties":{"shapeName":"Agnuak","shapeISO":"None","shapeID":"ETH-ADM2-3_0_0-B2","shapeGroup":"ETH","shapeType":"ADM2"},"type":"Polygon","arcs":[[947,-1158,948,-1156,-1262,949,-1001,950,-1380,951,-1378,952,-1207]],"id":"feature_189"},{"properties":{"shapeName":"Alaba","shapeISO":"None","shapeID":"ETH-ADM2-3_0_0-B3","shapeGroup":"ETH","shapeType":"ADM2"},"type":"Polygon","arcs":[[953,-1581,954,-1246,955,-1411]],"id":"feature_190"},{"properties":{"shapeName":"Arsi","shapeISO":"None","shapeID":"ETH-ADM2-3_0_0-B4","shapeGroup":"ETH","shapeType":"ADM2"},"type":"Polygon","arcs":[[-1610,956,-992,957,-1585,958,-1063,959,-1061,960,-1612,961]],"id":"feature_191"},{"properties":{"shapeName":"Asosa","shapeISO":"None","shapeID":"ETH-ADM2-3_0_0-B5","shapeGroup":"ETH","shapeType":"ADM2"},"type":"Polygon","arcs":[[-1227,962,-1225,963,-1659,964,-1657,965,-1209,966]],"id":"feature_192"},{"properties":{"shapeName":"Awi/Agew","shapeISO":"None","shapeID":"ETH-ADM2-3_0_0-B6","shapeGroup":"ETH","shapeType":"ADM2"},"type":"Polygon","arcs":[[967,-1309,968,-1600,969,-1598,970,-1596,971,-1594,972,-1276,973,-1274,974,-1272,975,-1270,976,-1268,977,-1266,978,-1311]],"id":"feature_193"},{"properties":{"shapeName":"Bale","shapeISO":"None","shapeID":"ETH-ADM2-3_0_0-B7","shapeGroup":"ETH","shapeType":"ADM2"},"type":"Polygon","arcs":[[-1047,979,-1045,980,-1291,981,-1427,982,983,984,985,986,-1256,987,-1116,988,-1573,989,-1571,990,991,992]],"id":"feature_194"},{"properties":{"shapeName":"Basketo","shapeISO":"None","shapeID":"ETH-ADM2-3_0_0-B8","shapeGroup":"ETH","shapeType":"ADM2"},"type":"Polygon","arcs":[[-1487,993,-1103,994]],"id":"feature_195"},{"properties":{"shapeName":"Bench Maji","shapeISO":"None","shapeID":"ETH-ADM2-3_0_0-B9","shapeGroup":"ETH","shapeType":"ADM2"},"type":"Polygon","arcs":[[995,-1436,996,-1199,997,-1197,998,-1500,999,1000,1001,-1260]],"id":"feature_196"},{"properties":{"shapeName":"Borena","shapeISO":"None","shapeID":"ETH-ADM2-3_0_0-B10","shapeGroup":"ETH","shapeType":"ADM2"},"type":"Polygon","arcs":[[-1456,1002,-1454,1003,-1113,1004,-1111,1005,-1109,1006,-1118,1007,-1253,1008,-1498,1009,-1400,1010,-1096,1011]],"id":"feature_197"},{"properties":{"shapeName":"Central","shapeISO":"None","shapeID":"ETH-ADM2-3_0_0-B11","shapeGroup":"ETH","shapeType":"ADM2"},"type":"Polygon","arcs":[[-1081,1012,-1079,1013,-1549,1014,-1556,1015,1016,-1366,1017,-1364,1018]],"id":"feature_198"},{"properties":{"shapeName":"Dawro","shapeISO":"None","shapeID":"ETH-ADM2-3_0_0-B12","shapeGroup":"ETH","shapeType":"ADM2"},"type":"Polygon","arcs":[[-1676,1019,-1093,1020,-1091,1021,-1105,1022,-1230,1023,-1181,1024]],"id":"feature_199"},{"properties":{"shapeName":"Dire Dawa","shapeISO":"None","shapeID":"ETH-ADM2-3_0_0-B13","shapeGroup":"ETH","shapeType":"ADM2"},"type":"Polygon","arcs":[[-1055,1025,-1053,1026,-1462,1027]],"id":"feature_200"},{"properties":{"shapeName":"Doolo","shapeISO":"None","shapeID":"ETH-ADM2-3_0_0-B14","shapeGroup":"ETH","shapeType":"ADM2"},"type":"Polygon","arcs":[[1028,-1238,1029,-1167,1030,-1165]],"id":"feature_201"},{"properties":{"shapeName":"East Gojam","shapeISO":"None","shapeID":"ETH-ADM2-3_0_0-B15","shapeGroup":"ETH","shapeType":"ADM2"},"type":"Polygon","arcs":[[1031,-1477,1032,-1535,1033,-1354,1034,-1642,1035,-1144,1036,-1142,1037,-1588]],"id":"feature_202"},{"properties":{"shapeName":"East Harerge","shapeISO":"None","shapeID":"ETH-ADM2-3_0_0-B16","shapeGroup":"ETH","shapeType":"ADM2"},"type":"Polygon","arcs":[[1038,-1087,1039,-1085,1040,-1173,1041,-1295,1042,-1293,1043,1044,1045,1046,1047,-1608,1048,-1606,1049,-1604,1050,-1464,1051,1052,1053,1054,1055,1056,-1089],[1057,-1139]],"id":"feature_203"},{"properties":{"shapeName":"East Shewa","shapeISO":"None","shapeID":"ETH-ADM2-3_0_0-B17","shapeGroup":"ETH","shapeType":"ADM2"},"type":"Polygon","arcs":[[1058,-1702,1059,1060,1061,1062,1063,-1583,1064,-1409,1065,-1124,1066,-1508,1067,-1397,1068,-1347,1069,-1345,-1323]],"id":"feature_204"},{"properties":{"shapeName":"East Wellega","shapeISO":"None","shapeID":"ETH-ADM2-3_0_0-B18","shapeGroup":"ETH","shapeType":"ADM2"},"type":"Polygon","arcs":[[-1147,1070,-1636,-1189,1071,-1150,1072,-1214,1073,-1221,1074,-1219,1075]],"id":"feature_205"},{"properties":{"shapeName":"Eastern\n","shapeISO":"None","shapeID":"ETH-ADM2-3_0_0-B19","shapeGroup":"ETH","shapeType":"ADM2"},"type":"Polygon","arcs":[[-1695,1076,-1540,1077,1078,1079,1080,1081]],"id":"feature_206"},{"properties":{"shapeName":"Fafan","shapeISO":"None","shapeID":"ETH-ADM2-3_0_0-B20","shapeGroup":"ETH","shapeType":"ADM2"},"type":"Polygon","arcs":[[-1177,1082,-1175,1083,1084,1085,1086,1087,1088,-1460,1089]],"id":"feature_207"},{"properties":{"shapeName":"Gamo Gofa","shapeISO":"None","shapeID":"ETH-ADM2-3_0_0-B21","shapeGroup":"ETH","shapeType":"ADM2"},"type":"Polygon","arcs":[[1090,1091,1092,1093,-1674,1094,1095,1096,-1406,1097,-1404,1098,-1492,1099,-1490,1100,-1488,1101,1102,1103,1104,1105]],"id":"feature_208"},{"properties":{"shapeName":"Gedio","shapeISO":"None","shapeID":"ETH-ADM2-3_0_0-B22","shapeGroup":"ETH","shapeType":"ADM2"},"type":"Polygon","arcs":[[1106,-1120,1107,1108,1109,1110,1111,1112]],"id":"feature_209"},{"properties":{"shapeName":"Guji","shapeISO":"None","shapeID":"ETH-ADM2-3_0_0-B23","shapeGroup":"ETH","shapeType":"ADM2"},"type":"Polygon","arcs":[[-1449,1113,-1447,1114,1115,1116,1117,1118,1119,1120,-1451,1121]],"id":"feature_210"},{"properties":{"shapeName":"Gurage","shapeISO":"None","shapeID":"ETH-ADM2-3_0_0-B24","shapeGroup":"ETH","shapeType":"ADM2"},"type":"Polygon","arcs":[[1122,1123,1124,-1414,-1134,1125,-1138,1126,-1516,1127,-1514,1128,-1512,1129,-1510]],"id":"feature_211"},{"properties":{"shapeName":"Hadiya","shapeISO":"None","shapeID":"ETH-ADM2-3_0_0-B25","shapeGroup":"ETH","shapeType":"ADM2"},"type":"MultiPolygon","arcs":[[[-1670,1130,-1247,1131]],[[1132,1133,-1413,1134,-1249,1135,-1179,-1679,1136,1137]]],"id":"feature_212"},{"properties":{"shapeName":"Hareri","shapeISO":"None","shapeID":"ETH-ADM2-3_0_0-B26","shapeGroup":"ETH","shapeType":"ADM2"},"type":"Polygon","arcs":[[1138,1139]],"id":"feature_213"},{"properties":{"shapeName":"Horo Guduru","shapeISO":"None","shapeID":"ETH-ADM2-3_0_0-B27","shapeGroup":"ETH","shapeType":"ADM2"},"type":"Polygon","arcs":[[-1590,1140,1141,1142,1143,1144,-1640,1145,-1638,1146,1147]],"id":"feature_214"},{"properties":{"shapeName":"Ilubabor","shapeISO":"None","shapeID":"ETH-ADM2-3_0_0-B28","shapeGroup":"ETH","shapeType":"ADM2"},"type":"Polygon","arcs":[[1148,1149,1150,-1187,1151,-1185,1152,-1444,1153,-1442,1154,-1263,1155,1156,1157,1158,-1205,1159,-1203,1160,-1650,1161,-1648,1162,-1222]],"id":"feature_215"},{"properties":{"shapeName":"Jarar","shapeISO":"None","shapeID":"ETH-ADM2-3_0_0-B29","shapeGroup":"ETH","shapeType":"ADM2"},"type":"Polygon","arcs":[[1163,1164,1165,1166,1167,-1243,1168,-1431,1169,-1288,1170,-1286,1171,1172,1173,1174,1175,1176]],"id":"feature_216"},{"properties":{"shapeName":"Jimma","shapeISO":"None","shapeID":"ETH-ADM2-3_0_0-B30","shapeGroup":"ETH","shapeType":"ADM2"},"type":"Polygon","arcs":[[-1633,1177,-1680,1178,1179,1180,1181,-1237,1182,-1191,1183,1184,1185,1186,1187,1188,-1635,1189]],"id":"feature_217"},{"properties":{"shapeName":"Keffa","shapeISO":"None","shapeID":"ETH-ADM2-3_0_0-B31","shapeGroup":"ETH","shapeType":"ADM2"},"type":"Polygon","arcs":[[1190,1191,-1235,1192,-1233,1193,-1504,1194,-1502,1195,1196,1197,1198,1199,-1434,1200]],"id":"feature_218"},{"properties":{"shapeName":"Kelem Wellega","shapeISO":"None","shapeID":"ETH-ADM2-3_0_0-B32","shapeGroup":"ETH","shapeType":"ADM2"},"type":"Polygon","arcs":[[-1651,1201,1202,1203,1204,1205,1206,1207,1208,1209,-1655,1210,-1653,1211]],"id":"feature_219"},{"properties":{"shapeName":"Kemashi","shapeISO":"None","shapeID":"ETH-ADM2-3_0_0-B33","shapeGroup":"ETH","shapeType":"ADM2"},"type":"MultiPolygon","arcs":[[[1212,1213]],[[1214,-1280,1215,-1278,1216,-1592,1217,1218,1219,1220,1221,1222,-1646,1223,1224,1225,1226,1227,-1282]]],"id":"feature_220"},{"properties":{"shapeName":"Konta","shapeISO":"None","shapeID":"ETH-ADM2-3_0_0-B34","shapeGroup":"ETH","shapeType":"ADM2"},"type":"Polygon","arcs":[[1228,1229,1230,1231,1232,1233,1234,1235,1236]],"id":"feature_221"},{"properties":{"shapeName":"Korahe","shapeISO":"None","shapeID":"ETH-ADM2-3_0_0-B35","shapeGroup":"ETH","shapeType":"ADM2"},"type":"Polygon","arcs":[[1237,1238,-1419,1239,-1417,1240,-1415,1241,1242,1243]],"id":"feature_222"},{"properties":{"shapeName":"KT","shapeISO":"None","shapeID":"ETH-ADM2-3_0_0-B36","shapeGroup":"ETH","shapeType":"ADM2"},"type":"Polygon","arcs":[[1244,1245,1246,1247,1248]],"id":"feature_223"},{"properties":{"shapeName":"Liben","shapeISO":"None","shapeID":"ETH-ADM2-3_0_0-B37","shapeGroup":"ETH","shapeType":"ADM2"},"type":"Polygon","arcs":[[1249,1250,1251,1252,1253,1254,1255,1256,1257]],"id":"feature_224"},{"properties":{"shapeName":"Majang","shapeISO":"None","shapeID":"ETH-ADM2-3_0_0-B38","shapeGroup":"ETH","shapeType":"ADM2"},"type":"Polygon","arcs":[[-1438,1258,1259,1260,1261,1262,1263,-1440,1264]],"id":"feature_225"},{"properties":{"shapeName":"Metekel","shapeISO":"None","shapeID":"ETH-ADM2-3_0_0-B39","shapeGroup":"ETH","shapeType":"ADM2"},"type":"Polygon","arcs":[[1265,1266,1267,1268,1269,1270,1271,1272,1273,1274,1275,1276,1277,1278,1279,1280,1281,1282,-1315,1283,-1313,1284]],"id":"feature_226"},{"properties":{"shapeName":"Nogob","shapeISO":"None","shapeID":"ETH-ADM2-3_0_0-B40","shapeGroup":"ETH","shapeType":"ADM2"},"type":"Polygon","arcs":[[1285,1286,1287,1288,-1429,1289,1290,1291,1292,1293,1294,1295]],"id":"feature_227"},{"properties":{"shapeName":"North Gonder","shapeISO":"None","shapeID":"ETH-ADM2-3_0_0-B41","shapeGroup":"ETH","shapeType":"ADM2"},"type":"Polygon","arcs":[[-1666,1296,-1664,1297,-1662,1298,-1361,1299,-1359,1300,-1357,1301,-1568,1302,-1566,1303,-1484,1304,-1482,1305,-1480,1306,-1602,1307,1308,1309,1310,1311,1312,1313,1314,1315,-1668,1316]],"id":"feature_228"},{"properties":{"shapeName":"North Shewa(R3)","shapeISO":"None","shapeID":"ETH-ADM2-3_0_0-B42","shapeGroup":"ETH","shapeType":"ADM2"},"type":"Polygon","arcs":[[-1387,1317,-1385,1318,-1383,1319,-1725,1320,-1704,1321,1322,1323,-1343,1324,-1341,1325,-1339,1326,-1337,1327,-1335,1328,-1333,1329,-1533,1330,-1531,1331]],"id":"feature_229"},{"properties":{"shapeName":"North Shewa(R4)","shapeISO":"None","shapeID":"ETH-ADM2-3_0_0-B43","shapeGroup":"ETH","shapeType":"ADM2"},"type":"Polygon","arcs":[[1332,1333,1334,1335,1336,1337,1338,1339,1340,1341,1342,1343,1344,1345,1346,1347,-1395,1348,-1625,1349,-1623,1350,-1621,1351,-1619,1352,1353,1354]],"id":"feature_230"},{"properties":{"shapeName":"North Western","shapeISO":"None","shapeID":"ETH-ADM2-3_0_0-B44","shapeGroup":"ETH","shapeType":"ADM2"},"type":"MultiPolygon","arcs":[[[1355,1356,1357,1358]],[[1359]],[[1360,1361,-1660,1362,1363,1364,1365,1366]]],"id":"feature_231"},{"properties":{"shapeName":"North Wollo","shapeISO":"None","shapeID":"ETH-ADM2-3_0_0-B45","shapeGroup":"ETH","shapeType":"ADM2"},"type":"Polygon","arcs":[[-1544,1367,-1713,1368,-1686,1369,-1539,1370,-1474,1371,-1472,1372,-1470,1373,-1562,1374,-1560,1375,-1546,1376]],"id":"feature_232"},{"properties":{"shapeName":"Nuer","shapeISO":"None","shapeID":"ETH-ADM2-3_0_0-B46","shapeGroup":"ETH","shapeType":"ADM2"},"type":"Polygon","arcs":[[1377,1378,1379,1380]],"id":"feature_233"},{"properties":{"shapeName":"Oromia","shapeISO":"None","shapeID":"ETH-ADM2-3_0_0-B47","shapeGroup":"ETH","shapeType":"ADM2"},"type":"Polygon","arcs":[[-1727,1381,1382,1383,1384,1385,1386,1387,-1529,1388,-1527,1389,-1525,-1554,1390,-1552,1391,-1523,1392,-1521,1393]],"id":"feature_234"},{"properties":{"shapeName":"Region 14","shapeISO":"None","shapeID":"ETH-ADM2-3_0_0-B48","shapeGroup":"ETH","shapeType":"ADM2"},"type":"Polygon","arcs":[[1394,1395,1396,1397,-1506,1398]],"id":"feature_235"},{"properties":{"shapeName":"Segen Peoples'","shapeISO":"None","shapeID":"ETH-ADM2-3_0_0-B49","shapeGroup":"ETH","shapeType":"ADM2"},"type":"Polygon","arcs":[[1399,1400,-1496,1401,-1494,1402,1403,1404,1405,1406]],"id":"feature_236"},{"properties":{"shapeName":"Selti","shapeISO":"None","shapeID":"ETH-ADM2-3_0_0-B50","shapeGroup":"ETH","shapeType":"ADM2"},"type":"Polygon","arcs":[[1407,1408,1409,1410,1411,1412,1413]],"id":"feature_237"},{"properties":{"shapeName":"Shabelle","shapeISO":"None","shapeID":"ETH-ADM2-3_0_0-B51","shapeGroup":"ETH","shapeType":"ADM2"},"type":"Polygon","arcs":[[1414,1415,1416,1417,1418,1419,1420,1421,1422,1423,1424,1425,1426,1427,1428,1429,1430,1431]],"id":"feature_238"},{"properties":{"shapeName":"Sheka","shapeISO":"None","shapeID":"ETH-ADM2-3_0_0-B52","shapeGroup":"ETH","shapeType":"ADM2"},"type":"Polygon","arcs":[[1432,1433,1434,1435,1436,1437,1438,1439,1440,1441,1442,1443]],"id":"feature_239"},{"properties":{"shapeName":"Sidama","shapeISO":"None","shapeID":"ETH-ADM2-3_0_0-B53","shapeGroup":"ETH","shapeType":"ADM2"},"type":"Polygon","arcs":[[-1577,1444,-1575,1445,1446,1447,1448,1449,1450,1451,1452,1453,1454,1455,1456,-1672,1457,-1579,1458]],"id":"feature_240"},{"properties":{"shapeName":"Siti","shapeISO":"None","shapeID":"ETH-ADM2-3_0_0-B54","shapeGroup":"ETH","shapeType":"ADM2"},"type":"Polygon","arcs":[[1459,1460,1461,1462,1463,1464,-1617,1465,-1615,1466,-1698,1467,-1681,1468]],"id":"feature_241"},{"properties":{"shapeName":"South Gonder","shapeISO":"None","shapeID":"ETH-ADM2-3_0_0-B55","shapeGroup":"ETH","shapeType":"ADM2"},"type":"Polygon","arcs":[[1469,1470,1471,1472,1473,1474,-1537,1475,1476,1477,-1586,1478,1479,1480,1481,1482,1483,1484,-1564,1485]],"id":"feature_242"},{"properties":{"shapeName":"South Omo","shapeISO":"None","shapeID":"ETH-ADM2-3_0_0-B56","shapeGroup":"ETH","shapeType":"ADM2"},"type":"Polygon","arcs":[[1486,1487,1488,1489,1490,1491,1492,1493,1494,1495,1496,1497,1498,1499,1500,1501,1502,1503,1504]],"id":"feature_243"},{"properties":{"shapeName":"South West Shewa","shapeISO":"None","shapeID":"ETH-ADM2-3_0_0-B57","shapeGroup":"ETH","shapeType":"ADM2"},"type":"Polygon","arcs":[[1505,1506,1507,1508,1509,1510,1511,1512,1513,1514,1515,-1631,1516,-1629,1517,-1627,1518]],"id":"feature_244"},{"properties":{"shapeName":"South Wollo","shapeISO":"None","shapeID":"ETH-ADM2-3_0_0-B58","shapeGroup":"ETH","shapeType":"ADM2"},"type":"Polygon","arcs":[[1519,1520,1521,1522,1523,-1555,1524,1525,1526,1527,1528,1529,1530,1531,1532,1533,1534,1535,1536,1537,1538]],"id":"feature_245"},{"properties":{"shapeName":"Southern","shapeISO":"None","shapeID":"ETH-ADM2-3_0_0-B59","shapeGroup":"ETH","shapeType":"ADM2"},"type":"Polygon","arcs":[[1539,1540,-1693,1541,-1715,1542,1543,1544,1545,1546,-1558,1547,1548,1549]],"id":"feature_246"},{"properties":{"shapeName":"Special Woreda","shapeISO":"None","shapeID":"ETH-ADM2-3_0_0-B60","shapeGroup":"ETH","shapeType":"ADM2"},"type":"Polygon","arcs":[[1550,1551,1552,1553,1554]],"id":"feature_247"},{"properties":{"shapeName":"Wag Himra","shapeISO":"None","shapeID":"ETH-ADM2-3_0_0-B61","shapeGroup":"ETH","shapeType":"ADM2"},"type":"Polygon","arcs":[[1555,1556,1557,1558,1559,1560,1561,1562,1563,1564,1565,1566,1567,1568]],"id":"feature_248"},{"properties":{"shapeName":"West Arsi","shapeISO":"None","shapeID":"ETH-ADM2-3_0_0-B62","shapeGroup":"ETH","shapeType":"ADM2"},"type":"Polygon","arcs":[[1569,1570,1571,1572,1573,1574,1575,1576,1577,1578,1579,1580,1581,1582,1583,1584]],"id":"feature_249"},{"properties":{"shapeName":"West Gojam","shapeISO":"None","shapeID":"ETH-ADM2-3_0_0-B63","shapeGroup":"ETH","shapeType":"ADM2"},"type":"Polygon","arcs":[[1585,1586,1587,1588,1589,1590,1591,1592,1593,1594,1595,1596,1597,1598,1599,1600,1601,1602]],"id":"feature_250"},{"properties":{"shapeName":"West Harerge","shapeISO":"None","shapeID":"ETH-ADM2-3_0_0-B64","shapeGroup":"ETH","shapeType":"ADM2"},"type":"Polygon","arcs":[[1603,1604,1605,1606,1607,1608,1609,1610,1611,1612,-1700,1613,1614,1615,1616,1617]],"id":"feature_251"},{"properties":{"shapeName":"West Shewa","shapeISO":"None","shapeID":"ETH-ADM2-3_0_0-B65","shapeGroup":"ETH","shapeType":"ADM2"},"type":"MultiPolygon","arcs":[[[1618,1619,1620,1621,1622,1623,1624,1625,1626,1627,1628,1629,1630,1631,1632,1633,1634,1635,1636,1637,1638,1639,1640,1641,1642]],[[1643]]],"id":"feature_252"},{"properties":{"shapeName":"West Wellega","shapeISO":"None","shapeID":"ETH-ADM2-3_0_0-B66","shapeGroup":"ETH","shapeType":"ADM2"},"type":"Polygon","arcs":[[1644,1645,1646,1647,1648,1649,1650,1651,1652,1653,1654,1655,1656,1657,1658]],"id":"feature_253"},{"properties":{"shapeName":"Western","shapeISO":"None","shapeID":"ETH-ADM2-3_0_0-B67","shapeGroup":"ETH","shapeType":"ADM2"},"type":"Polygon","arcs":[[1659,1660,1661,1662,1663,1664,1665,1666,1667,1668]],"id":"feature_254"},{"properties":{"shapeName":"Wolayita","shapeISO":"None","shapeID":"ETH-ADM2-3_0_0-B68","shapeGroup":"ETH","shapeType":"ADM2"},"type":"Polygon","arcs":[[1669,1670,1671,1672,1673,1674,1675,1676]],"id":"feature_255"},{"properties":{"shapeName":"Yem","shapeISO":"None","shapeID":"ETH-ADM2-3_0_0-B69","shapeGroup":"ETH","shapeType":"ADM2"},"type":"Polygon","arcs":[[1677,1678,1679]],"id":"feature_256"},{"properties":{"shapeName":"Zone 1","shapeISO":"None","shapeID":"ETH-ADM2-3_0_0-B70","shapeGroup":"ETH","shapeType":"ADM2"},"type":"Polygon","arcs":[[1680,1681,-1710,1682,-1708,1683,-1719,1684,1685,1686,-1711,1687,-1690,1688]],"id":"feature_257"},{"properties":{"shapeName":"Zone 2","shapeISO":"None","shapeID":"ETH-ADM2-3_0_0-B71","shapeGroup":"ETH","shapeType":"ADM2"},"type":"Polygon","arcs":[[1689,1690,-1717,1691,1692,1693,1694,1695]],"id":"feature_258"},{"properties":{"shapeName":"Zone 3","shapeISO":"None","shapeID":"ETH-ADM2-3_0_0-B72","shapeGroup":"ETH","shapeType":"ADM2"},"type":"Polygon","arcs":[[1696,1697,1698,1699,1700,1701,1702,1703,1704,-1723,1705,-1721,1706,1707,1708,1709]],"id":"feature_259"},{"properties":{"shapeName":"Zone 4","shapeISO":"None","shapeID":"ETH-ADM2-3_0_0-B73","shapeGroup":"ETH","shapeType":"ADM2"},"type":"Polygon","arcs":[[1710,1711,1712,1713,1714,1715,1716,1717]],"id":"feature_260"},{"properties":{"shapeName":"Zone 5","shapeISO":"None","shapeID":"ETH-ADM2-3_0_0-B74","shapeGroup":"ETH","shapeType":"ADM2"},"type":"Polygon","arcs":[[1718,1719,1720,1721,1722,1723,1724,1725,1726]],"id":"feature_261"},{"properties":{"shapeName":"BARINGO","shapeISO":"None","shapeID":"KEN-ADM2-3_0_0-B1","shapeGroup":"KEN","shapeType":"ADM2"},"type":"Polygon","arcs":[[-2286,1727,-1878,1728,-1859,1729,-1808,1730,-2022,1731,-2322,1732]],"id":"feature_262"},{"properties":{"shapeName":"BOMET","shapeISO":"None","shapeID":"KEN-ADM2-3_0_0-B2","shapeGroup":"KEN","shapeType":"ADM2"},"type":"Polygon","arcs":[[-2133,1733,-2131,1734,-2141,1735,-1754,1736]],"id":"feature_263"},{"properties":{"shapeName":"BONDO","shapeISO":"None","shapeID":"KEN-ADM2-3_0_0-B3","shapeGroup":"KEN","shapeType":"ADM2"},"type":"MultiPolygon","arcs":[[[1737]],[[1738]],[[1739]],[[1740]],[[1741]],[[1742]],[[1743]],[[-2203,1744]]],"id":"feature_264"},{"properties":{"shapeName":"BUNGOMA","shapeISO":"None","shapeID":"KEN-ADM2-3_0_0-B4","shapeGroup":"KEN","shapeType":"ADM2"},"type":"Polygon","arcs":[[-1956,1745,-1805,1746,-1764,1747,-1759,1748,-2247,1749,-2076,1750]],"id":"feature_265"},{"properties":{"shapeName":"BURET","shapeISO":"None","shapeID":"KEN-ADM2-3_0_0-B5","shapeGroup":"KEN","shapeType":"ADM2"},"type":"Polygon","arcs":[[1751,1752,1753,1754,-2139,1755,-1814]],"id":"feature_266"},{"properties":{"shapeName":"BUSIA","shapeISO":"None","shapeID":"KEN-ADM2-3_0_0-B6","shapeGroup":"KEN","shapeType":"ADM2"},"type":"MultiPolygon","arcs":[[[1756]],[[1757]],[[1758,1759,-1768,1760,-2205,1761,-2249,1762]]],"id":"feature_267"},{"properties":{"shapeName":"BUTERE/MUMIAS","shapeISO":"None","shapeID":"KEN-ADM2-3_0_0-B7","shapeGroup":"KEN","shapeType":"ADM2"},"type":"Polygon","arcs":[[1763,1764,-1803,1765,-2201,1766,1767,1768]],"id":"feature_268"},{"properties":{"shapeName":"CENTRAL KISII","shapeISO":"None","shapeID":"KEN-ADM2-3_0_0-B8","shapeGroup":"KEN","shapeType":"ADM2"},"type":"Polygon","arcs":[[-2144,1769,-2142,1770,-1778,1771,-2186,1772]],"id":"feature_269"},{"properties":{"shapeName":"EMBU","shapeISO":"None","shapeID":"KEN-ADM2-3_0_0-B9","shapeGroup":"KEN","shapeType":"ADM2"},"type":"Polygon","arcs":[[-2041,1773,1774]],"id":"feature_270"},{"properties":{"shapeName":"IJARA","shapeISO":"None","shapeID":"KEN-ADM2-3_0_0-B10","shapeGroup":"KEN","shapeType":"ADM2"},"type":"Polygon","arcs":[[-1952,-2236,1775,-2332,1776]],"id":"feature_271"},{"properties":{"shapeName":"GUCHA","shapeISO":"None","shapeID":"KEN-ADM2-3_0_0-B11","shapeGroup":"KEN","shapeType":"ADM2"},"type":"Polygon","arcs":[[1777,1778]],"id":"feature_272"},{"properties":{"shapeName":"HOMA BAY","shapeISO":"None","shapeID":"KEN-ADM2-3_0_0-B12","shapeGroup":"KEN","shapeType":"ADM2"},"type":"Polygon","arcs":[[-2187,1779,-2064,1780,-2220,1781]],"id":"feature_273"},{"properties":{"shapeName":"ISIOLO","shapeISO":"None","shapeID":"KEN-ADM2-3_0_0-B13","shapeGroup":"KEN","shapeType":"ADM2"},"type":"Polygon","arcs":[[1782,-2312,1783,-2338,1784,-2232,1785,-2245,1786,-2049,1787,-2058,1788,-1870,1789,-2194,1790,-2192,1791,-2190,1792,-2028,1793,-2314]],"id":"feature_274"},{"properties":{"shapeName":"KAJIADO","shapeISO":"None","shapeID":"KEN-ADM2-3_0_0-B14","shapeGroup":"KEN","shapeType":"ADM2"},"type":"Polygon","arcs":[[-1983,1794,-1981,1795,-1979,1796,-2229,1797,-2128,-2110,1798,-1822,1799]],"id":"feature_275"},{"properties":{"shapeName":"KAKAMEGA","shapeISO":"None","shapeID":"KEN-ADM2-3_0_0-B15","shapeGroup":"KEN","shapeType":"ADM2"},"type":"Polygon","arcs":[[-2351,1800,-2306,1801,1802,1803,1804,1805,-1954,1806]],"id":"feature_276"},{"properties":{"shapeName":"KEIYO","shapeISO":"None","shapeID":"KEN-ADM2-3_0_0-B16","shapeGroup":"KEN","shapeType":"ADM2"},"type":"Polygon","arcs":[[1807,1808,-2292,1809]],"id":"feature_277"},{"properties":{"shapeName":"KERICHO","shapeISO":"None","shapeID":"KEN-ADM2-3_0_0-B17","shapeGroup":"KEN","shapeType":"ADM2"},"type":"Polygon","arcs":[[1810,-1856,1811,-2115,1812,1813,1814,-2164,1815,-2162,1816,-2342,1817,-2295]],"id":"feature_278"},{"properties":{"shapeName":"KIAMBU","shapeISO":"None","shapeID":"KEN-ADM2-3_0_0-B18","shapeGroup":"KEN","shapeType":"ADM2"},"type":"Polygon","arcs":[[-2267,1818,-2104,1819,-2102,1820,1821,1822,-2108,1823,-2154,1824]],"id":"feature_279"},{"properties":{"shapeName":"KILIFI","shapeISO":"None","shapeID":"KEN-ADM2-3_0_0-B19","shapeGroup":"KEN","shapeType":"ADM2"},"type":"MultiPolygon","arcs":[[[1825]],[[-2012,1826,-1865,1827,-2014,1828]]],"id":"feature_280"},{"properties":{"shapeName":"KIRINYAGA","shapeISO":"None","shapeID":"KEN-ADM2-3_0_0-B20","shapeGroup":"KEN","shapeType":"ADM2"},"type":"Polygon","arcs":[[-2039,1829,-2079,1830,-2171,1831]],"id":"feature_281"},{"properties":{"shapeName":"KISUMU","shapeISO":"None","shapeID":"KEN-ADM2-3_0_0-B21","shapeGroup":"KEN","shapeType":"ADM2"},"type":"MultiPolygon","arcs":[[[1832]],[[1833]],[[1834]],[[1835]],[[1836]],[[1837]],[[1838]],[[1839]],[[-2168,1840,-2304,1841]]],"id":"feature_282"},{"properties":{"shapeName":"KITUI","shapeISO":"None","shapeID":"KEN-ADM2-3_0_0-B22","shapeGroup":"KEN","shapeType":"ADM2"},"type":"Polygon","arcs":[[1842,-2087,1843,-2241,1844,-2239,1845,-2225,1846,-1976,1847,-1962,1848,-1960,1849,-2089]],"id":"feature_283"},{"properties":{"shapeName":"KOIBATEK","shapeISO":"None","shapeID":"KEN-ADM2-3_0_0-B23","shapeGroup":"KEN","shapeType":"ADM2"},"type":"Polygon","arcs":[[1850,-2123,1851,-2121,1852,-2119,1853,-2117,1854,1855,1856,-2293,1857,1858]],"id":"feature_284"},{"properties":{"shapeName":"KURIA","shapeISO":"None","shapeID":"KEN-ADM2-3_0_0-B24","shapeGroup":"KEN","shapeType":"ADM2"},"type":"Polygon","arcs":[[1859,-2273,1860,-2062]],"id":"feature_285"},{"properties":{"shapeName":"KWALE","shapeISO":"None","shapeID":"KEN-ADM2-3_0_0-B25","shapeGroup":"KEN","shapeType":"ADM2"},"type":"MultiPolygon","arcs":[[[1861]],[[1862]],[[1863]],[[1864,1865,-2066,1866,-2227,1867]]],"id":"feature_286"},{"properties":{"shapeName":"LAIKIPIA","shapeISO":"None","shapeID":"KEN-ADM2-3_0_0-B26","shapeGroup":"KEN","shapeType":"ADM2"},"type":"Polygon","arcs":[[1868,1869,1870,-2046,1871,-2181,1872,-2179,1873,-2149,1874,-2147,1875,-2160,1876,1877,1878,-2196]],"id":"feature_287"},{"properties":{"shapeName":"LAMU","shapeISO":"None","shapeID":"KEN-ADM2-3_0_0-B27","shapeGroup":"KEN","shapeType":"ADM2"},"type":"MultiPolygon","arcs":[[[1879]],[[1880]],[[1881]],[[1882]],[[1883]],[[1884]],[[1885]],[[1886]],[[1887]],[[1888]],[[1889]],[[1890]],[[1891]],[[1892]],[[1893]],[[1894]],[[1895]],[[1896]],[[1897]],[[1898]],[[1899]],[[1900]],[[1901]],[[1902]],[[1903]],[[1904]],[[1905]],[[1906]],[[1907]],[[1908]],[[1909]],[[1910]],[[1911]],[[1912]],[[1913]],[[1914]],[[1915]],[[1916]],[[1917]],[[1918]],[[1919]],[[1920]],[[1921]],[[1922]],[[1923]],[[1924]],[[1925]],[[1926]],[[1927]],[[1928]],[[1929]],[[1930]],[[1931]],[[1932]],[[1933]],[[1934]],[[1935]],[[1936]],[[1937]],[[1938]],[[1939]],[[1940]],[[1941]],[[1942]],[[1943]],[[1944]],[[1945]],[[1946]],[[1947]],[[1948]],[[1949]],[[1950,-2237,1951]]],"id":"feature_288"},{"properties":{"shapeName":"LUGARI","shapeISO":"None","shapeID":"KEN-ADM2-3_0_0-B28","shapeGroup":"KEN","shapeType":"ADM2"},"type":"Polygon","arcs":[[-2299,1952,1953,1954,1955,1956]],"id":"feature_289"},{"properties":{"shapeName":"MACHAKOS","shapeISO":"None","shapeID":"KEN-ADM2-3_0_0-B29","shapeGroup":"KEN","shapeType":"ADM2"},"type":"Polygon","arcs":[[-2033,1957,-2091,1958,1959,1960,1961,1962,-1974,1963,-1972,1964,-1985,1965,-2100,1966,-2261,1967,-2019,1968,-2037,1969,-2035,1970]],"id":"feature_290"},{"properties":{"shapeName":"MAKUENI","shapeISO":"None","shapeID":"KEN-ADM2-3_0_0-B30","shapeGroup":"KEN","shapeType":"ADM2"},"type":"Polygon","arcs":[[1971,1972,1973,1974,1975,1976,-2231,1977,1978,1979,1980,1981,1982,1983,1984,1985]],"id":"feature_291"},{"properties":{"shapeName":"MALINDI","shapeISO":"None","shapeID":"KEN-ADM2-3_0_0-B31","shapeGroup":"KEN","shapeType":"ADM2"},"type":"MultiPolygon","arcs":[[[1986]],[[1987]],[[1988]],[[1989]],[[1990]],[[1991]],[[1992]],[[1993]],[[1994]],[[1995]],[[1996]],[[1997]],[[1998]],[[1999]],[[2000]],[[2001]],[[2002]],[[2003]],[[2004]],[[2005]],[[2006]],[[2007]],[[2008]],[[2009]],[[2010]],[[2011,2012,2013,2014]]],"id":"feature_292"},{"properties":{"shapeName":"MANDERA","shapeISO":"None","shapeID":"KEN-ADM2-3_0_0-B32","shapeGroup":"KEN","shapeType":"ADM2"},"type":"Polygon","arcs":[[-2308,2015]],"id":"feature_293"},{"properties":{"shapeName":"MARAGUA","shapeISO":"None","shapeID":"KEN-ADM2-3_0_0-B33","shapeGroup":"KEN","shapeType":"ADM2"},"type":"Polygon","arcs":[[-2083,2016,-2081,2017,2018,2019,-2259,2020]],"id":"feature_294"},{"properties":{"shapeName":"MARAKWET","shapeISO":"None","shapeID":"KEN-ADM2-3_0_0-B34","shapeGroup":"KEN","shapeType":"ADM2"},"type":"Polygon","arcs":[[2021,2022,-2290,2023,-2277,2024,-2324,2025]],"id":"feature_295"},{"properties":{"shapeName":"MARSABIT","shapeISO":"None","shapeID":"KEN-ADM2-3_0_0-B35","shapeGroup":"KEN","shapeType":"ADM2"},"type":"Polygon","arcs":[[-2073,2026,2027,2028,-2200,2029]],"id":"feature_296"},{"properties":{"shapeName":"MBEERE","shapeISO":"None","shapeID":"KEN-ADM2-3_0_0-B36","shapeGroup":"KEN","shapeType":"ADM2"},"type":"Polygon","arcs":[[-2095,2030,-2093,2031,2032,2033,2034,2035,2036,2037,2038,2039,2040,2041]],"id":"feature_297"},{"properties":{"shapeName":"MERU CENTRAL","shapeISO":"None","shapeID":"KEN-ADM2-3_0_0-B37","shapeGroup":"KEN","shapeType":"ADM2"},"type":"Polygon","arcs":[[-2056,2042,-2054,2043,-2061,2044,2045,2046]],"id":"feature_298"},{"properties":{"shapeName":"MERU NORTH","shapeISO":"None","shapeID":"KEN-ADM2-3_0_0-B38","shapeGroup":"KEN","shapeType":"ADM2"},"type":"Polygon","arcs":[[2047,2048,2049,-2085,2050,-2253,2051,-2251,2052,2053,2054,2055,2056,2057]],"id":"feature_299"},{"properties":{"shapeName":"MERU SOUTH","shapeISO":"None","shapeID":"KEN-ADM2-3_0_0-B39","shapeGroup":"KEN","shapeType":"ADM2"},"type":"Polygon","arcs":[[2058,-2257,2059,2060]],"id":"feature_300"},{"properties":{"shapeName":"MIGORI","shapeISO":"None","shapeID":"KEN-ADM2-3_0_0-B40","shapeGroup":"KEN","shapeType":"ADM2"},"type":"Polygon","arcs":[[2061,2062,2063,2064]],"id":"feature_301"},{"properties":{"shapeName":"MOMBASA","shapeISO":"None","shapeID":"KEN-ADM2-3_0_0-B41","shapeGroup":"KEN","shapeType":"ADM2"},"type":"MultiPolygon","arcs":[[[2065,2066]],[[2067]],[[2068]],[[2069]],[[2070]]],"id":"feature_302"},{"properties":{"shapeName":"MOYALE","shapeISO":"None","shapeID":"KEN-ADM2-3_0_0-B42","shapeGroup":"KEN","shapeType":"ADM2"},"type":"Polygon","arcs":[[-2316,2071,2072,2073]],"id":"feature_303"},{"properties":{"shapeName":"MT ELGON","shapeISO":"None","shapeID":"KEN-ADM2-3_0_0-B43","shapeGroup":"KEN","shapeType":"ADM2"},"type":"Polygon","arcs":[[-2280,2074,2075,2076]],"id":"feature_304"},{"properties":{"shapeName":"MURANGA","shapeISO":"None","shapeID":"KEN-ADM2-3_0_0-B44","shapeGroup":"KEN","shapeType":"ADM2"},"type":"Polygon","arcs":[[-2173,2077,2078,2079,2080,2081,2082,2083]],"id":"feature_305"},{"properties":{"shapeName":"MWINGI","shapeISO":"None","shapeID":"KEN-ADM2-3_0_0-B45","shapeGroup":"KEN","shapeType":"ADM2"},"type":"Polygon","arcs":[[2084,-2243,2085,2086,2087,2088,2089,2090,2091,2092,2093,2094,2095,-2255,2096]],"id":"feature_306"},{"properties":{"shapeName":"NAIROBI","shapeISO":"None","shapeID":"KEN-ADM2-3_0_0-B46","shapeGroup":"KEN","shapeType":"ADM2"},"type":"Polygon","arcs":[[-2265,2097,-2263,2098,2099,2100,2101,2102,2103,2104]],"id":"feature_307"},{"properties":{"shapeName":"NAKURU","shapeISO":"None","shapeID":"KEN-ADM2-3_0_0-B47","shapeGroup":"KEN","shapeType":"ADM2"},"type":"Polygon","arcs":[[-2158,2105,-2156,2106,2107,2108,2109,-2127,2110,-2125,2111,-2137,2112,-2135,2113,2114,2115,2116,2117,2118,2119,2120,2121,2122,2123]],"id":"feature_308"},{"properties":{"shapeName":"NAROK","shapeISO":"None","shapeID":"KEN-ADM2-3_0_0-B48","shapeGroup":"KEN","shapeType":"ADM2"},"type":"Polygon","arcs":[[2124,2125,2126,2127,2128,-2271,2129,2130,2131,2132,2133,2134,2135,2136,2137]],"id":"feature_309"},{"properties":{"shapeName":"NYAMIRA","shapeISO":"None","shapeID":"KEN-ADM2-3_0_0-B49","shapeGroup":"KEN","shapeType":"ADM2"},"type":"Polygon","arcs":[[2138,2139,2140,2141,2142,2143,2144]],"id":"feature_310"},{"properties":{"shapeName":"NYANDARUA","shapeISO":"None","shapeID":"KEN-ADM2-3_0_0-B50","shapeGroup":"KEN","shapeType":"ADM2"},"type":"Polygon","arcs":[[2145,2146,2147,2148,2149,-2177,2150,-2175,2151,-2269,2152,2153,2154,2155,2156,2157,2158,2159]],"id":"feature_311"},{"properties":{"shapeName":"NYANDO","shapeISO":"None","shapeID":"KEN-ADM2-3_0_0-B51","shapeGroup":"KEN","shapeType":"ADM2"},"type":"Polygon","arcs":[[2160,2161,2162,2163,2164,-2184,2165,-2182,2166,2167,2168,-2344]],"id":"feature_312"},{"properties":{"shapeName":"NYERI","shapeISO":"None","shapeID":"KEN-ADM2-3_0_0-B52","shapeGroup":"KEN","shapeType":"ADM2"},"type":"Polygon","arcs":[[2169,2170,2171,2172,2173,2174,2175,2176,2177,2178,2179,2180]],"id":"feature_313"},{"properties":{"shapeName":"RACHUONYO","shapeISO":"None","shapeID":"KEN-ADM2-3_0_0-B53","shapeGroup":"KEN","shapeType":"ADM2"},"type":"Polygon","arcs":[[2181,2182,2183,2184,2185,2186,2187]],"id":"feature_314"},{"properties":{"shapeName":"SAMBURU","shapeISO":"None","shapeID":"KEN-ADM2-3_0_0-B54","shapeGroup":"KEN","shapeType":"ADM2"},"type":"Polygon","arcs":[[2188,2189,2190,2191,2192,2193,2194,2195,2196,-2284,2197,-2282,2198,2199]],"id":"feature_315"},{"properties":{"shapeName":"SIAYA","shapeISO":"None","shapeID":"KEN-ADM2-3_0_0-B55","shapeGroup":"KEN","shapeType":"ADM2"},"type":"Polygon","arcs":[[2200,2201,2202,2203,2204,2205]],"id":"feature_316"},{"properties":{"shapeName":"SUBA","shapeISO":"None","shapeID":"KEN-ADM2-3_0_0-B56","shapeGroup":"KEN","shapeType":"ADM2"},"type":"MultiPolygon","arcs":[[[2206]],[[2207]],[[2208]],[[2209]],[[2210]],[[2211]],[[2212]],[[2213]],[[2214]],[[2215]],[[2216]],[[2217]],[[2218]],[[2219,2220]],[[2221]],[[2222]]],"id":"feature_317"},{"properties":{"shapeName":"TAITA TAVETA","shapeISO":"None","shapeID":"KEN-ADM2-3_0_0-B57","shapeGroup":"KEN","shapeType":"ADM2"},"type":"Polygon","arcs":[[2223,2224,2225,2226,2227,2228,2229,2230]],"id":"feature_318"},{"properties":{"shapeName":"TANA RIVER","shapeISO":"None","shapeID":"KEN-ADM2-3_0_0-B58","shapeGroup":"KEN","shapeType":"ADM2"},"type":"Polygon","arcs":[[2231,2232,-2336,2233,-2334,2234,2235,2236,2237,2238,2239,2240,2241,2242,2243,2244,2245]],"id":"feature_319"},{"properties":{"shapeName":"TESO","shapeISO":"None","shapeID":"KEN-ADM2-3_0_0-B59","shapeGroup":"KEN","shapeType":"ADM2"},"type":"Polygon","arcs":[[2246,2247,2248,2249]],"id":"feature_320"},{"properties":{"shapeName":"THARAKA","shapeISO":"None","shapeID":"KEN-ADM2-3_0_0-B60","shapeGroup":"KEN","shapeType":"ADM2"},"type":"Polygon","arcs":[[2250,2251,2252,2253,2254,2255,2256,2257]],"id":"feature_321"},{"properties":{"shapeName":"THIKA","shapeISO":"None","shapeID":"KEN-ADM2-3_0_0-B61","shapeGroup":"KEN","shapeType":"ADM2"},"type":"Polygon","arcs":[[2258,2259,2260,2261,2262,2263,2264,2265,2266,2267,2268,2269]],"id":"feature_322"},{"properties":{"shapeName":"TRANS MARA","shapeISO":"None","shapeID":"KEN-ADM2-3_0_0-B62","shapeGroup":"KEN","shapeType":"ADM2"},"type":"Polygon","arcs":[[2270,2271,2272,2273,2274]],"id":"feature_323"},{"properties":{"shapeName":"TRANS NZOIA","shapeISO":"None","shapeID":"KEN-ADM2-3_0_0-B63","shapeGroup":"KEN","shapeType":"ADM2"},"type":"Polygon","arcs":[[-2326,2275,2276,2277,-2301,2278,2279,2280]],"id":"feature_324"},{"properties":{"shapeName":"TURKANA","shapeISO":"None","shapeID":"KEN-ADM2-3_0_0-B64","shapeGroup":"KEN","shapeType":"ADM2"},"type":"Polygon","arcs":[[2281,2282,2283,2284,2285,2286,-2320,2287,-2318,2288]],"id":"feature_325"},{"properties":{"shapeName":"UASIN GISHU","shapeISO":"None","shapeID":"KEN-ADM2-3_0_0-B65","shapeGroup":"KEN","shapeType":"ADM2"},"type":"Polygon","arcs":[[2289,2290,2291,2292,2293,2294,2295,-2340,2296,-2353,2297,2298,2299,2300,2301]],"id":"feature_326"},{"properties":{"shapeName":"VIHIGA","shapeISO":"None","shapeID":"KEN-ADM2-3_0_0-B66","shapeGroup":"KEN","shapeType":"ADM2"},"type":"Polygon","arcs":[[-2346,2302,2303,2304,2305,2306]],"id":"feature_327"},{"properties":{"shapeName":"WAJIR","shapeISO":"None","shapeID":"KEN-ADM2-3_0_0-B67","shapeGroup":"KEN","shapeType":"ADM2"},"type":"Polygon","arcs":[[2307,2308,-2330,2309,-2328,2310,2311,2312,2313,2314,2315,2316]],"id":"feature_328"},{"properties":{"shapeName":"WEST POKOT","shapeISO":"None","shapeID":"KEN-ADM2-3_0_0-B68","shapeGroup":"KEN","shapeType":"ADM2"},"type":"Polygon","arcs":[[2317,2318,2319,2320,2321,2322,2323,2324,2325,2326]],"id":"feature_329"},{"properties":{"shapeName":"GARISSA","shapeISO":"None","shapeID":"KEN-ADM2-3_0_0-B69","shapeGroup":"KEN","shapeType":"ADM2"},"type":"Polygon","arcs":[[2327,2328,2329,2330,2331,2332,2333,2334,2335,2336,2337,2338]],"id":"feature_330"},{"properties":{"shapeName":"NANDI SOUTH","shapeISO":"None","shapeID":"KEN-ADM2-3_0_0-B70","shapeGroup":"KEN","shapeType":"ADM2"},"type":"Polygon","arcs":[[2339,2340,2341,2342,2343,2344,2345,2346,-2349,2347]],"id":"feature_331"},{"properties":{"shapeName":"NANDI NORTH","shapeISO":"None","shapeID":"KEN-ADM2-3_0_0-B71","shapeGroup":"KEN","shapeType":"ADM2"},"type":"Polygon","arcs":[[2348,2349,2350,2351,2352,2353]],"id":"feature_332"},{"properties":{"shapeName":"Nyarugenge","shapeISO":"None","shapeID":"RWA-ADM2-3_0_0-B1","shapeGroup":"RWA","shapeType":"ADM2"},"type":"Polygon","arcs":[[-2391,2354,-2358,2355]],"id":"feature_333"},{"properties":{"shapeName":"Gasabo","shapeISO":"None","shapeID":"RWA-ADM2-3_0_0-B2","shapeGroup":"RWA","shapeType":"ADM2"},"type":"Polygon","arcs":[[-2448,2356,2357,2358,-2420,2359]],"id":"feature_334"},{"properties":{"shapeName":"Kicukiro","shapeISO":"None","shapeID":"RWA-ADM2-3_0_0-B3","shapeGroup":"RWA","shapeType":"ADM2"},"type":"Polygon","arcs":[[2360]],"id":"feature_335"},{"properties":{"shapeName":"Nyanza","shapeISO":"None","shapeID":"RWA-ADM2-3_0_0-B4","shapeGroup":"RWA","shapeType":"ADM2"},"type":"Polygon","arcs":[[2361,-2371,2362,-2373,2363,-2383,2364,-2381]],"id":"feature_336"},{"properties":{"shapeName":"Gisagara","shapeISO":"None","shapeID":"RWA-ADM2-3_0_0-B5","shapeGroup":"RWA","shapeType":"ADM2"},"type":"Polygon","arcs":[[2365]],"id":"feature_337"},{"properties":{"shapeName":"Nyaruguru","shapeISO":"None","shapeID":"RWA-ADM2-3_0_0-B6","shapeGroup":"RWA","shapeType":"ADM2"},"type":"Polygon","arcs":[[-2369,2366,-2417,2367,-2376]],"id":"feature_338"},{"properties":{"shapeName":"Huye","shapeISO":"None","shapeID":"RWA-ADM2-3_0_0-B7","shapeGroup":"RWA","shapeType":"ADM2"},"type":"Polygon","arcs":[[2368,-2375,2369,2370,2371]],"id":"feature_339"},{"properties":{"shapeName":"Nyamagabe","shapeISO":"None","shapeID":"RWA-ADM2-3_0_0-B8","shapeGroup":"RWA","shapeType":"ADM2"},"type":"Polygon","arcs":[[2372,2373,2374,2375,2376,-2415,2377,-2478,2378,-2395,2379]],"id":"feature_340"},{"properties":{"shapeName":"Ruhango","shapeISO":"None","shapeID":"RWA-ADM2-3_0_0-B9","shapeGroup":"RWA","shapeType":"ADM2"},"type":"Polygon","arcs":[[2380,2381,2382,2383,-2387,2384]],"id":"feature_341"},{"properties":{"shapeName":"Muhanga","shapeISO":"None","shapeID":"RWA-ADM2-3_0_0-B10","shapeGroup":"RWA","shapeType":"ADM2"},"type":"Polygon","arcs":[[-2393,2385,2386,2387,-2408,2388]],"id":"feature_342"},{"properties":{"shapeName":"Kamonyi","shapeISO":"None","shapeID":"RWA-ADM2-3_0_0-B11","shapeGroup":"RWA","shapeType":"ADM2"},"type":"Polygon","arcs":[[2389,2390,2391,2392,2393,-2427]],"id":"feature_343"},{"properties":{"shapeName":"Karongi","shapeISO":"None","shapeID":"RWA-ADM2-3_0_0-B12","shapeGroup":"RWA","shapeType":"ADM2"},"type":"Polygon","arcs":[[2394,2395,-2476,2396,-2482,2397]],"id":"feature_344"},{"properties":{"shapeName":"Rutsiro","shapeISO":"None","shapeID":"RWA-ADM2-3_0_0-B13","shapeGroup":"RWA","shapeType":"ADM2"},"type":"Polygon","arcs":[[-2410,2398,-2402,2399]],"id":"feature_345"},{"properties":{"shapeName":"Rubavu","shapeISO":"None","shapeID":"RWA-ADM2-3_0_0-B14","shapeGroup":"RWA","shapeType":"ADM2"},"type":"Polygon","arcs":[[2400,2401,2402,-2405]],"id":"feature_346"},{"properties":{"shapeName":"Nyabihu","shapeISO":"None","shapeID":"RWA-ADM2-3_0_0-B15","shapeGroup":"RWA","shapeType":"ADM2"},"type":"Polygon","arcs":[[-2412,2403,2404,2405,-2433,2406]],"id":"feature_347"},{"properties":{"shapeName":"Ngororero","shapeISO":"None","shapeID":"RWA-ADM2-3_0_0-B16","shapeGroup":"RWA","shapeType":"ADM2"},"type":"Polygon","arcs":[[2407,2408,2409,2410,2411,2412]],"id":"feature_348"},{"properties":{"shapeName":"Rusizi","shapeISO":"None","shapeID":"RWA-ADM2-3_0_0-B17","shapeGroup":"RWA","shapeType":"ADM2"},"type":"Polygon","arcs":[[-2480,2413,2414,2415,2416,2417]],"id":"feature_349"},{"properties":{"shapeName":"Rulindo","shapeISO":"None","shapeID":"RWA-ADM2-3_0_0-B18","shapeGroup":"RWA","shapeType":"ADM2"},"type":"Polygon","arcs":[[-2443,2418,2419,2420,-2425,2421,-2436,2422]],"id":"feature_350"},{"properties":{"shapeName":"Gakenke","shapeISO":"None","shapeID":"RWA-ADM2-3_0_0-B19","shapeGroup":"RWA","shapeType":"ADM2"},"type":"Polygon","arcs":[[2423,2424,2425,2426,2427,-2431,2428,-2438]],"id":"feature_351"},{"properties":{"shapeName":"Musanze","shapeISO":"None","shapeID":"RWA-ADM2-3_0_0-B20","shapeGroup":"RWA","shapeType":"ADM2"},"type":"Polygon","arcs":[[-2440,2429,2430,2431,2432,2433]],"id":"feature_352"},{"properties":{"shapeName":"Burera","shapeISO":"None","shapeID":"RWA-ADM2-3_0_0-B21","shapeGroup":"RWA","shapeType":"ADM2"},"type":"Polygon","arcs":[[-2445,2434,2435,2436,2437,2438,2439,2440]],"id":"feature_353"},{"properties":{"shapeName":"Gicumbi","shapeISO":"None","shapeID":"RWA-ADM2-3_0_0-B22","shapeGroup":"RWA","shapeType":"ADM2"},"type":"Polygon","arcs":[[-2454,2441,2442,2443,2444,2445]],"id":"feature_354"},{"properties":{"shapeName":"Rwamagana","shapeISO":"None","shapeID":"RWA-ADM2-3_0_0-B23","shapeGroup":"RWA","shapeType":"ADM2"},"type":"Polygon","arcs":[[-2462,2446,2447,2448]],"id":"feature_355"},{"properties":{"shapeName":"Nyagatare","shapeISO":"None","shapeID":"RWA-ADM2-3_0_0-B24","shapeGroup":"RWA","shapeType":"ADM2"},"type":"Polygon","arcs":[[-2458,2449,-2456,2450]],"id":"feature_356"},{"properties":{"shapeName":"Gatsibo","shapeISO":"None","shapeID":"RWA-ADM2-3_0_0-B25","shapeGroup":"RWA","shapeType":"ADM2"},"type":"Polygon","arcs":[[2451,-2464,2452,2453,2454,2455,2456,2457]],"id":"feature_357"},{"properties":{"shapeName":"Kayonza","shapeISO":"None","shapeID":"RWA-ADM2-3_0_0-B26","shapeGroup":"RWA","shapeType":"ADM2"},"type":"Polygon","arcs":[[2458,-2466,2459,-2471,2460,2461,2462,2463]],"id":"feature_358"},{"properties":{"shapeName":"Kirehe","shapeISO":"None","shapeID":"RWA-ADM2-3_0_0-B27","shapeGroup":"RWA","shapeType":"ADM2"},"type":"Polygon","arcs":[[-2468,2464,2465,2466]],"id":"feature_359"},{"properties":{"shapeName":"Ngoma","shapeISO":"None","shapeID":"RWA-ADM2-3_0_0-B28","shapeGroup":"RWA","shapeType":"ADM2"},"type":"Polygon","arcs":[[2467,2468,-2473,2469,2470,2471]],"id":"feature_360"},{"properties":{"shapeName":"Bugesera","shapeISO":"None","shapeID":"RWA-ADM2-3_0_0-B29","shapeGroup":"RWA","shapeType":"ADM2"},"type":"Polygon","arcs":[[2472,2473]],"id":"feature_361"},{"properties":{"shapeName":"Nyamasheke","shapeISO":"None","shapeID":"RWA-ADM2-3_0_0-B30","shapeGroup":"RWA","shapeType":"ADM2"},"type":"Polygon","arcs":[[2474,2475,2476,2477,2478,2479,2480,2481]],"id":"feature_362"},{"properties":{"shapeName":"Balcad ????","shapeISO":"None","shapeID":"SOM-ADM2-3_0_0-B1","shapeGroup":"SOM","shapeType":"ADM2"},"type":"Polygon","arcs":[[2482,-2735,-2507,2483,-2717,-2598]],"id":"feature_363"},{"properties":{"shapeName":"Burtinle","shapeISO":"None","shapeID":"SOM-ADM2-3_0_0-B2","shapeGroup":"SOM","shapeType":"ADM2"},"type":"Polygon","arcs":[[2484,-2499,-2535,-2544,2485,-2491]],"id":"feature_364"},{"properties":{"shapeName":"Ceel Afweyn","shapeISO":"None","shapeID":"SOM-ADM2-3_0_0-B3","shapeGroup":"SOM","shapeType":"ADM2"},"type":"Polygon","arcs":[[-2584,2486,-2561,2487]],"id":"feature_365"},{"properties":{"shapeName":"Galkaacyo","shapeISO":"None","shapeID":"SOM-ADM2-3_0_0-B4","shapeGroup":"SOM","shapeType":"ADM2"},"type":"Polygon","arcs":[[2488,-2541,2489,2490,2491,-2657,-2532,-2571]],"id":"feature_366"},{"properties":{"shapeName":"Buur Hakaba ??????","shapeISO":"None","shapeID":"SOM-ADM2-3_0_0-B5","shapeGroup":"SOM","shapeType":"ADM2"},"type":"Polygon","arcs":[[2492,-2517,-2688,-2678,2493,-2554]],"id":"feature_367"},{"properties":{"shapeName":"Xudun","shapeISO":"None","shapeID":"SOM-ADM2-3_0_0-B6","shapeGroup":"SOM","shapeType":"ADM2"},"type":"Polygon","arcs":[[-2689,-2498,2494]],"id":"feature_368"},{"properties":{"shapeName":"Adan Yabaal","shapeISO":"None","shapeID":"SOM-ADM2-3_0_0-B7","shapeGroup":"SOM","shapeType":"ADM2"},"type":"Polygon","arcs":[[2495,-2647,-2565,2496,-2505]],"id":"feature_369"},{"properties":{"shapeName":"Laas Caanood ??? ?????","shapeISO":"None","shapeID":"SOM-ADM2-3_0_0-B8","shapeGroup":"SOM","shapeType":"ADM2"},"type":"Polygon","arcs":[[2497,-2692,-2536,2498,2499,-2740,2500]],"id":"feature_370"},{"properties":{"shapeName":"Sablaale","shapeISO":"None","shapeID":"SOM-ADM2-3_0_0-B9","shapeGroup":"SOM","shapeType":"ADM2"},"type":"Polygon","arcs":[[-2631,-2604,2501]],"id":"feature_371"},{"properties":{"shapeName":"Rab Dhuure","shapeISO":"None","shapeID":"SOM-ADM2-3_0_0-B10","shapeGroup":"SOM","shapeType":"ADM2"},"type":"Polygon","arcs":[[-2568,-2523,-2510,2502]],"id":"feature_372"},{"properties":{"shapeName":"Cadale ????","shapeISO":"None","shapeID":"SOM-ADM2-3_0_0-B11","shapeGroup":"SOM","shapeType":"ADM2"},"type":"Polygon","arcs":[[-2530,2503,2504,2505,2506,-2734]],"id":"feature_373"},{"properties":{"shapeName":"Saakow ??????","shapeISO":"None","shapeID":"SOM-ADM2-3_0_0-B12","shapeGroup":"SOM","shapeType":"ADM2"},"type":"Polygon","arcs":[[-2602,-2556,2507,-2574,2508]],"id":"feature_374"},{"properties":{"shapeName":"Waajid ??????","shapeISO":"None","shapeID":"SOM-ADM2-3_0_0-B13","shapeGroup":"SOM","shapeType":"ADM2"},"type":"Polygon","arcs":[[2509,-2522,2510,-2514,2511]],"id":"feature_375"},{"properties":{"shapeName":"Baidoa ?????","shapeISO":"None","shapeID":"SOM-ADM2-3_0_0-B14","shapeGroup":"SOM","shapeType":"ADM2"},"type":"Polygon","arcs":[[2512,2513,2514,-2520,2515,-2681,2516,2517,-2552,-2705]],"id":"feature_376"},{"properties":{"shapeName":"Xudur","shapeISO":"None","shapeID":"SOM-ADM2-3_0_0-B15","shapeGroup":"SOM","shapeType":"ADM2"},"type":"Polygon","arcs":[[-2567,-2683,2518,2519,2520,2521,2522]],"id":"feature_377"},{"properties":{"shapeName":"Jilib ?????","shapeISO":"None","shapeID":"SOM-ADM2-3_0_0-B16","shapeGroup":"SOM","shapeType":"ADM2"},"type":"Polygon","arcs":[[-2576,2523,-2527,2524]],"id":"feature_378"},{"properties":{"shapeName":"Jamaame ???????","shapeISO":"None","shapeID":"SOM-ADM2-3_0_0-B17","shapeGroup":"SOM","shapeType":"ADM2"},"type":"Polygon","arcs":[[-2595,2525,2526,2527,-2637]],"id":"feature_379"},{"properties":{"shapeName":"Jalalaqsi","shapeISO":"None","shapeID":"SOM-ADM2-3_0_0-B18","shapeGroup":"SOM","shapeType":"ADM2"},"type":"Polygon","arcs":[[2528,2529,2530,-2648]],"id":"feature_380"},{"properties":{"shapeName":"Hobyo ????","shapeISO":"None","shapeID":"SOM-ADM2-3_0_0-B19","shapeGroup":"SOM","shapeType":"ADM2"},"type":"Polygon","arcs":[[-2572,2531,-2661,2532,-2662,-2557]],"id":"feature_381"},{"properties":{"shapeName":"Garowe ?????","shapeISO":"None","shapeID":"SOM-ADM2-3_0_0-B20","shapeGroup":"SOM","shapeType":"ADM2"},"type":"Polygon","arcs":[[-2691,-2700,2533,-2545,2534,2535]],"id":"feature_382"},{"properties":{"shapeName":"Garbahaarey ??????????","shapeISO":"None","shapeID":"SOM-ADM2-3_0_0-B21","shapeGroup":"SOM","shapeType":"ADM2"},"type":"Polygon","arcs":[[2536,-2727,2537,-2703,2538,-2600,-2625]],"id":"feature_383"},{"properties":{"shapeName":"Galdogob ?????","shapeISO":"None","shapeID":"SOM-ADM2-3_0_0-B22","shapeGroup":"SOM","shapeType":"ADM2"},"type":"Polygon","arcs":[[2539,2540]],"id":"feature_384"},{"properties":{"shapeName":"Gabiley ??????","shapeISO":"None","shapeID":"SOM-ADM2-3_0_0-B23","shapeGroup":"SOM","shapeType":"ADM2"},"type":"Polygon","arcs":[[-2581,-2676,2541,-2611,2542]],"id":"feature_385"},{"properties":{"shapeName":"Eyl","shapeISO":"None","shapeID":"SOM-ADM2-3_0_0-B24","shapeGroup":"SOM","shapeType":"ADM2"},"type":"Polygon","arcs":[[2543,2544,2545,-2698,2546,-2593,2547,-2659,2548]],"id":"feature_386"},{"properties":{"shapeName":"Doolow","shapeISO":"None","shapeID":"SOM-ADM2-3_0_0-B25","shapeGroup":"SOM","shapeType":"ADM2"},"type":"Polygon","arcs":[[-2725,2549]],"id":"feature_387"},{"properties":{"shapeName":"Diinsoor","shapeISO":"None","shapeID":"SOM-ADM2-3_0_0-B26","shapeGroup":"SOM","shapeType":"ADM2"},"type":"Polygon","arcs":[[2550,-2706,2551,2552,2553,2554,2555]],"id":"feature_388"},{"properties":{"shapeName":"Dhuusamarreeb ???????","shapeISO":"None","shapeID":"SOM-ADM2-3_0_0-B27","shapeGroup":"SOM","shapeType":"ADM2"},"type":"Polygon","arcs":[[-2744,-2573,2556,2557,-2588,2558]],"id":"feature_389"},{"properties":{"shapeName":"Ceerigaabo ???????","shapeISO":"None","shapeID":"SOM-ADM2-3_0_0-B28","shapeGroup":"SOM","shapeType":"ADM2"},"type":"Polygon","arcs":[[-2730,2559,2560,2561]],"id":"feature_390"},{"properties":{"shapeName":"Ceel Dheer","shapeISO":"None","shapeID":"SOM-ADM2-3_0_0-B29","shapeGroup":"SOM","shapeType":"ADM2"},"type":"Polygon","arcs":[[2562,-2621,2563,2564]],"id":"feature_391"},{"properties":{"shapeName":"Ceel Barde","shapeISO":"None","shapeID":"SOM-ADM2-3_0_0-B30","shapeGroup":"SOM","shapeType":"ADM2"},"type":"Polygon","arcs":[[2565,-2684,2566,2567]],"id":"feature_392"},{"properties":{"shapeName":"Caluula","shapeISO":"None","shapeID":"SOM-ADM2-3_0_0-B31","shapeGroup":"SOM","shapeType":"ADM2"},"type":"Polygon","arcs":[[-2654,-2707,2568]],"id":"feature_393"},{"properties":{"shapeName":"Cadaado","shapeISO":"None","shapeID":"SOM-ADM2-3_0_0-B32","shapeGroup":"SOM","shapeType":"ADM2"},"type":"Polygon","arcs":[[2569,2570,2571,2572,-2743]],"id":"feature_394"},{"properties":{"shapeName":"Bu'aale","shapeISO":"None","shapeID":"SOM-ADM2-3_0_0-B33","shapeGroup":"SOM","shapeType":"ADM2"},"type":"Polygon","arcs":[[2573,2574,2575,2576]],"id":"feature_395"},{"properties":{"shapeName":"Bossaso ??????","shapeISO":"None","shapeID":"SOM-ADM2-3_0_0-B34","shapeGroup":"SOM","shapeType":"ADM2"},"type":"Polygon","arcs":[[-2710,2577,-2693,2578,-2728,2579]],"id":"feature_396"},{"properties":{"shapeName":"Borama ??????","shapeISO":"None","shapeID":"SOM-ADM2-3_0_0-B35","shapeGroup":"SOM","shapeType":"ADM2"},"type":"Polygon","arcs":[[-2665,-2669,-2677,2580,2581]],"id":"feature_397"},{"properties":{"shapeName":"Berbera ?????","shapeISO":"None","shapeID":"SOM-ADM2-3_0_0-B36","shapeGroup":"SOM","shapeType":"ADM2"},"type":"Polygon","arcs":[[-2673,2582,2583,2584,-2606,-2613]],"id":"feature_398"},{"properties":{"shapeName":"Belet Xaawo","shapeISO":"None","shapeID":"SOM-ADM2-3_0_0-B37","shapeGroup":"SOM","shapeType":"ADM2"},"type":"Polygon","arcs":[[2585,2586,-2624]],"id":"feature_399"},{"properties":{"shapeName":"Belet Weyne ??? ?????","shapeISO":"None","shapeID":"SOM-ADM2-3_0_0-B38","shapeGroup":"SOM","shapeType":"ADM2"},"type":"Polygon","arcs":[[2587,2588,-2623,-2645,2589,-2643,2590]],"id":"feature_400"},{"properties":{"shapeName":"Bandarbayla","shapeISO":"None","shapeID":"SOM-ADM2-3_0_0-B39","shapeGroup":"SOM","shapeType":"ADM2"},"type":"Polygon","arcs":[[-2696,-2656,2591,2592,2593]],"id":"feature_401"},{"properties":{"shapeName":"Afmadow ???????","shapeISO":"None","shapeID":"SOM-ADM2-3_0_0-B40","shapeGroup":"SOM","shapeType":"ADM2"},"type":"Polygon","arcs":[[2594,-2636,2595]],"id":"feature_402"},{"properties":{"shapeName":"Afgooye ?????","shapeISO":"None","shapeID":"SOM-ADM2-3_0_0-B41","shapeGroup":"SOM","shapeType":"ADM2"},"type":"Polygon","arcs":[[2596,2597,-2716,2598,-2721,-2610]],"id":"feature_403"},{"properties":{"shapeName":"Baardheere ????????","shapeISO":"None","shapeID":"SOM-ADM2-3_0_0-B42","shapeGroup":"SOM","shapeType":"ADM2"},"type":"Polygon","arcs":[[-2626,2599,2600,2601,2602]],"id":"feature_404"},{"properties":{"shapeName":"Baraawe ????? ????????","shapeISO":"None","shapeID":"SOM-ADM2-3_0_0-B43","shapeGroup":"SOM","shapeType":"ADM2"},"type":"Polygon","arcs":[[2603,-2630,-2723,2604]],"id":"feature_405"},{"properties":{"shapeName":"Sheikh ?????","shapeISO":"None","shapeID":"SOM-ADM2-3_0_0-B44","shapeGroup":"SOM","shapeType":"ADM2"},"type":"Polygon","arcs":[[2605,2606,-2616,2607]],"id":"feature_406"},{"properties":{"shapeName":"Qoryooley ???????","shapeISO":"None","shapeID":"SOM-ADM2-3_0_0-B45","shapeGroup":"SOM","shapeType":"ADM2"},"type":"Polygon","arcs":[[2608,2609,-2720,-2629]],"id":"feature_407"},{"properties":{"shapeName":"Hargeysa ??????","shapeISO":"None","shapeID":"SOM-ADM2-3_0_0-B46","shapeGroup":"SOM","shapeType":"ADM2"},"type":"Polygon","arcs":[[2610,2611,-2674,2612,-2712,2613]],"id":"feature_408"},{"properties":{"shapeName":"Burco ????","shapeISO":"None","shapeID":"SOM-ADM2-3_0_0-B47","shapeGroup":"SOM","shapeType":"ADM2"},"type":"Polygon","arcs":[[-2714,2614,2615,2616,2617,-2652,-2742,2618]],"id":"feature_409"},{"properties":{"shapeName":"Ceel Buur","shapeISO":"None","shapeID":"SOM-ADM2-3_0_0-B48","shapeGroup":"SOM","shapeType":"ADM2"},"type":"Polygon","arcs":[[2619,2620,2621,2622]],"id":"feature_410"},{"properties":{"shapeName":"El Waq","shapeISO":"None","shapeID":"SOM-ADM2-3_0_0-B49","shapeGroup":"SOM","shapeType":"ADM2"},"type":"Polygon","arcs":[[2623,2624,2625,2626]],"id":"feature_411"},{"properties":{"shapeName":"Kurtunwaarey","shapeISO":"None","shapeID":"SOM-ADM2-3_0_0-B50","shapeGroup":"SOM","shapeType":"ADM2"},"type":"Polygon","arcs":[[2627,2628,-2719,2629,2630]],"id":"feature_412"},{"properties":{"shapeName":"Kismayo","shapeISO":"None","shapeID":"SOM-ADM2-3_0_0-B51","shapeGroup":"SOM","shapeType":"ADM2"},"type":"MultiPolygon","arcs":[[[2631]],[[2632]],[[2633]],[[-2641,2634,2635,2636,2637]]],"id":"feature_413"},{"properties":{"shapeName":"Badhaadhe","shapeISO":"None","shapeID":"SOM-ADM2-3_0_0-B52","shapeGroup":"SOM","shapeType":"ADM2"},"type":"MultiPolygon","arcs":[[[2638]],[[2639]],[[2640,2641]]],"id":"feature_414"},{"properties":{"shapeName":"Bulo Burti ???? ?????","shapeISO":"None","shapeID":"SOM-ADM2-3_0_0-B53","shapeGroup":"SOM","shapeType":"ADM2"},"type":"Polygon","arcs":[[2642,2643,2644,2645,2646,2647,2648,-2732,-2679,-2686,2649]],"id":"feature_415"},{"properties":{"shapeName":"Caynabo","shapeISO":"None","shapeID":"SOM-ADM2-3_0_0-B54","shapeGroup":"SOM","shapeType":"ADM2"},"type":"Polygon","arcs":[[2650,-2738,2651]],"id":"feature_416"},{"properties":{"shapeName":"Iskushuban","shapeISO":"None","shapeID":"SOM-ADM2-3_0_0-B55","shapeGroup":"SOM","shapeType":"ADM2"},"type":"Polygon","arcs":[[2652,-2708,2653,2654,2655,-2695]],"id":"feature_417"},{"properties":{"shapeName":"Jariiban ???????","shapeISO":"None","shapeID":"SOM-ADM2-3_0_0-B56","shapeGroup":"SOM","shapeType":"ADM2"},"type":"Polygon","arcs":[[2656,2657,2658,2659,2660]],"id":"feature_418"},{"properties":{"shapeName":"Xarardheere","shapeISO":"None","shapeID":"SOM-ADM2-3_0_0-B57","shapeGroup":"SOM","shapeType":"ADM2"},"type":"Polygon","arcs":[[2661,2662]],"id":"feature_419"},{"properties":{"shapeName":"Zeylac ??????","shapeISO":"None","shapeID":"SOM-ADM2-3_0_0-B58","shapeGroup":"SOM","shapeType":"ADM2"},"type":"MultiPolygon","arcs":[[[2663]],[[-2670,2664,2665]],[[2666]]],"id":"feature_420"},{"properties":{"shapeName":"?????? Lughaye","shapeISO":"None","shapeID":"SOM-ADM2-3_0_0-B59","shapeGroup":"SOM","shapeType":"ADM2"},"type":"Polygon","arcs":[[2667,-2671,2668,2669]],"id":"feature_421"},{"properties":{"shapeName":"???? Baki","shapeISO":"None","shapeID":"SOM-ADM2-3_0_0-B60","shapeGroup":"SOM","shapeType":"ADM2"},"type":"Polygon","arcs":[[2670,2671,2672,2673,2674,2675,2676]],"id":"feature_422"},{"properties":{"shapeName":"Wanle Weyne","shapeISO":"None","shapeID":"SOM-ADM2-3_0_0-B61","shapeGroup":"SOM","shapeType":"ADM2"},"type":"Polygon","arcs":[[2677,-2687,2678,-2737,2679]],"id":"feature_423"},{"properties":{"shapeName":"Tayeeglow","shapeISO":"None","shapeID":"SOM-ADM2-3_0_0-B62","shapeGroup":"SOM","shapeType":"ADM2"},"type":"Polygon","arcs":[[2680,2681,2682,2683,2684,2685,2686,2687]],"id":"feature_424"},{"properties":{"shapeName":"Taleex ??? ?","shapeISO":"None","shapeID":"SOM-ADM2-3_0_0-B63","shapeGroup":"SOM","shapeType":"ADM2"},"type":"Polygon","arcs":[[2688,2689,2690,2691]],"id":"feature_425"},{"properties":{"shapeName":"Qardho ????","shapeISO":"None","shapeID":"SOM-ADM2-3_0_0-B64","shapeGroup":"SOM","shapeType":"ADM2"},"type":"Polygon","arcs":[[2692,2693,2694,2695,2696,2697,2698,2699,2700]],"id":"feature_426"},{"properties":{"shapeName":"Qansax Dheere","shapeISO":"None","shapeID":"SOM-ADM2-3_0_0-B65","shapeGroup":"SOM","shapeType":"ADM2"},"type":"Polygon","arcs":[[2701,2702,2703,2704,2705]],"id":"feature_427"},{"properties":{"shapeName":"Qandala ???????","shapeISO":"None","shapeID":"SOM-ADM2-3_0_0-B66","shapeGroup":"SOM","shapeType":"ADM2"},"type":"Polygon","arcs":[[2706,2707,2708,2709,2710]],"id":"feature_428"},{"properties":{"shapeName":"Owdweyne","shapeISO":"None","shapeID":"SOM-ADM2-3_0_0-B67","shapeGroup":"SOM","shapeType":"ADM2"},"type":"Polygon","arcs":[[2711,2712,2713,2714]],"id":"feature_429"},{"properties":{"shapeName":"Mogadishu ??????","shapeISO":"None","shapeID":"SOM-ADM2-3_0_0-B68","shapeGroup":"SOM","shapeType":"ADM2"},"type":"Polygon","arcs":[[2715,2716,2717]],"id":"feature_430"},{"properties":{"shapeName":"Marka ??????","shapeISO":"None","shapeID":"SOM-ADM2-3_0_0-B69","shapeGroup":"SOM","shapeType":"ADM2"},"type":"Polygon","arcs":[[2718,2719,2720,2721,2722]],"id":"feature_431"},{"properties":{"shapeName":"Luuq ?????","shapeISO":"None","shapeID":"SOM-ADM2-3_0_0-B70","shapeGroup":"SOM","shapeType":"ADM2"},"type":"Polygon","arcs":[[2723,2724,2725,2726]],"id":"feature_432"},{"properties":{"shapeName":"Laasqoray ??????","shapeISO":"None","shapeID":"SOM-ADM2-3_0_0-B71","shapeGroup":"SOM","shapeType":"ADM2"},"type":"Polygon","arcs":[[2727,2728,2729,2730]],"id":"feature_433"},{"properties":{"shapeName":"Jowhar ??????","shapeISO":"None","shapeID":"SOM-ADM2-3_0_0-B72","shapeGroup":"SOM","shapeType":"ADM2"},"type":"Polygon","arcs":[[2731,2732,2733,2734,2735,2736]],"id":"feature_434"},{"properties":{"shapeName":"Buuhoodle","shapeISO":"None","shapeID":"SOM-ADM2-3_0_0-B73","shapeGroup":"SOM","shapeType":"ADM2"},"type":"Polygon","arcs":[[2737,2738,2739,2740,2741]],"id":"feature_435"},{"properties":{"shapeName":"Cabudwaaq","shapeISO":"None","shapeID":"SOM-ADM2-3_0_0-B74","shapeGroup":"SOM","shapeType":"ADM2"},"type":"Polygon","arcs":[[2742,2743,2744]],"id":"feature_436"},{"properties":{"shapeName":"Morobo","shapeISO":"None","shapeID":"SSD-ADM2-3_0_0-B1","shapeGroup":"SSD","shapeType":"ADM2"},"type":"Polygon","arcs":[[-2756,2745,-2751,2746]],"id":"feature_437"},{"properties":{"shapeName":"Kajo-keji","shapeISO":"None","shapeID":"SSD-ADM2-3_0_0-B2","shapeGroup":"SSD","shapeType":"ADM2"},"type":"Polygon","arcs":[[-2762,2747]],"id":"feature_438"},{"properties":{"shapeName":"Lainya","shapeISO":"None","shapeID":"SSD-ADM2-3_0_0-B3","shapeGroup":"SSD","shapeType":"ADM2"},"type":"Polygon","arcs":[[2748,-2764,2749,2750,2751,-2754]],"id":"feature_439"},{"properties":{"shapeName":"Yei","shapeISO":"None","shapeID":"SSD-ADM2-3_0_0-B4","shapeGroup":"SSD","shapeType":"ADM2"},"type":"Polygon","arcs":[[-2949,-2953,2752,2753,2754,2755,2756]],"id":"feature_440"},{"properties":{"shapeName":"Juba","shapeISO":"None","shapeID":"SSD-ADM2-3_0_0-B5","shapeGroup":"SSD","shapeType":"ADM2"},"type":"Polygon","arcs":[[2757,-2802,2758,-2789,2759,-2771,2760,2761,2762,2763,2764,-2958,2765,-2768]],"id":"feature_441"},{"properties":{"shapeName":"Terekeka","shapeISO":"None","shapeID":"SSD-ADM2-3_0_0-B6","shapeGroup":"SSD","shapeType":"ADM2"},"type":"Polygon","arcs":[[-2814,-2811,2766,2767,2768,-2956,2769]],"id":"feature_442"},{"properties":{"shapeName":"Magwi","shapeISO":"None","shapeID":"SSD-ADM2-3_0_0-B7","shapeGroup":"SSD","shapeType":"ADM2"},"type":"Polygon","arcs":[[2770,2771,-2787,2772]],"id":"feature_443"},{"properties":{"shapeName":"Ikotos","shapeISO":"None","shapeID":"SSD-ADM2-3_0_0-B8","shapeGroup":"SSD","shapeType":"ADM2"},"type":"Polygon","arcs":[[2773,-2785,2774,-2781]],"id":"feature_444"},{"properties":{"shapeName":"Kapoeta South","shapeISO":"None","shapeID":"SSD-ADM2-3_0_0-B9","shapeGroup":"SSD","shapeType":"ADM2"},"type":"Polygon","arcs":[[-2791,2775,-2805,2776,-2779]],"id":"feature_445"},{"properties":{"shapeName":"Budi","shapeISO":"None","shapeID":"SSD-ADM2-3_0_0-B10","shapeGroup":"SSD","shapeType":"ADM2"},"type":"Polygon","arcs":[[-2798,2777,-2792,2778,2779,2780,2781]],"id":"feature_446"},{"properties":{"shapeName":"Torit","shapeISO":"None","shapeID":"SSD-ADM2-3_0_0-B11","shapeGroup":"SSD","shapeType":"ADM2"},"type":"Polygon","arcs":[[2782,-2800,2783,2784,2785,2786,2787,2788]],"id":"feature_447"},{"properties":{"shapeName":"Kapoeta North","shapeISO":"None","shapeID":"SSD-ADM2-3_0_0-B12","shapeGroup":"SSD","shapeType":"ADM2"},"type":"Polygon","arcs":[[-2807,2789,2790,2791,2792,-2796,2793]],"id":"feature_448"},{"properties":{"shapeName":"Lafon","shapeISO":"None","shapeID":"SSD-ADM2-3_0_0-B13","shapeGroup":"SSD","shapeType":"ADM2"},"type":"Polygon","arcs":[[2794,2795,2796,2797,2798,2799,2800,2801]],"id":"feature_449"},{"properties":{"shapeName":"Kapoeta East","shapeISO":"None","shapeID":"SSD-ADM2-3_0_0-B14","shapeGroup":"SSD","shapeType":"ADM2"},"type":"Polygon","arcs":[[2802,-3000,2803,2804,2805,2806]],"id":"feature_450"},{"properties":{"shapeName":"Awerial","shapeISO":"None","shapeID":"SSD-ADM2-3_0_0-B15","shapeGroup":"SSD","shapeType":"ADM2"},"type":"Polygon","arcs":[[-2813,2807,-2838,2808,-2995,2809,2810]],"id":"feature_451"},{"properties":{"shapeName":"Yirol West","shapeISO":"None","shapeID":"SSD-ADM2-3_0_0-B16","shapeGroup":"SSD","shapeType":"ADM2"},"type":"Polygon","arcs":[[-2822,-2840,2811,2812,2813,-2975,-2817,2814]],"id":"feature_452"},{"properties":{"shapeName":"Wulu","shapeISO":"None","shapeID":"SSD-ADM2-3_0_0-B17","shapeGroup":"SSD","shapeType":"ADM2"},"type":"Polygon","arcs":[[-2835,-2824,2815,2816,-2974,2817,-2965,-2972,2818,-2981,-2905,2819,-2825]],"id":"feature_453"},{"properties":{"shapeName":"Rumbek East","shapeISO":"None","shapeID":"SSD-ADM2-3_0_0-B18","shapeGroup":"SSD","shapeType":"ADM2"},"type":"Polygon","arcs":[[-2834,2820,-2841,2821,2822,2823]],"id":"feature_454"},{"properties":{"shapeName":"Cueibet","shapeISO":"None","shapeID":"SSD-ADM2-3_0_0-B19","shapeGroup":"SSD","shapeType":"ADM2"},"type":"Polygon","arcs":[[2824,2825,-2903,2826,-2830,-2831]],"id":"feature_455"},{"properties":{"shapeName":"Rumbek North","shapeISO":"None","shapeID":"SSD-ADM2-3_0_0-B20","shapeGroup":"SSD","shapeType":"ADM2"},"type":"Polygon","arcs":[[2827,-2909,-2871,2828,-2832,2829]],"id":"feature_456"},{"properties":{"shapeName":"Rumbek Centre","shapeISO":"None","shapeID":"SSD-ADM2-3_0_0-B21","shapeGroup":"SSD","shapeType":"ADM2"},"type":"Polygon","arcs":[[2830,2831,2832,2833,2834]],"id":"feature_457"},{"properties":{"shapeName":"Yirol East","shapeISO":"None","shapeID":"SSD-ADM2-3_0_0-B22","shapeGroup":"SSD","shapeType":"ADM2"},"type":"Polygon","arcs":[[2835,-2865,-3007,2836,2837,2838,2839,2840]],"id":"feature_458"},{"properties":{"shapeName":"Aweil South","shapeISO":"None","shapeID":"SSD-ADM2-3_0_0-B23","shapeGroup":"SSD","shapeType":"ADM2"},"type":"Polygon","arcs":[[-2925,2841,-2846,2842,-2858,2843]],"id":"feature_459"},{"properties":{"shapeName":"Aweil Centre","shapeISO":"None","shapeID":"SSD-ADM2-3_0_0-B24","shapeGroup":"SSD","shapeType":"ADM2"},"type":"Polygon","arcs":[[2844,2845,2846,-2940,2847,-2944,2848,-2852]],"id":"feature_460"},{"properties":{"shapeName":"Aweil West","shapeISO":"None","shapeID":"SSD-ADM2-3_0_0-B25","shapeGroup":"SSD","shapeType":"ADM2"},"type":"Polygon","arcs":[[-2856,2849,-2860,2850,2851,2852]],"id":"feature_461"},{"properties":{"shapeName":"Aweil North","shapeISO":"None","shapeID":"SSD-ADM2-3_0_0-B26","shapeGroup":"SSD","shapeType":"ADM2"},"type":"Polygon","arcs":[[2853,-2862,2854,2855]],"id":"feature_462"},{"properties":{"shapeName":"Aweil East","shapeISO":"None","shapeID":"SSD-ADM2-3_0_0-B27","shapeGroup":"SSD","shapeType":"ADM2"},"type":"Polygon","arcs":[[2856,2857,2858,2859,2860,2861]],"id":"feature_463"},{"properties":{"shapeName":"Panyijiar","shapeISO":"None","shapeID":"SSD-ADM2-3_0_0-B28","shapeGroup":"SSD","shapeType":"ADM2"},"type":"Polygon","arcs":[[2862,-3016,2863,2864,2865,-2869,2866,-2874]],"id":"feature_464"},{"properties":{"shapeName":"Mayendit","shapeISO":"None","shapeID":"SSD-ADM2-3_0_0-B29","shapeGroup":"SSD","shapeType":"ADM2"},"type":"Polygon","arcs":[[-2876,2867,2868,2869,2870,2871,-2879,-3036]],"id":"feature_465"},{"properties":{"shapeName":"Leer","shapeISO":"None","shapeID":"SSD-ADM2-3_0_0-B30","shapeGroup":"SSD","shapeType":"ADM2"},"type":"Polygon","arcs":[[-3035,2872,2873,2874,2875]],"id":"feature_466"},{"properties":{"shapeName":"Koch","shapeISO":"None","shapeID":"SSD-ADM2-3_0_0-B31","shapeGroup":"SSD","shapeType":"ADM2"},"type":"Polygon","arcs":[[2876,-3052,2877,2878,2879,-2918,-2884,2880,-2892,2881,-2888]],"id":"feature_467"},{"properties":{"shapeName":"Mayom","shapeISO":"None","shapeID":"SSD-ADM2-3_0_0-B32","shapeGroup":"SSD","shapeType":"ADM2"},"type":"Polygon","arcs":[[2882,2883,2884,-2920,-2927,-2896,-2894]],"id":"feature_468"},{"properties":{"shapeName":"Guit","shapeISO":"None","shapeID":"SSD-ADM2-3_0_0-B33","shapeGroup":"SSD","shapeType":"ADM2"},"type":"Polygon","arcs":[[-2890,-2899,2885,-3054,2886,2887,2888]],"id":"feature_469"},{"properties":{"shapeName":"Rubkona","shapeISO":"None","shapeID":"SSD-ADM2-3_0_0-B34","shapeGroup":"SSD","shapeType":"ADM2"},"type":"Polygon","arcs":[[2889,2890,2891,2892,2893,-2895,-2900]],"id":"feature_470"},{"properties":{"shapeName":"Abiemnhom","shapeISO":"None","shapeID":"SSD-ADM2-3_0_0-B35","shapeGroup":"SSD","shapeType":"ADM2"},"type":"Polygon","arcs":[[2894,2895,-2931,2896]],"id":"feature_471"},{"properties":{"shapeName":"Pariang","shapeISO":"None","shapeID":"SSD-ADM2-3_0_0-B36","shapeGroup":"SSD","shapeType":"ADM2"},"type":"Polygon","arcs":[[-3056,2897,2898,2899,-3807,2900,-3076]],"id":"feature_472"},{"properties":{"shapeName":"Tonj South","shapeISO":"None","shapeID":"SSD-ADM2-3_0_0-B37","shapeGroup":"SSD","shapeType":"ADM2"},"type":"Polygon","arcs":[[-2911,2901,2902,2903,2904,2905,-2936,2906,-2914]],"id":"feature_473"},{"properties":{"shapeName":"Tonj East","shapeISO":"None","shapeID":"SSD-ADM2-3_0_0-B38","shapeGroup":"SSD","shapeType":"ADM2"},"type":"Polygon","arcs":[[-2913,2907,2908,2909,2910]],"id":"feature_474"},{"properties":{"shapeName":"Tonj North","shapeISO":"None","shapeID":"SSD-ADM2-3_0_0-B39","shapeGroup":"SSD","shapeType":"ADM2"},"type":"Polygon","arcs":[[2911,2912,2913,2914,-2934,2915,-2922,2916,2917]],"id":"feature_475"},{"properties":{"shapeName":"Gogrial East","shapeISO":"None","shapeID":"SSD-ADM2-3_0_0-B40","shapeGroup":"SSD","shapeType":"ADM2"},"type":"Polygon","arcs":[[2918,-2923,-2928,2919,2920,2921]],"id":"feature_476"},{"properties":{"shapeName":"Gogrial West","shapeISO":"None","shapeID":"SSD-ADM2-3_0_0-B41","shapeGroup":"SSD","shapeType":"ADM2"},"type":"Polygon","arcs":[[-2929,2922,2923,-2942,2924,2925]],"id":"feature_477"},{"properties":{"shapeName":"Twic","shapeISO":"None","shapeID":"SSD-ADM2-3_0_0-B42","shapeGroup":"SSD","shapeType":"ADM2"},"type":"Polygon","arcs":[[2926,2927,2928,2929,2930]],"id":"feature_478"},{"properties":{"shapeName":"Wau","shapeISO":"None","shapeID":"SSD-ADM2-3_0_0-B43","shapeGroup":"SSD","shapeType":"ADM2"},"type":"Polygon","arcs":[[2931,-2938,2932,-2946]],"id":"feature_479"},{"properties":{"shapeName":"Jur River","shapeISO":"None","shapeID":"SSD-ADM2-3_0_0-B44","shapeGroup":"SSD","shapeType":"ADM2"},"type":"Polygon","arcs":[[2933,2934,2935,2936,2937,2938,2939,2940,2941,2942]],"id":"feature_480"},{"properties":{"shapeName":"Raga","shapeISO":"None","shapeID":"SSD-ADM2-3_0_0-B45","shapeGroup":"SSD","shapeType":"ADM2"},"type":"Polygon","arcs":[[2943,2944,2945,2946]],"id":"feature_481"},{"properties":{"shapeName":"Maridi","shapeISO":"None","shapeID":"SSD-ADM2-3_0_0-B46","shapeGroup":"SSD","shapeType":"ADM2"},"type":"Polygon","arcs":[[2947,-2980,-2954,2948,2949,-2963]],"id":"feature_482"},{"properties":{"shapeName":"Mundri West","shapeISO":"None","shapeID":"SSD-ADM2-3_0_0-B47","shapeGroup":"SSD","shapeType":"ADM2"},"type":"Polygon","arcs":[[2950,-2960,2951,2952,2953,-2979]],"id":"feature_483"},{"properties":{"shapeName":"Mundri East","shapeISO":"None","shapeID":"SSD-ADM2-3_0_0-B48","shapeGroup":"SSD","shapeType":"ADM2"},"type":"Polygon","arcs":[[-2977,2954,2955,2956,2957,2958,2959,2960]],"id":"feature_484"},{"properties":{"shapeName":"Ibba","shapeISO":"None","shapeID":"SSD-ADM2-3_0_0-B49","shapeGroup":"SSD","shapeType":"ADM2"},"type":"Polygon","arcs":[[2961,2962,2963,-2967]],"id":"feature_485"},{"properties":{"shapeName":"Yambio","shapeISO":"None","shapeID":"SSD-ADM2-3_0_0-B50","shapeGroup":"SSD","shapeType":"ADM2"},"type":"Polygon","arcs":[[2964,2965,2966,2967,-2969]],"id":"feature_486"},{"properties":{"shapeName":"Nzara","shapeISO":"None","shapeID":"SSD-ADM2-3_0_0-B51","shapeGroup":"SSD","shapeType":"ADM2"},"type":"Polygon","arcs":[[2968,2969,-2983,2970,2971]],"id":"feature_487"},{"properties":{"shapeName":"Mvolo","shapeISO":"None","shapeID":"SSD-ADM2-3_0_0-B52","shapeGroup":"SSD","shapeType":"ADM2"},"type":"Polygon","arcs":[[2972,2973,2974,2975,2976,2977,2978,2979]],"id":"feature_488"},{"properties":{"shapeName":"Ezo","shapeISO":"None","shapeID":"SSD-ADM2-3_0_0-B53","shapeGroup":"SSD","shapeType":"ADM2"},"type":"Polygon","arcs":[[2980,2981,2982,2983,-2988,2984,-2991,2985]],"id":"feature_489"},{"properties":{"shapeName":"Tambura","shapeISO":"None","shapeID":"SSD-ADM2-3_0_0-B54","shapeGroup":"SSD","shapeType":"ADM2"},"type":"Polygon","arcs":[[2986,2987,2988,-2993]],"id":"feature_490"},{"properties":{"shapeName":"Nagero","shapeISO":"None","shapeID":"SSD-ADM2-3_0_0-B55","shapeGroup":"SSD","shapeType":"ADM2"},"type":"Polygon","arcs":[[2989,2990,2991,2992]],"id":"feature_491"},{"properties":{"shapeName":"Bor South","shapeISO":"None","shapeID":"SSD-ADM2-3_0_0-B56","shapeGroup":"SSD","shapeType":"ADM2"},"type":"Polygon","arcs":[[-3003,2993,2994,2995,-3005,2996,-3019]],"id":"feature_492"},{"properties":{"shapeName":"Pibor","shapeISO":"None","shapeID":"SSD-ADM2-3_0_0-B57","shapeGroup":"SSD","shapeType":"ADM2"},"type":"Polygon","arcs":[[-3018,-3027,2997,-3010,2998,2999,3000,3001,3002]],"id":"feature_493"},{"properties":{"shapeName":"Twic East","shapeISO":"None","shapeID":"SSD-ADM2-3_0_0-B58","shapeGroup":"SSD","shapeType":"ADM2"},"type":"Polygon","arcs":[[-3014,-3021,3003,3004,3005,3006,3007]],"id":"feature_494"},{"properties":{"shapeName":"Pochalla","shapeISO":"None","shapeID":"SSD-ADM2-3_0_0-B59","shapeGroup":"SSD","shapeType":"ADM2"},"type":"Polygon","arcs":[[-3025,3008,3009,3010]],"id":"feature_495"},{"properties":{"shapeName":"Duk","shapeISO":"None","shapeID":"SSD-ADM2-3_0_0-B60","shapeGroup":"SSD","shapeType":"ADM2"},"type":"Polygon","arcs":[[3011,-3033,3012,-3022,3013,3014,3015]],"id":"feature_496"},{"properties":{"shapeName":"Uror","shapeISO":"None","shapeID":"SSD-ADM2-3_0_0-B61","shapeGroup":"SSD","shapeType":"ADM2"},"type":"Polygon","arcs":[[-3031,3016,-3041,-3028,3017,3018,3019,3020,3021,3022]],"id":"feature_497"},{"properties":{"shapeName":"Akobo","shapeISO":"None","shapeID":"SSD-ADM2-3_0_0-B62","shapeGroup":"SSD","shapeType":"ADM2"},"type":"Polygon","arcs":[[-3059,3023,3024,3025,3026,3027,-3040]],"id":"feature_498"},{"properties":{"shapeName":"Ayod","shapeISO":"None","shapeID":"SSD-ADM2-3_0_0-B63","shapeGroup":"SSD","shapeType":"ADM2"},"type":"Polygon","arcs":[[3028,-3043,3029,3030,3031,3032,3033,3034,3035,3036,-3050]],"id":"feature_499"},{"properties":{"shapeName":"Nyirol","shapeISO":"None","shapeID":"SSD-ADM2-3_0_0-B64","shapeGroup":"SSD","shapeType":"ADM2"},"type":"Polygon","arcs":[[3037,-3045,-3091,3038,-3060,3039,3040,3041,3042]],"id":"feature_500"},{"properties":{"shapeName":"Canal/Pigi","shapeISO":"None","shapeID":"SSD-ADM2-3_0_0-B65","shapeGroup":"SSD","shapeType":"ADM2"},"type":"Polygon","arcs":[[3043,-3073,3044,3045,-3048]],"id":"feature_501"},{"properties":{"shapeName":"Fangak","shapeISO":"None","shapeID":"SSD-ADM2-3_0_0-B66","shapeGroup":"SSD","shapeType":"ADM2"},"type":"Polygon","arcs":[[-3075,3046,3047,3048,3049,3050,3051,3052,3053,3054,3055]],"id":"feature_502"},{"properties":{"shapeName":"Ulang","shapeISO":"None","shapeID":"SSD-ADM2-3_0_0-B67","shapeGroup":"SSD","shapeType":"ADM2"},"type":"Polygon","arcs":[[3056,-3067,3057,3058,3059]],"id":"feature_503"},{"properties":{"shapeName":"Maiwut","shapeISO":"None","shapeID":"SSD-ADM2-3_0_0-B68","shapeGroup":"SSD","shapeType":"ADM2"},"type":"Polygon","arcs":[[-3070,3060,-3065,3061]],"id":"feature_504"},{"properties":{"shapeName":"Luakpiny/Nasir","shapeISO":"None","shapeID":"SSD-ADM2-3_0_0-B69","shapeGroup":"SSD","shapeType":"ADM2"},"type":"Polygon","arcs":[[3062,-3089,-3072,3063,3064,3065,3066]],"id":"feature_505"},{"properties":{"shapeName":"Longochuk","shapeISO":"None","shapeID":"SSD-ADM2-3_0_0-B70","shapeGroup":"SSD","shapeType":"ADM2"},"type":"Polygon","arcs":[[3067,-3119,3068,3069,3070,3071,-3088]],"id":"feature_506"},{"properties":{"shapeName":"Panyikang","shapeISO":"None","shapeID":"SSD-ADM2-3_0_0-B71","shapeGroup":"SSD","shapeType":"ADM2"},"type":"Polygon","arcs":[[-3092,3072,3073,3074,3075,3076,-3468,3077,-3083,3078]],"id":"feature_507"},{"properties":{"shapeName":"Malakal","shapeISO":"None","shapeID":"SSD-ADM2-3_0_0-B72","shapeGroup":"SSD","shapeType":"ADM2"},"type":"Polygon","arcs":[[3079,-3096,3080,-3085,3081,3082]],"id":"feature_508"},{"properties":{"shapeName":"Baliet","shapeISO":"None","shapeID":"SSD-ADM2-3_0_0-B73","shapeGroup":"SSD","shapeType":"ADM2"},"type":"Polygon","arcs":[[3083,3084,3085,-3094,-3099,3086,3087,3088,3089,3090,3091]],"id":"feature_509"},{"properties":{"shapeName":"Fashoda","shapeISO":"None","shapeID":"SSD-ADM2-3_0_0-B74","shapeGroup":"SSD","shapeType":"ADM2"},"type":"Polygon","arcs":[[3092,3093,3094,3095,3096,-3106]],"id":"feature_510"},{"properties":{"shapeName":"Melut","shapeISO":"None","shapeID":"SSD-ADM2-3_0_0-B75","shapeGroup":"SSD","shapeType":"ADM2"},"type":"Polygon","arcs":[[-3114,3097,3098,3099,-3104,3100,-3110,3101]],"id":"feature_511"},{"properties":{"shapeName":"Manyo","shapeISO":"None","shapeID":"SSD-ADM2-3_0_0-B76","shapeGroup":"SSD","shapeType":"ADM2"},"type":"Polygon","arcs":[[3102,3103,3104,3105,3106,-3465,3107,-3112]],"id":"feature_512"},{"properties":{"shapeName":"Renk","shapeISO":"None","shapeID":"SSD-ADM2-3_0_0-B77","shapeGroup":"SSD","shapeType":"ADM2"},"type":"Polygon","arcs":[[-3116,3108,3109,3110,3111,3112]],"id":"feature_513"},{"properties":{"shapeName":"Maban","shapeISO":"None","shapeID":"SSD-ADM2-3_0_0-B78","shapeGroup":"SSD","shapeType":"ADM2"},"type":"Polygon","arcs":[[3113,3114,3115,3116,-3979,3117,-3977,3118,3119]],"id":"feature_514"},{"properties":{"shapeName":"Jabal Aulia","shapeISO":"None","shapeID":"SDN-ADM2-3_0_0-B1","shapeGroup":"SDN","shapeType":"ADM2"},"type":"Polygon","arcs":[[3120,-3284,3121,-3361,3122,-3148,3123,-3156]],"id":"feature_515"},{"properties":{"shapeName":"Umm Badda","shapeISO":"None","shapeID":"SDN-ADM2-3_0_0-B2","shapeGroup":"SDN","shapeType":"ADM2"},"type":"Polygon","arcs":[[-3144,3124,-3142,3125,-3151,-3233,-3199,-3164,3126]],"id":"feature_516"},{"properties":{"shapeName":"Khartoum North","shapeISO":"None","shapeID":"SDN-ADM2-3_0_0-B3","shapeGroup":"SDN","shapeType":"ADM2"},"type":"Polygon","arcs":[[-3137,3127,-3158,3128,-3139,-3170,3129]],"id":"feature_517"},{"properties":{"shapeName":"Sharq El Nile","shapeISO":"None","shapeID":"SDN-ADM2-3_0_0-B4","shapeGroup":"SDN","shapeType":"ADM2"},"type":"Polygon","arcs":[[-4056,3130,-4079,3131,-3267,3132,-3265,3133,-3286,3134,-3154,3135,3136,3137,-3168]],"id":"feature_518"},{"properties":{"shapeName":"Karari","shapeISO":"None","shapeID":"SDN-ADM2-3_0_0-B5","shapeGroup":"SDN","shapeType":"ADM2"},"type":"Polygon","arcs":[[3138,3139,-3146,3140,3141,3142,3143,3144]],"id":"feature_519"},{"properties":{"shapeName":"Um Durman","shapeISO":"None","shapeID":"SDN-ADM2-3_0_0-B6","shapeGroup":"SDN","shapeType":"ADM2"},"type":"Polygon","arcs":[[3145,3146,3147,3148,-3378,3149,3150,3151]],"id":"feature_520"},{"properties":{"shapeName":"Khartoum","shapeISO":"None","shapeID":"SDN-ADM2-3_0_0-B7","shapeGroup":"SDN","shapeType":"ADM2"},"type":"Polygon","arcs":[[3152,3153,3154,3155,3156,3157]],"id":"feature_521"},{"properties":{"shapeName":"Abu Hamed","shapeISO":"None","shapeID":"SDN-ADM2-3_0_0-B8","shapeGroup":"SDN","shapeType":"ADM2"},"type":"Polygon","arcs":[[-3399,3158,-3406,3159,-3404,3160,-3189,-3210,3161]],"id":"feature_522"},{"properties":{"shapeName":"El Matammah","shapeISO":"None","shapeID":"SDN-ADM2-3_0_0-B9","shapeGroup":"SDN","shapeType":"ADM2"},"type":"Polygon","arcs":[[-3171,3162,3163,3164,-3178,3165]],"id":"feature_523"},{"properties":{"shapeName":"Shendi","shapeISO":"None","shapeID":"SDN-ADM2-3_0_0-B10","shapeGroup":"SDN","shapeType":"ADM2"},"type":"Polygon","arcs":[[3166,-4057,3167,3168,3169,3170,3171,-3176]],"id":"feature_524"},{"properties":{"shapeName":"Ed Damer","shapeISO":"None","shapeID":"SDN-ADM2-3_0_0-B11","shapeGroup":"SDN","shapeType":"ADM2"},"type":"Polygon","arcs":[[-4040,3172,-4046,3173,-4059,3174,3175,3176,3177,3178,-3182,3179]],"id":"feature_525"},{"properties":{"shapeName":"Atbara","shapeISO":"None","shapeID":"SDN-ADM2-3_0_0-B12","shapeGroup":"SDN","shapeType":"ADM2"},"type":"Polygon","arcs":[[3180,3181,3182,-3204,3183,-3187]],"id":"feature_526"},{"properties":{"shapeName":"Barbar","shapeISO":"None","shapeID":"SDN-ADM2-3_0_0-B13","shapeGroup":"SDN","shapeType":"ADM2"},"type":"Polygon","arcs":[[3184,-3425,3185,3186,3187,3188]],"id":"feature_527"},{"properties":{"shapeName":"Alborgag","shapeISO":"None","shapeID":"SDN-ADM2-3_0_0-B14","shapeGroup":"SDN","shapeType":"ADM2"},"type":"Polygon","arcs":[[-3191,-3972,3189]],"id":"feature_528"},{"properties":{"shapeName":"Dongola","shapeISO":"None","shapeID":"SDN-ADM2-3_0_0-B15","shapeGroup":"SDN","shapeType":"ADM2"},"type":"Polygon","arcs":[[3190,3191,-3208,3192,-3196,3193]],"id":"feature_529"},{"properties":{"shapeName":"Algolid","shapeISO":"None","shapeID":"SDN-ADM2-3_0_0-B16","shapeGroup":"SDN","shapeType":"ADM2"},"type":"Polygon","arcs":[[-3201,3194,3195,3196]],"id":"feature_530"},{"properties":{"shapeName":"Al Daba","shapeISO":"None","shapeID":"SDN-ADM2-3_0_0-B17","shapeGroup":"SDN","shapeType":"ADM2"},"type":"Polygon","arcs":[[3197,3198,3199,3200,3201,-3206]],"id":"feature_531"},{"properties":{"shapeName":"Merawi","shapeISO":"None","shapeID":"SDN-ADM2-3_0_0-B18","shapeGroup":"SDN","shapeType":"ADM2"},"type":"Polygon","arcs":[[3202,3203,3204,3205,3206,3207,3208,3209]],"id":"feature_532"},{"properties":{"shapeName":"Sodari","shapeISO":"None","shapeID":"SDN-ADM2-3_0_0-B19","shapeGroup":"SDN","shapeType":"ADM2"},"type":"Polygon","arcs":[[3210,3211,-3231,-3225,3212,-3908,3213,-3240,3214,-3238,3215,-3549]],"id":"feature_533"},{"properties":{"shapeName":"Bara","shapeISO":"None","shapeID":"SDN-ADM2-3_0_0-B20","shapeGroup":"SDN","shapeType":"ADM2"},"type":"Polygon","arcs":[[3216,-3335,3217,-3875,3218,-3873,3219,-3871,3220,-3887,3221,-3885,-3893,3222,-3894,3223,3224,-3230]],"id":"feature_534"},{"properties":{"shapeName":"Jebrat El Sheikh","shapeISO":"None","shapeID":"SDN-ADM2-3_0_0-B21","shapeGroup":"SDN","shapeType":"ADM2"},"type":"Polygon","arcs":[[3225,-3376,3226,-3343,3227,-3341,3228,3229,3230,3231,3232]],"id":"feature_535"},{"properties":{"shapeName":"Wad Banda","shapeISO":"None","shapeID":"SDN-ADM2-3_0_0-B22","shapeGroup":"SDN","shapeType":"ADM2"},"type":"Polygon","arcs":[[-3906,3233,-3904,3234,-3902,3235,-3803,3236,-3651,3237,3238,3239,3240]],"id":"feature_536"},{"properties":{"shapeName":"Greater Wad Madani","shapeISO":"None","shapeID":"SDN-ADM2-3_0_0-B23","shapeGroup":"SDN","shapeType":"ADM2"},"type":"Polygon","arcs":[[-3256,-3323,3241,-3248,3242,-3246,3243]],"id":"feature_537"},{"properties":{"shapeName":"Southern El Gezira","shapeISO":"None","shapeID":"SDN-ADM2-3_0_0-B24","shapeGroup":"SDN","shapeType":"ADM2"},"type":"Polygon","arcs":[[3244,3245,3246,3247,3248,-3321,3249,-3319,-3302,3250,-3300,3251,-3288,3252,-3274]],"id":"feature_538"},{"properties":{"shapeName":"Um El Qura","shapeISO":"None","shapeID":"SDN-ADM2-3_0_0-B25","shapeGroup":"SDN","shapeType":"ADM2"},"type":"Polygon","arcs":[[3253,-4082,3254,3255,3256,-3260,3257,-4075]],"id":"feature_539"},{"properties":{"shapeName":"Eastern El Gezira","shapeISO":"None","shapeID":"SDN-ADM2-3_0_0-B26","shapeGroup":"SDN","shapeType":"ADM2"},"type":"Polygon","arcs":[[-4077,3258,3259,3260,-3272,3261,-3270,3262,-3278,3263,3264,3265,3266]],"id":"feature_540"},{"properties":{"shapeName":"El Hasaheesa","shapeISO":"None","shapeID":"SDN-ADM2-3_0_0-B27","shapeGroup":"SDN","shapeType":"ADM2"},"type":"Polygon","arcs":[[-3282,3267,-3280,3268,3269,3270,3271,3272,3273,3274,-3295,3275,-3363,3276]],"id":"feature_541"},{"properties":{"shapeName":"El Kamleen","shapeISO":"None","shapeID":"SDN-ADM2-3_0_0-B28","shapeGroup":"SDN","shapeType":"ADM2"},"type":"Polygon","arcs":[[3277,3278,3279,3280,3281,3282,3283,3284,3285,3286]],"id":"feature_542"},{"properties":{"shapeName":"El Manageel","shapeISO":"None","shapeID":"SDN-ADM2-3_0_0-B29","shapeGroup":"SDN","shapeType":"ADM2"},"type":"Polygon","arcs":[[3287,3288,3289,-3304,-3347,3290,-3369,3291,-3367,3292,-3365,3293,3294,3295]],"id":"feature_543"},{"properties":{"shapeName":"Abu Houjar","shapeISO":"None","shapeID":"SDN-ADM2-3_0_0-B30","shapeGroup":"SDN","shapeType":"ADM2"},"type":"Polygon","arcs":[[-3307,3296,-3327,3297,-3312,3298]],"id":"feature_544"},{"properties":{"shapeName":"Sennar","shapeISO":"None","shapeID":"SDN-ADM2-3_0_0-B31","shapeGroup":"SDN","shapeType":"ADM2"},"type":"Polygon","arcs":[[3299,3300,3301,3302,-3330,-3309,-3384,-3345,3303,3304]],"id":"feature_545"},{"properties":{"shapeName":"El Dali","shapeISO":"None","shapeID":"SDN-ADM2-3_0_0-B32","shapeGroup":"SDN","shapeType":"ADM2"},"type":"Polygon","arcs":[[3305,3306,3307,-3379,3308,-3329]],"id":"feature_546"},{"properties":{"shapeName":"El Souki","shapeISO":"None","shapeID":"SDN-ADM2-3_0_0-B33","shapeGroup":"SDN","shapeType":"ADM2"},"type":"Polygon","arcs":[[3309,-3921,3310,3311,3312,-3325,3313,-3317,-3913]],"id":"feature_547"},{"properties":{"shapeName":"Eastern Sennar","shapeISO":"None","shapeID":"SDN-ADM2-3_0_0-B34","shapeGroup":"SDN","shapeType":"ADM2"},"type":"Polygon","arcs":[[3314,-4091,3315,-3914,3316,3317,3318,3319,3320,3321,3322]],"id":"feature_548"},{"properties":{"shapeName":"Singa","shapeISO":"None","shapeID":"SDN-ADM2-3_0_0-B35","shapeGroup":"SDN","shapeType":"ADM2"},"type":"Polygon","arcs":[[3323,3324,3325,3326,3327,3328,3329]],"id":"feature_549"},{"properties":{"shapeName":"El Douiem","shapeISO":"None","shapeID":"SDN-ADM2-3_0_0-B36","shapeGroup":"SDN","shapeType":"ADM2"},"type":"Polygon","arcs":[[-3372,3330,-3353,3331,-3357,3332,-3858,3333,3334,3335,-3339,3336]],"id":"feature_550"},{"properties":{"shapeName":"Umm Ramtta","shapeISO":"None","shapeID":"SDN-ADM2-3_0_0-B37","shapeGroup":"SDN","shapeType":"ADM2"},"type":"Polygon","arcs":[[-3374,3337,3338,3339,3340,3341,3342,3343]],"id":"feature_551"},{"properties":{"shapeName":"Rabak","shapeISO":"None","shapeID":"SDN-ADM2-3_0_0-B38","shapeGroup":"SDN","shapeType":"ADM2"},"type":"Polygon","arcs":[[3344,-3383,-3349,3345,3346]],"id":"feature_552"},{"properties":{"shapeName":"Kosti","shapeISO":"None","shapeID":"SDN-ADM2-3_0_0-B39","shapeGroup":"SDN","shapeType":"ADM2"},"type":"Polygon","arcs":[[-3371,3347,3348,-3382,3349,-3856,3350,-3359,3351,3352,3353]],"id":"feature_553"},{"properties":{"shapeName":"Tendalti","shapeISO":"None","shapeID":"SDN-ADM2-3_0_0-B40","shapeGroup":"SDN","shapeType":"ADM2"},"type":"Polygon","arcs":[[-3854,3354,-3860,3355,3356,3357,3358,3359]],"id":"feature_554"},{"properties":{"shapeName":"El Gutaina","shapeISO":"None","shapeID":"SDN-ADM2-3_0_0-B41","shapeGroup":"SDN","shapeType":"ADM2"},"type":"Polygon","arcs":[[3360,3361,3362,3363,3364,3365,3366,3367,3368,3369,3370,3371,3372,3373,3374,3375,3376,3377]],"id":"feature_555"},{"properties":{"shapeName":"El Jabalian","shapeISO":"None","shapeID":"SDN-ADM2-3_0_0-B42","shapeGroup":"SDN","shapeType":"ADM2"},"type":"Polygon","arcs":[[3378,3379,-3850,3380,3381,3382,3383]],"id":"feature_556"},{"properties":{"shapeName":"Halfa El Jadeeda","shapeISO":"None","shapeID":"SDN-ADM2-3_0_0-B43","shapeGroup":"SDN","shapeType":"ADM2"},"type":"Polygon","arcs":[[3384,-4062,3385,-4052]],"id":"feature_557"},{"properties":{"shapeName":"Rural Kassala","shapeISO":"None","shapeID":"SDN-ADM2-3_0_0-B44","shapeGroup":"SDN","shapeType":"ADM2"},"type":"Polygon","arcs":[[-4115,3386,-4123,3387,-4112,3388,-4037,3389,-4128,3390]],"id":"feature_558"},{"properties":{"shapeName":"Hamashkoreib","shapeISO":"None","shapeID":"SDN-ADM2-3_0_0-B45","shapeGroup":"SDN","shapeType":"ADM2"},"type":"Polygon","arcs":[[-4132,3391,-4034,3392]],"id":"feature_559"},{"properties":{"shapeName":"Port Sudan","shapeISO":"None","shapeID":"SDN-ADM2-3_0_0-B46","shapeGroup":"SDN","shapeType":"ADM2"},"type":"Polygon","arcs":[[-3411,3393]],"id":"feature_560"},{"properties":{"shapeName":"Tokar","shapeISO":"None","shapeID":"SDN-ADM2-3_0_0-B47","shapeGroup":"SDN","shapeType":"ADM2"},"type":"Polygon","arcs":[[-3431,3394,-3429,3395,-3422,3396]],"id":"feature_561"},{"properties":{"shapeName":"Halayeb","shapeISO":"None","shapeID":"SDN-ADM2-3_0_0-B48","shapeGroup":"SDN","shapeType":"ADM2"},"type":"Polygon","arcs":[[-3408,3397,3398,3399]],"id":"feature_562"},{"properties":{"shapeName":"Jabiet Al Maadin","shapeISO":"None","shapeID":"SDN-ADM2-3_0_0-B49","shapeGroup":"SDN","shapeType":"ADM2"},"type":"Polygon","arcs":[[3400,-3418,3401,-3427,3402,3403,3404,3405,3406,3407]],"id":"feature_563"},{"properties":{"shapeName":"Suakin","shapeISO":"None","shapeID":"SDN-ADM2-3_0_0-B50","shapeGroup":"SDN","shapeType":"ADM2"},"type":"Polygon","arcs":[[3408,-3413]],"id":"feature_564"},{"properties":{"shapeName":"El Qaneb","shapeISO":"None","shapeID":"SDN-ADM2-3_0_0-B51","shapeGroup":"SDN","shapeType":"ADM2"},"type":"Polygon","arcs":[[3409,3410,3411,3412,3413,-4033,3414,-4031,3415,-3419,3416,3417]],"id":"feature_565"},{"properties":{"shapeName":"Haya","shapeISO":"None","shapeID":"SDN-ADM2-3_0_0-B52","shapeGroup":"SDN","shapeType":"ADM2"},"type":"Polygon","arcs":[[3418,3419,-4029,3420,3421,3422,-4042,3423,3424,3425,3426,3427]],"id":"feature_566"},{"properties":{"shapeName":"Agig","shapeISO":"None","shapeID":"SDN-ADM2-3_0_0-B53","shapeGroup":"SDN","shapeType":"ADM2"},"type":"Polygon","arcs":[[3428,3429,3430,3431]],"id":"feature_567"},{"properties":{"shapeName":"El Fashaga","shapeISO":"None","shapeID":"SDN-ADM2-3_0_0-B54","shapeGroup":"SDN","shapeType":"ADM2"},"type":"Polygon","arcs":[[-3440,3432,-3447,-4072,3433,-4119,3434,-4117,3435]],"id":"feature_568"},{"properties":{"shapeName":"El Quresha","shapeISO":"None","shapeID":"SDN-ADM2-3_0_0-B55","shapeGroup":"SDN","shapeType":"ADM2"},"type":"Polygon","arcs":[[3436,-3457,3437,-4111,3438,3439]],"id":"feature_569"},{"properties":{"shapeName":"Basonda","shapeISO":"None","shapeID":"SDN-ADM2-3_0_0-B56","shapeGroup":"SDN","shapeType":"ADM2"},"type":"Polygon","arcs":[[-4103,3440,-3454,3441]],"id":"feature_570"},{"properties":{"shapeName":"Qala El Nahal","shapeISO":"None","shapeID":"SDN-ADM2-3_0_0-B57","shapeGroup":"SDN","shapeType":"ADM2"},"type":"Polygon","arcs":[[-4107,3442,-4094,3443,-4088,3444]],"id":"feature_571"},{"properties":{"shapeName":"Gedaref","shapeISO":"None","shapeID":"SDN-ADM2-3_0_0-B58","shapeGroup":"SDN","shapeType":"ADM2"},"type":"Polygon","arcs":[[3445,-3450]],"id":"feature_572"},{"properties":{"shapeName":"Middle Gedaref","shapeISO":"None","shapeID":"SDN-ADM2-3_0_0-B59","shapeGroup":"SDN","shapeType":"ADM2"},"type":"Polygon","arcs":[[3446,3447,-4109,3448,3449,3450,-4087,3451,-4084,3452,-4073]],"id":"feature_573"},{"properties":{"shapeName":"Eastern El Galabat","shapeISO":"None","shapeID":"SDN-ADM2-3_0_0-B60","shapeGroup":"SDN","shapeType":"ADM2"},"type":"Polygon","arcs":[[3453,3454,-4101,3455,3456,3457]],"id":"feature_574"},{"properties":{"shapeName":"Keilak","shapeISO":"None","shapeID":"SDN-ADM2-3_0_0-B61","shapeGroup":"SDN","shapeType":"ADM2"},"type":"Polygon","arcs":[[3458,-3805,3459,-3510,3460,-3495]],"id":"feature_575"},{"properties":{"shapeName":"Abu Jubaiha","shapeISO":"None","shapeID":"SDN-ADM2-3_0_0-B62","shapeGroup":"SDN","shapeType":"ADM2"},"type":"Polygon","arcs":[[-3473,3461,-3838,3462,-3844,3463,3464,3465]],"id":"feature_576"},{"properties":{"shapeName":"Talodi","shapeISO":"None","shapeID":"SDN-ADM2-3_0_0-B63","shapeGroup":"SDN","shapeType":"ADM2"},"type":"Polygon","arcs":[[3466,3467,3468,-3501,3469,-3474,3470,-3483,3471,3472]],"id":"feature_577"},{"properties":{"shapeName":"Umm Durein","shapeISO":"None","shapeID":"SDN-ADM2-3_0_0-B64","shapeGroup":"SDN","shapeType":"ADM2"},"type":"Polygon","arcs":[[3473,3474,-3503,3475,-3493,3476,-3488,3477,-3485,3478]],"id":"feature_578"},{"properties":{"shapeName":"Dilling","shapeISO":"None","shapeID":"SDN-ADM2-3_0_0-B65","shapeGroup":"SDN","shapeType":"ADM2"},"type":"Polygon","arcs":[[-3517,3479,-3825,3480,-3833,3481]],"id":"feature_579"},{"properties":{"shapeName":"Heiban","shapeISO":"None","shapeID":"SDN-ADM2-3_0_0-B66","shapeGroup":"SDN","shapeType":"ADM2"},"type":"Polygon","arcs":[[3482,3483,3484,3485,-3513,3486]],"id":"feature_580"},{"properties":{"shapeName":"Reif Ashargi","shapeISO":"None","shapeID":"SDN-ADM2-3_0_0-B67","shapeGroup":"SDN","shapeType":"ADM2"},"type":"Polygon","arcs":[[3487,3488,-3498,3489,-3506,3490,-3515,3491]],"id":"feature_581"},{"properties":{"shapeName":"Kadugli","shapeISO":"None","shapeID":"SDN-ADM2-3_0_0-B68","shapeGroup":"SDN","shapeType":"ADM2"},"type":"Polygon","arcs":[[3492,3493,3494,3495,-3508,3496,3497,3498]],"id":"feature_582"},{"properties":{"shapeName":"Al Buram","shapeISO":"None","shapeID":"SDN-ADM2-3_0_0-B69","shapeGroup":"SDN","shapeType":"ADM2"},"type":"Polygon","arcs":[[3499,3500,3501,3502]],"id":"feature_583"},{"properties":{"shapeName":"Abyei PCA Area","shapeISO":"None","shapeID":"SDN-ADM2-3_0_0-B70","shapeGroup":"SDN","shapeType":"ADM2"},"type":"Polygon","arcs":[[3503,-3809]],"id":"feature_584"},{"properties":{"shapeName":"Lagawa","shapeISO":"None","shapeID":"SDN-ADM2-3_0_0-B71","shapeGroup":"SDN","shapeType":"ADM2"},"type":"Polygon","arcs":[[3504,3505,3506,3507,3508,3509,3510,-3827]],"id":"feature_585"},{"properties":{"shapeName":"Habila","shapeISO":"None","shapeID":"SDN-ADM2-3_0_0-B72","shapeGroup":"SDN","shapeType":"ADM2"},"type":"Polygon","arcs":[[-3840,3511,3512,3513,3514,3515,3516,3517,-3831,3518]],"id":"feature_586"},{"properties":{"shapeName":"Bau","shapeISO":"None","shapeID":"SDN-ADM2-3_0_0-B73","shapeGroup":"SDN","shapeType":"ADM2"},"type":"Polygon","arcs":[[3519,-3986,3520,-3981,3521,-3525,3522,-4024]],"id":"feature_587"},{"properties":{"shapeName":"Al Tadamon","shapeISO":"None","shapeID":"SDN-ADM2-3_0_0-B74","shapeGroup":"SDN","shapeType":"ADM2"},"type":"Polygon","arcs":[[3523,3524,3525,-4026]],"id":"feature_588"},{"properties":{"shapeName":"Azum","shapeISO":"None","shapeID":"SDN-ADM2-3_0_0-B75","shapeGroup":"SDN","shapeType":"ADM2"},"type":"Polygon","arcs":[[-3665,3526,-3567,-3586,-3671,3527]],"id":"feature_589"},{"properties":{"shapeName":"Beida","shapeISO":"None","shapeID":"SDN-ADM2-3_0_0-B76","shapeGroup":"SDN","shapeType":"ADM2"},"type":"Polygon","arcs":[[3528,-3571,3529,-3545]],"id":"feature_590"},{"properties":{"shapeName":"Bindisi","shapeISO":"None","shapeID":"SDN-ADM2-3_0_0-B77","shapeGroup":"SDN","shapeType":"ADM2"},"type":"Polygon","arcs":[[-3959,3530,-3661,3531,-3620,3532]],"id":"feature_591"},{"properties":{"shapeName":"Dar El Salam","shapeISO":"None","shapeID":"SDN-ADM2-3_0_0-B78","shapeGroup":"SDN","shapeType":"ADM2"},"type":"Polygon","arcs":[[-3709,3533,-3700,-3540,3534,-3596,3535]],"id":"feature_592"},{"properties":{"shapeName":"El Fasher","shapeISO":"None","shapeID":"SDN-ADM2-3_0_0-B79","shapeGroup":"SDN","shapeType":"ADM2"},"type":"Polygon","arcs":[[-3613,3536,-3611,3537,-3598,3538,3539,3540,-3785,3541,-3605]],"id":"feature_593"},{"properties":{"shapeName":"El Geneina","shapeISO":"None","shapeID":"SDN-ADM2-3_0_0-B80","shapeGroup":"SDN","shapeType":"ADM2"},"type":"Polygon","arcs":[[-3589,3542,-3573,3543,3544,3545,-3647]],"id":"feature_594"},{"properties":{"shapeName":"El Kuma","shapeISO":"None","shapeID":"SDN-ADM2-3_0_0-B81","shapeGroup":"SDN","shapeType":"ADM2"},"type":"Polygon","arcs":[[3546,-3656,3547,-3610,-3551]],"id":"feature_595"},{"properties":{"shapeName":"El Malha","shapeISO":"None","shapeID":"SDN-ADM2-3_0_0-B82","shapeGroup":"SDN","shapeType":"ADM2"},"type":"Polygon","arcs":[[3548,3549,3550,-3615,-3609,3551,-3969,3552]],"id":"feature_596"},{"properties":{"shapeName":"El Sireaf","shapeISO":"None","shapeID":"SDN-ADM2-3_0_0-B83","shapeGroup":"SDN","shapeType":"ADM2"},"type":"Polygon","arcs":[[3553,-3965,3554,-3582,3555,-3643,3556,-3641,3557,-3601,3558]],"id":"feature_597"},{"properties":{"shapeName":"El Taweisha","shapeISO":"None","shapeID":"SDN-ADM2-3_0_0-B84","shapeGroup":"SDN","shapeType":"ADM2"},"type":"Polygon","arcs":[[3559,-3801,3560,-3776,-3678,3561,-4003,3562,-3593,3563,-3653]],"id":"feature_598"},{"properties":{"shapeName":"Foro Baranga","shapeISO":"None","shapeID":"SDN-ADM2-3_0_0-B85","shapeGroup":"SDN","shapeType":"ADM2"},"type":"Polygon","arcs":[[3564,-3569,3565,-3663]],"id":"feature_599"},{"properties":{"shapeName":"Habila","shapeISO":"None","shapeID":"SDN-ADM2-3_0_0-B86","shapeGroup":"SDN","shapeType":"ADM2"},"type":"Polygon","arcs":[[3566,3567,3568,3569,3570,3571,3572,3573,-3587]],"id":"feature_600"},{"properties":{"shapeName":"Jebel Moon","shapeISO":"None","shapeID":"SDN-ADM2-3_0_0-B87","shapeGroup":"SDN","shapeType":"ADM2"},"type":"Polygon","arcs":[[3574,-3591,3575,-3649,3576,-3603]],"id":"feature_601"},{"properties":{"shapeName":"Kebkabiya","shapeISO":"None","shapeID":"SDN-ADM2-3_0_0-B88","shapeGroup":"SDN","shapeType":"ADM2"},"type":"Polygon","arcs":[[3577,-3783,3578,-3632,3579,-3625,3580,3581,3582]],"id":"feature_602"},{"properties":{"shapeName":"Kreinik","shapeISO":"None","shapeID":"SDN-ADM2-3_0_0-B89","shapeGroup":"SDN","shapeType":"ADM2"},"type":"Polygon","arcs":[[3583,-3639,3584,-3637,-3672,3585,3586,3587,3588,-3646,3589,3590]],"id":"feature_603"},{"properties":{"shapeName":"Kalimendo","shapeISO":"None","shapeID":"SDN-ADM2-3_0_0-B90","shapeGroup":"SDN","shapeType":"ADM2"},"type":"Polygon","arcs":[[-3655,3591,3592,3593,-4001,3594,3595,3596,3597,3598]],"id":"feature_604"},{"properties":{"shapeName":"Kulbus","shapeISO":"None","shapeID":"SDN-ADM2-3_0_0-B91","shapeGroup":"SDN","shapeType":"ADM2"},"type":"Polygon","arcs":[[-3786,-3770,3599,3600,3601,3602,3603]],"id":"feature_605"},{"properties":{"shapeName":"Kutum","shapeISO":"None","shapeID":"SDN-ADM2-3_0_0-B92","shapeGroup":"SDN","shapeType":"ADM2"},"type":"Polygon","arcs":[[-3614,3604,3605,-3963,3606,-3961,3607,3608]],"id":"feature_606"},{"properties":{"shapeName":"Mellit","shapeISO":"None","shapeID":"SDN-ADM2-3_0_0-B93","shapeGroup":"SDN","shapeType":"ADM2"},"type":"Polygon","arcs":[[3609,3610,3611,3612,3613,3614]],"id":"feature_607"},{"properties":{"shapeName":"Mukjar","shapeISO":"None","shapeID":"SDN-ADM2-3_0_0-B94","shapeGroup":"SDN","shapeType":"ADM2"},"type":"Polygon","arcs":[[3615,-3717,3616,-3724,3617,-3960,3618,3619,3620,-3659]],"id":"feature_608"},{"properties":{"shapeName":"Nertiti","shapeISO":"None","shapeID":"SDN-ADM2-3_0_0-B95","shapeGroup":"SDN","shapeType":"ADM2"},"type":"Polygon","arcs":[[-3630,3621,-3689,3622,-3666,3623,-3635,3624,3625]],"id":"feature_609"},{"properties":{"shapeName":"Rokoro","shapeISO":"None","shapeID":"SDN-ADM2-3_0_0-B96","shapeGroup":"SDN","shapeType":"ADM2"},"type":"Polygon","arcs":[[3626,-3698,3627,-3691,3628,3629,3630,3631,3632,-3781,3633,-3779]],"id":"feature_610"},{"properties":{"shapeName":"Saraf Omra","shapeISO":"None","shapeID":"SDN-ADM2-3_0_0-B97","shapeGroup":"SDN","shapeType":"ADM2"},"type":"Polygon","arcs":[[3634,3635,-3673,3636,3637,3638,3639,3640,3641,3642,3643]],"id":"feature_611"},{"properties":{"shapeName":"Sirba","shapeISO":"None","shapeID":"SDN-ADM2-3_0_0-B98","shapeGroup":"SDN","shapeType":"ADM2"},"type":"Polygon","arcs":[[3644,3645,3646,3647,3648]],"id":"feature_612"},{"properties":{"shapeName":"Umm Keddada","shapeISO":"None","shapeID":"SDN-ADM2-3_0_0-B99","shapeGroup":"SDN","shapeType":"ADM2"},"type":"Polygon","arcs":[[3649,3650,3651,3652,3653,3654,3655]],"id":"feature_613"},{"properties":{"shapeName":"Wadi Salih","shapeISO":"None","shapeID":"SDN-ADM2-3_0_0-B100","shapeGroup":"SDN","shapeType":"ADM2"},"type":"Polygon","arcs":[[3656,-3669,3657,3658,3659,3660,3661,3662,3663,3664]],"id":"feature_614"},{"properties":{"shapeName":"Zalingei","shapeISO":"None","shapeID":"SDN-ADM2-3_0_0-B101","shapeGroup":"SDN","shapeType":"ADM2"},"type":"Polygon","arcs":[[3665,3666,-3687,3667,3668,3669,3670,3671,3672,3673]],"id":"feature_615"},{"properties":{"shapeName":"Ed Daein","shapeISO":"None","shapeID":"SDN-ADM2-3_0_0-B102","shapeGroup":"SDN","shapeType":"ADM2"},"type":"Polygon","arcs":[[-3775,-3720,-3927,3674,-3746,3675,-3749,-4005,3676,3677]],"id":"feature_616"},{"properties":{"shapeName":"Ed El Fursan","shapeISO":"None","shapeID":"SDN-ADM2-3_0_0-B103","shapeGroup":"SDN","shapeType":"ADM2"},"type":"Polygon","arcs":[[-3762,3678,-3736,3679,-3684,3680]],"id":"feature_617"},{"properties":{"shapeName":"Kass","shapeISO":"None","shapeID":"SDN-ADM2-3_0_0-B104","shapeGroup":"SDN","shapeType":"ADM2"},"type":"Polygon","arcs":[[3681,-3764,3682,3683,-3730,3684,-3719,3685,3686,3687,3688,3689,3690,3691,-3696,3692]],"id":"feature_618"},{"properties":{"shapeName":"Sharg Jabel Marra","shapeISO":"None","shapeID":"SDN-ADM2-3_0_0-B105","shapeGroup":"SDN","shapeType":"ADM2"},"type":"Polygon","arcs":[[3693,-3705,3694,3695,3696,3697]],"id":"feature_619"},{"properties":{"shapeName":"Alwehda","shapeISO":"None","shapeID":"SDN-ADM2-3_0_0-B106","shapeGroup":"SDN","shapeType":"ADM2"},"type":"Polygon","arcs":[[3698,3699,3700,-3997,3701,-3747,3702,-3766,3703,3704]],"id":"feature_620"},{"properties":{"shapeName":"Niteaga","shapeISO":"None","shapeID":"SDN-ADM2-3_0_0-B107","shapeGroup":"SDN","shapeType":"ADM2"},"type":"Polygon","arcs":[[-4008,3705,-3742,3706,-3999,3707,3708,3709]],"id":"feature_621"},{"properties":{"shapeName":"Gereida","shapeISO":"None","shapeID":"SDN-ADM2-3_0_0-B108","shapeGroup":"SDN","shapeType":"ADM2"},"type":"Polygon","arcs":[[-4017,3710,-3759,3711,-3754,3712]],"id":"feature_622"},{"properties":{"shapeName":"Shattai","shapeISO":"None","shapeID":"SDN-ADM2-3_0_0-B109","shapeGroup":"SDN","shapeType":"ADM2"},"type":"Polygon","arcs":[[3713,-3728,3714,-3726,3715,3716,3717,3718]],"id":"feature_623"},{"properties":{"shapeName":"Abu Karinka","shapeISO":"None","shapeID":"SDN-ADM2-3_0_0-B110","shapeGroup":"SDN","shapeType":"ADM2"},"type":"Polygon","arcs":[[-3930,3719,-3774,3720]],"id":"feature_624"},{"properties":{"shapeName":"Kubum","shapeISO":"None","shapeID":"SDN-ADM2-3_0_0-B111","shapeGroup":"SDN","shapeType":"ADM2"},"type":"Polygon","arcs":[[3721,-3996,3722,3723,3724,3725,3726,3727,3728,3729]],"id":"feature_625"},{"properties":{"shapeName":"Katayla","shapeISO":"None","shapeID":"SDN-ADM2-3_0_0-B112","shapeGroup":"SDN","shapeType":"ADM2"},"type":"Polygon","arcs":[[3730,-4013,3731,-3792,3732,-3935,3733,-3954,-3993,3734,3735]],"id":"feature_626"},{"properties":{"shapeName":"Bahr El Arab","shapeISO":"None","shapeID":"SDN-ADM2-3_0_0-B113","shapeGroup":"SDN","shapeType":"ADM2"},"type":"Polygon","arcs":[[-3925,3736,-3941,-3743,3737]],"id":"feature_627"},{"properties":{"shapeName":"Bielel","shapeISO":"None","shapeID":"SDN-ADM2-3_0_0-B114","shapeGroup":"SDN","shapeType":"ADM2"},"type":"Polygon","arcs":[[3738,-3757,3739,-3767,3740,3741]],"id":"feature_628"},{"properties":{"shapeName":"Assalaya","shapeISO":"None","shapeID":"SDN-ADM2-3_0_0-B115","shapeGroup":"SDN","shapeType":"ADM2"},"type":"Polygon","arcs":[[3742,-3940,3743,-3751,3744,3745]],"id":"feature_629"},{"properties":{"shapeName":"Nyala North","shapeISO":"None","shapeID":"SDN-ADM2-3_0_0-B116","shapeGroup":"SDN","shapeType":"ADM2"},"type":"Polygon","arcs":[[3746,3747]],"id":"feature_630"},{"properties":{"shapeName":"Yassin","shapeISO":"None","shapeID":"SDN-ADM2-3_0_0-B117","shapeGroup":"SDN","shapeType":"ADM2"},"type":"Polygon","arcs":[[3748,3749,3750,3751,-3947,3752,3753,3754,-4006]],"id":"feature_631"},{"properties":{"shapeName":"El Salam","shapeISO":"None","shapeID":"SDN-ADM2-3_0_0-B118","shapeGroup":"SDN","shapeType":"ADM2"},"type":"Polygon","arcs":[[3755,3756,3757,3758,3759,-4015,3760,3761,3762,3763,3764,3765]],"id":"feature_632"},{"properties":{"shapeName":"Nyala","shapeISO":"None","shapeID":"SDN-ADM2-3_0_0-B119","shapeGroup":"SDN","shapeType":"ADM2"},"type":"Polygon","arcs":[[3766,3767]],"id":"feature_633"},{"properties":{"shapeName":"Kornoi","shapeISO":"None","shapeID":"SDN-ADM2-3_0_0-B120","shapeGroup":"SDN","shapeType":"ADM2"},"type":"Polygon","arcs":[[-3967,3768,3769,-3790,3770,-3788,3771]],"id":"feature_634"},{"properties":{"shapeName":"Ailliet","shapeISO":"None","shapeID":"SDN-ADM2-3_0_0-B121","shapeGroup":"SDN","shapeType":"ADM2"},"type":"Polygon","arcs":[[-3932,3772,3773,3774,3775,3776,-3799]],"id":"feature_635"},{"properties":{"shapeName":"Tawilla","shapeISO":"None","shapeID":"SDN-ADM2-3_0_0-B122","shapeGroup":"SDN","shapeType":"ADM2"},"type":"Polygon","arcs":[[3777,3778,3779,3780,3781,3782,3783,3784]],"id":"feature_636"},{"properties":{"shapeName":"El Tina","shapeISO":"None","shapeID":"SDN-ADM2-3_0_0-B123","shapeGroup":"SDN","shapeType":"ADM2"},"type":"Polygon","arcs":[[3785,3786,3787,3788,3789]],"id":"feature_637"},{"properties":{"shapeName":"Dimsu","shapeISO":"None","shapeID":"SDN-ADM2-3_0_0-B124","shapeGroup":"SDN","shapeType":"ADM2"},"type":"Polygon","arcs":[[3790,3791,3792,-4011]],"id":"feature_638"},{"properties":{"shapeName":"Ghubaysh","shapeISO":"None","shapeID":"SDN-ADM2-3_0_0-B125","shapeGroup":"SDN","shapeType":"ADM2"},"type":"Polygon","arcs":[[3793,-3900,3794,-3821,3795,-3819,3796,-3813,3797,3798,3799,3800,3801,3802]],"id":"feature_639"},{"properties":{"shapeName":"Abyei - Muglad","shapeISO":"None","shapeID":"SDN-ADM2-3_0_0-B126","shapeGroup":"SDN","shapeType":"ADM2"},"type":"Polygon","arcs":[[3803,3804,3805,3806,3807,3808,3809,-3811]],"id":"feature_640"},{"properties":{"shapeName":"Babanusa","shapeISO":"None","shapeID":"SDN-ADM2-3_0_0-B127","shapeGroup":"SDN","shapeType":"ADM2"},"type":"Polygon","arcs":[[3810,3811,3812,3813,-3817,3814]],"id":"feature_641"},{"properties":{"shapeName":"El Salam","shapeISO":"None","shapeID":"SDN-ADM2-3_0_0-B128","shapeGroup":"SDN","shapeType":"ADM2"},"type":"Polygon","arcs":[[-3829,3815,3816,3817,3818,3819,3820,3821,-3898,3822]],"id":"feature_642"},{"properties":{"shapeName":"Al Sunut","shapeISO":"None","shapeID":"SDN-ADM2-3_0_0-B129","shapeGroup":"SDN","shapeType":"ADM2"},"type":"Polygon","arcs":[[3823,3824,3825,3826,3827,3828]],"id":"feature_643"},{"properties":{"shapeName":"Al Qoz","shapeISO":"None","shapeID":"SDN-ADM2-3_0_0-B130","shapeGroup":"SDN","shapeType":"ADM2"},"type":"Polygon","arcs":[[-3866,3829,3830,3831,3832,3833,-3890,3834,-3883,3835]],"id":"feature_644"},{"properties":{"shapeName":"Rashad","shapeISO":"None","shapeID":"SDN-ADM2-3_0_0-B131","shapeGroup":"SDN","shapeType":"ADM2"},"type":"Polygon","arcs":[[-3846,3836,3837,3838,3839,3840,-3864,3841]],"id":"feature_645"},{"properties":{"shapeName":"El Abassiya","shapeISO":"None","shapeID":"SDN-ADM2-3_0_0-B132","shapeGroup":"SDN","shapeType":"ADM2"},"type":"Polygon","arcs":[[-3852,3842,3843,3844,3845,3846,-3862,3847]],"id":"feature_646"},{"properties":{"shapeName":"El Salam","shapeISO":"None","shapeID":"SDN-ADM2-3_0_0-B133","shapeGroup":"SDN","shapeType":"ADM2"},"type":"Polygon","arcs":[[3848,3849,3850,3851,3852,3853,3854,3855]],"id":"feature_647"},{"properties":{"shapeName":"Um Rawaba","shapeISO":"None","shapeID":"SDN-ADM2-3_0_0-B134","shapeGroup":"SDN","shapeType":"ADM2"},"type":"Polygon","arcs":[[3856,3857,3858,3859,3860,3861,3862,3863,3864,3865,3866,-3881,3867,-3879,3868,-3877,3869,3870,3871,3872,3873,3874]],"id":"feature_648"},{"properties":{"shapeName":"Shiekan","shapeISO":"None","shapeID":"SDN-ADM2-3_0_0-B135","shapeGroup":"SDN","shapeType":"ADM2"},"type":"Polygon","arcs":[[3875,3876,3877,3878,3879,3880,3881,3882,3883,-3888,3884,3885,3886]],"id":"feature_649"},{"properties":{"shapeName":"Abu Zabad","shapeISO":"None","shapeID":"SDN-ADM2-3_0_0-B136","shapeGroup":"SDN","shapeType":"ADM2"},"type":"Polygon","arcs":[[3887,3888,3889,3890,-3896,3891,3892]],"id":"feature_650"},{"properties":{"shapeName":"El Nehoud","shapeISO":"None","shapeID":"SDN-ADM2-3_0_0-B137","shapeGroup":"SDN","shapeType":"ADM2"},"type":"Polygon","arcs":[[3893,3894,3895,3896,3897,3898,3899,3900,3901,3902,3903,3904,3905,3906,3907,3908]],"id":"feature_651"},{"properties":{"shapeName":"El Dindir","shapeISO":"None","shapeID":"SDN-ADM2-3_0_0-B138","shapeGroup":"SDN","shapeType":"ADM2"},"type":"Polygon","arcs":[[-4096,3909,-4105,3910,-3923,3911,3912,3913,3914]],"id":"feature_652"},{"properties":{"shapeName":"El Roseires","shapeISO":"None","shapeID":"SDN-ADM2-3_0_0-B139","shapeGroup":"SDN","shapeType":"ADM2"},"type":"Polygon","arcs":[[3915,-3991,3916,-3989,3917,-4020,3918,-4018,3919,3920,3921,3922]],"id":"feature_653"},{"properties":{"shapeName":"Abu Jabra","shapeISO":"None","shapeID":"SDN-ADM2-3_0_0-B140","shapeGroup":"SDN","shapeType":"ADM2"},"type":"Polygon","arcs":[[-3929,3923,3924,3925,3926]],"id":"feature_654"},{"properties":{"shapeName":"Adila","shapeISO":"None","shapeID":"SDN-ADM2-3_0_0-B141","shapeGroup":"SDN","shapeType":"ADM2"},"type":"Polygon","arcs":[[3927,3928,3929,3930,3931]],"id":"feature_655"},{"properties":{"shapeName":"El Radoom","shapeISO":"None","shapeID":"SDN-ADM2-3_0_0-B142","shapeGroup":"SDN","shapeType":"ADM2"},"type":"Polygon","arcs":[[-3950,3932,-3956,3933,3934,3935]],"id":"feature_656"},{"properties":{"shapeName":"El Ferdous","shapeISO":"None","shapeID":"SDN-ADM2-3_0_0-B143","shapeGroup":"SDN","shapeType":"ADM2"},"type":"Polygon","arcs":[[3936,-3944,3937,-3942,3938,3939,3940]],"id":"feature_657"},{"properties":{"shapeName":"Sunta","shapeISO":"None","shapeID":"SDN-ADM2-3_0_0-B144","shapeGroup":"SDN","shapeType":"ADM2"},"type":"Polygon","arcs":[[3941,3942,3943,3944,-3953,3945,3946,3947]],"id":"feature_658"},{"properties":{"shapeName":"Buram","shapeISO":"None","shapeID":"SDN-ADM2-3_0_0-B145","shapeGroup":"SDN","shapeType":"ADM2"},"type":"Polygon","arcs":[[3948,3949,3950,3951,3952]],"id":"feature_659"},{"properties":{"shapeName":"Um Dafug","shapeISO":"None","shapeID":"SDN-ADM2-3_0_0-B146","shapeGroup":"SDN","shapeType":"ADM2"},"type":"Polygon","arcs":[[3953,3954,3955,3956,-3994]],"id":"feature_660"},{"properties":{"shapeName":"Umm Dukhun","shapeISO":"None","shapeID":"SDN-ADM2-3_0_0-B147","shapeGroup":"SDN","shapeType":"ADM2"},"type":"Polygon","arcs":[[3957,3958,3959]],"id":"feature_661"},{"properties":{"shapeName":"Um Buru","shapeISO":"None","shapeID":"SDN-ADM2-3_0_0-B148","shapeGroup":"SDN","shapeType":"ADM2"},"type":"Polygon","arcs":[[3960,3961,3962,3963,3964,3965,3966,3967,3968,3969]],"id":"feature_662"},{"properties":{"shapeName":"Dalgo","shapeISO":"None","shapeID":"SDN-ADM2-3_0_0-B149","shapeGroup":"SDN","shapeType":"ADM2"},"type":"Polygon","arcs":[[3970,3971,3972,-3974]],"id":"feature_663"},{"properties":{"shapeName":"Halfa","shapeISO":"None","shapeID":"SDN-ADM2-3_0_0-B150","shapeGroup":"SDN","shapeType":"ADM2"},"type":"Polygon","arcs":[[3973,3974]],"id":"feature_664"},{"properties":{"shapeName":"El Kurmuk","shapeISO":"None","shapeID":"SDN-ADM2-3_0_0-B151","shapeGroup":"SDN","shapeType":"ADM2"},"type":"Polygon","arcs":[[3975,3976,3977,3978,3979,3980,3981,-3984]],"id":"feature_665"},{"properties":{"shapeName":"Geissan","shapeISO":"None","shapeID":"SDN-ADM2-3_0_0-B152","shapeGroup":"SDN","shapeType":"ADM2"},"type":"Polygon","arcs":[[3982,3983,3984,3985,3986,-4022,3987,3988,3989,3990]],"id":"feature_666"},{"properties":{"shapeName":"Rahad El Berdi","shapeISO":"None","shapeID":"SDN-ADM2-3_0_0-B153","shapeGroup":"SDN","shapeType":"ADM2"},"type":"Polygon","arcs":[[3991,3992,3993,3994,3995]],"id":"feature_667"},{"properties":{"shapeName":"Marshang","shapeISO":"None","shapeID":"SDN-ADM2-3_0_0-B154","shapeGroup":"SDN","shapeType":"ADM2"},"type":"Polygon","arcs":[[3996,3997,3998,3999]],"id":"feature_668"},{"properties":{"shapeName":"Sheiria","shapeISO":"None","shapeID":"SDN-ADM2-3_0_0-B155","shapeGroup":"SDN","shapeType":"ADM2"},"type":"Polygon","arcs":[[4000,4001,4002,4003,4004,4005,4006,4007,4008]],"id":"feature_669"},{"properties":{"shapeName":"Tullus","shapeISO":"None","shapeID":"SDN-ADM2-3_0_0-B156","shapeGroup":"SDN","shapeType":"ADM2"},"type":"Polygon","arcs":[[4009,4010,4011,4012,4013,4014,4015,4016]],"id":"feature_670"},{"properties":{"shapeName":"El Damazine","shapeISO":"None","shapeID":"SDN-ADM2-3_0_0-B157","shapeGroup":"SDN","shapeType":"ADM2"},"type":"Polygon","arcs":[[4017,4018,4019,4020,4021,4022,4023,4024,4025,4026]],"id":"feature_671"},{"properties":{"shapeName":"Sinkat","shapeISO":"None","shapeID":"SDN-ADM2-3_0_0-B158","shapeGroup":"SDN","shapeType":"ADM2"},"type":"Polygon","arcs":[[4027,4028,4029,4030,4031,4032]],"id":"feature_672"},{"properties":{"shapeName":"North Delta","shapeISO":"None","shapeID":"SDN-ADM2-3_0_0-B159","shapeGroup":"SDN","shapeType":"ADM2"},"type":"Polygon","arcs":[[4033,4034,-4130,4035,4036,4037,-4048,4038,4039,4040]],"id":"feature_673"},{"properties":{"shapeName":"Dordeb","shapeISO":"None","shapeID":"SDN-ADM2-3_0_0-B160","shapeGroup":"SDN","shapeType":"ADM2"},"type":"Polygon","arcs":[[4041,4042]],"id":"feature_674"},{"properties":{"shapeName":"Aroma","shapeISO":"None","shapeID":"SDN-ADM2-3_0_0-B161","shapeGroup":"SDN","shapeType":"ADM2"},"type":"Polygon","arcs":[[-4127,4043,-4050,4044,4045,4046,4047,4048]],"id":"feature_675"},{"properties":{"shapeName":"Atbara River","shapeISO":"None","shapeID":"SDN-ADM2-3_0_0-B162","shapeGroup":"SDN","shapeType":"ADM2"},"type":"Polygon","arcs":[[4049,4050,4051,4052,-4067,4053,-4068,4054,4055,4056,4057,4058,4059]],"id":"feature_676"},{"properties":{"shapeName":"Khashm Ghirba","shapeISO":"None","shapeID":"SDN-ADM2-3_0_0-B163","shapeGroup":"SDN","shapeType":"ADM2"},"type":"Polygon","arcs":[[4060,4061,4062,-4125,4063,-4121,4064,-4070,4065,4066]],"id":"feature_677"},{"properties":{"shapeName":"El Butana","shapeISO":"None","shapeID":"SDN-ADM2-3_0_0-B164","shapeGroup":"SDN","shapeType":"ADM2"},"type":"Polygon","arcs":[[4067,4068,4069,4070,4071,4072,4073,4074,4075,4076,4077,4078,4079]],"id":"feature_678"},{"properties":{"shapeName":"El Faw","shapeISO":"None","shapeID":"SDN-ADM2-3_0_0-B165","shapeGroup":"SDN","shapeType":"ADM2"},"type":"Polygon","arcs":[[-4093,4080,4081,4082,4083,4084]],"id":"feature_679"},{"properties":{"shapeName":"Al Mafaza","shapeISO":"None","shapeID":"SDN-ADM2-3_0_0-B166","shapeGroup":"SDN","shapeType":"ADM2"},"type":"Polygon","arcs":[[4085,4086,4087,4088,-4098,4089,4090,4091,4092]],"id":"feature_680"},{"properties":{"shapeName":"El Rahad","shapeISO":"None","shapeID":"SDN-ADM2-3_0_0-B167","shapeGroup":"SDN","shapeType":"ADM2"},"type":"Polygon","arcs":[[4093,4094,4095,4096,4097,4098]],"id":"feature_681"},{"properties":{"shapeName":"Western El Galabat","shapeISO":"None","shapeID":"SDN-ADM2-3_0_0-B168","shapeGroup":"SDN","shapeType":"ADM2"},"type":"Polygon","arcs":[[4099,4100,4101,4102,4103,4104,4105,4106,4107,4108,4109,4110]],"id":"feature_682"},{"properties":{"shapeName":"Kassala","shapeISO":"None","shapeID":"SDN-ADM2-3_0_0-B169","shapeGroup":"SDN","shapeType":"ADM2"},"type":"Polygon","arcs":[[4111,4112]],"id":"feature_683"},{"properties":{"shapeName":"Wad El Helew","shapeISO":"None","shapeID":"SDN-ADM2-3_0_0-B170","shapeGroup":"SDN","shapeType":"ADM2"},"type":"Polygon","arcs":[[4113,4114,4115,4116,4117,4118,4119,4120]],"id":"feature_684"},{"properties":{"shapeName":"Western Kassala","shapeISO":"None","shapeID":"SDN-ADM2-3_0_0-B171","shapeGroup":"SDN","shapeType":"ADM2"},"type":"Polygon","arcs":[[4121,4122,4123,4124,4125,4126]],"id":"feature_685"},{"properties":{"shapeName":"Telkok","shapeISO":"None","shapeID":"SDN-ADM2-3_0_0-B172","shapeGroup":"SDN","shapeType":"ADM2"},"type":"Polygon","arcs":[[4127,4128,4129,4130,4131,4132]],"id":"feature_686"},{"properties":{"shapeName":"Bagamoyo","shapeISO":"None","shapeID":"TZA-ADM2-3_0_0-B1","shapeGroup":"TZA","shapeType":"ADM2"},"type":"Polygon","arcs":[[-5612,4133,-5551,4134,-5711,4135,-5717,4136,-4405,4137],[4138],[4139],[4139],[4140],[4141],[4142],[4143],[4144],[4145],[4146],[4147],[4148],[4149],[4150],[4151],[4152]],"id":"feature_687"},{"properties":{"shapeName":"Bariadi","shapeISO":"None","shapeID":"TZA-ADM2-3_0_0-B2","shapeGroup":"TZA","shapeType":"ADM2"},"type":"Polygon","arcs":[[-4835,4153,-4507,4154,-4382,4155,-4380,4156,-5041,4157],[4158]],"id":"feature_688"},{"properties":{"shapeName":"Chunya","shapeISO":"None","shapeID":"TZA-ADM2-3_0_0-B3","shapeGroup":"TZA","shapeType":"ADM2"},"type":"Polygon","arcs":[[-5474,4159,-4613,4160,-5766,4161,-5764,4162,-4448,4163,-5979,4164]],"id":"feature_689"},{"properties":{"shapeName":"Geita","shapeISO":"None","shapeID":"TZA-ADM2-3_0_0-B4","shapeGroup":"TZA","shapeType":"ADM2"},"type":"MultiPolygon","arcs":[[[4165]],[[4166]],[[-5444,4167,-5442,4168,-4503,4169,-4889,4170,-4642,4171,-5058,4172],[4173],[4174],[4175],[4176],[4177],[4178],[4179]],[[4180]],[[4181]],[[4182]],[[4183]],[[4184]],[[4185]],[[4186]]],"id":"feature_690"},{"properties":{"shapeName":"Iramba","shapeISO":"None","shapeID":"TZA-ADM2-3_0_0-B5","shapeGroup":"TZA","shapeType":"ADM2"},"type":"Polygon","arcs":[[-5597,4187,-5097,4188,-4350,4189]],"id":"feature_691"},{"properties":{"shapeName":"Iringa","shapeISO":"None","shapeID":"TZA-ADM2-3_0_0-B6","shapeGroup":"TZA","shapeType":"ADM2"},"type":"Polygon","arcs":[[-4848,4190,-4471,4191,-4910,4192,-4565,4193,-4563,4194,-4908,4195,-4906,4196,-4476,4197,-4474,4198,-5750,4199,-4611,4200]],"id":"feature_692"},{"properties":{"shapeName":"Kalambo","shapeISO":"None","shapeID":"TZA-ADM2-3_0_0-B7","shapeGroup":"TZA","shapeType":"ADM2"},"type":"Polygon","arcs":[[-5000,4201,-4545,4202,-4543,4203,-5857,4204,-4736,4205]],"id":"feature_693"},{"properties":{"shapeName":"Karagwe","shapeISO":"None","shapeID":"TZA-ADM2-3_0_0-B8","shapeGroup":"TZA","shapeType":"ADM2"},"type":"Polygon","arcs":[[-5775,4206,-5773,4207,-4342,4208,-4707,4209,-5833,4210,-5777,4211]],"id":"feature_694"},{"properties":{"shapeName":"Kibondo","shapeISO":"None","shapeID":"TZA-ADM2-3_0_0-B9","shapeGroup":"TZA","shapeType":"ADM2"},"type":"MultiPolygon","arcs":[[[-4824,4212,-4822,4213,-5707,4214,-5705,4215,-5703,4216,-5487,4217,-4392,4218,-4390,4219,-5687,4220],[4221]],[[4222]]],"id":"feature_695"},{"properties":{"shapeName":"Kilwa","shapeISO":"None","shapeID":"TZA-ADM2-3_0_0-B10","shapeGroup":"TZA","shapeType":"ADM2"},"type":"MultiPolygon","arcs":[[[-4440,4223,-5193,4224,-5191,-4931,4225,-4929,4226,-4927,4227,-4925,4228,-5197,4229],[4230]],[[4231]],[[4232]],[[4233]],[[4234]],[[4235]],[[4236]],[[4237]]],"id":"feature_696"},{"properties":{"shapeName":"Kinondoni","shapeISO":"None","shapeID":"TZA-ADM2-3_0_0-B11","shapeGroup":"TZA","shapeType":"ADM2"},"type":"Polygon","arcs":[[-4360,4238,-4571,4239]],"id":"feature_697"},{"properties":{"shapeName":"Kondoa","shapeISO":"None","shapeID":"TZA-ADM2-3_0_0-B12","shapeGroup":"TZA","shapeType":"ADM2"},"type":"Polygon","arcs":[[4240,-5675,4241,-6010,4242,-6002]],"id":"feature_698"},{"properties":{"shapeName":"Lushoto","shapeISO":"None","shapeID":"TZA-ADM2-3_0_0-B13","shapeGroup":"TZA","shapeType":"ADM2"},"type":"Polygon","arcs":[[4243,-4426,4244,-4424,4245,-4744],[4246],[4247]],"id":"feature_699"},{"properties":{"shapeName":"Monduli","shapeISO":"None","shapeID":"TZA-ADM2-3_0_0-B14","shapeGroup":"TZA","shapeType":"ADM2"},"type":"MultiPolygon","arcs":[[[4248,-5503,4249,-5501,4250,-6032,4251,-6000,4252,-5180,4253,-5732],[5741],[4254]],[[5732]],[[4255]]],"id":"feature_700"},{"properties":{"shapeName":"Mtwara","shapeISO":"None","shapeID":"TZA-ADM2-3_0_0-B15","shapeGroup":"TZA","shapeType":"ADM2"},"type":"MultiPolygon","arcs":[[[-5006,4256,-4435,4257],[4258],[4259],[4260],[4261],[4262]],[[4263]],[[4264]]],"id":"feature_701"},{"properties":{"shapeName":"Njombe Urban","shapeISO":"None","shapeID":"TZA-ADM2-3_0_0-B16","shapeGroup":"TZA","shapeType":"ADM2"},"type":"MultiPolygon","arcs":[[[-4975,4265,-5108,4266,-4554,4267]],[[4977]]],"id":"feature_702"},{"properties":{"shapeName":"Nzega","shapeISO":"None","shapeID":"TZA-ADM2-3_0_0-B17","shapeGroup":"TZA","shapeType":"ADM2"},"type":"MultiPolygon","arcs":[[[4268]],[[-4353,4269,-4791,4270,-4789,4271,-5658,4272,-4784,4273,-4869,4274,-4760,4275],[4276],[4277],[4278]]],"id":"feature_703"},{"properties":{"shapeName":"Rombo","shapeISO":"None","shapeID":"TZA-ADM2-3_0_0-B18","shapeGroup":"TZA","shapeType":"ADM2"},"type":"Polygon","arcs":[[-4966,4279]],"id":"feature_704"},{"properties":{"shapeName":"Shinyanga Urban","shapeISO":"None","shapeID":"TZA-ADM2-3_0_0-B19","shapeGroup":"TZA","shapeType":"ADM2"},"type":"Polygon","arcs":[[4280,-4414,4281,-4412,4282,-4756],[4283],[4284],[4285],[4286],[4287],[4288],[4289],[4290],[4291]],"id":"feature_705"},{"properties":{"shapeName":"Tarime","shapeISO":"None","shapeID":"TZA-ADM2-3_0_0-B20","shapeGroup":"TZA","shapeType":"ADM2"},"type":"Polygon","arcs":[[4292,-4512,4293,-4510,4294,-5650,4295,-5648],[4296],[4297],[4298],[4299],[4300],[4301]],"id":"feature_706"},{"properties":{"shapeName":"Tunduru","shapeISO":"None","shapeID":"TZA-ADM2-3_0_0-B21","shapeGroup":"TZA","shapeType":"ADM2"},"type":"Polygon","arcs":[[-4936,4302,-4727,4303,-5626,4304,-5150,4305,-5148,4306,-5146,4307]],"id":"feature_707"},{"properties":{"shapeName":"Ukerewe","shapeISO":"None","shapeID":"TZA-ADM2-3_0_0-B22","shapeGroup":"TZA","shapeType":"ADM2"},"type":"MultiPolygon","arcs":[[[4308]],[[4309]],[[4310]],[[4311]],[[4312]],[[4313]],[[4314]],[[4315]],[[4316]],[[4317]],[[4318]],[[4319]],[[4320],[4321]],[[4322]],[[4323]],[[4324]],[[4325]],[[4326]],[[4327]],[[4328]],[[4329]],[[4330]],[[4331]],[[4332]],[[4333]],[[4334]],[[4335]],[[4336]]],"id":"feature_708"},{"properties":{"shapeName":"Bukoba","shapeISO":"None","shapeID":"TZA-ADM2-3_0_0-B23","shapeGroup":"TZA","shapeType":"ADM2"},"type":"Polygon","arcs":[[4337,-5543,4338,-4711,4339,-4709,4340,4341,4342,-5771,4343,-5769,4344,-5780],[5799],[5798],[4345],[4346],[4347]],"id":"feature_709"},{"properties":{"shapeName":"Igunga","shapeISO":"None","shapeID":"TZA-ADM2-3_0_0-B24","shapeGroup":"TZA","shapeType":"ADM2"},"type":"Polygon","arcs":[[-4409,4348,4349,4350,-4793,4351,4352,4353],[4354],[4355]],"id":"feature_710"},{"properties":{"shapeName":"Ilala","shapeISO":"None","shapeID":"TZA-ADM2-3_0_0-B25","shapeGroup":"TZA","shapeType":"ADM2"},"type":"MultiPolygon","arcs":[[[4777]],[[4774]],[[4775]],[[-4773,4356,-4958,4357,-4573,4358,4359,4360],[4778],[4361],[4362],[4363],[4364],[4365],[4366],[4367],[4368],[4369],[4370],[4371],[4372],[4373],[4374]]],"id":"feature_711"},{"properties":{"shapeName":"Itilima","shapeISO":"None","shapeID":"TZA-ADM2-3_0_0-B26","shapeGroup":"TZA","shapeType":"ADM2"},"type":"Polygon","arcs":[[4375,-5184,4376,-4653,4377,-4941,4378,4379,4380,4381],[4382],[4383],[4384],[4385],[4386],[4387],[4388]],"id":"feature_712"},{"properties":{"shapeName":"Kasulu","shapeISO":"None","shapeID":"TZA-ADM2-3_0_0-B27","shapeGroup":"TZA","shapeType":"ADM2"},"type":"Polygon","arcs":[[4389,4390,4391,4392,-5485,4393,-5827,4394,-5825,4395,-5823,4396,-5522,4397,-5520,4398],[4399]],"id":"feature_713"},{"properties":{"shapeName":"Kibaha","shapeISO":"None","shapeID":"TZA-ADM2-3_0_0-B28","shapeGroup":"TZA","shapeType":"ADM2"},"type":"Polygon","arcs":[[-5715,4400,-5713,4401,-4580,4402,-4578,4403,4404,4405]],"id":"feature_714"},{"properties":{"shapeName":"Kishapu","shapeISO":"None","shapeID":"TZA-ADM2-3_0_0-B29","shapeGroup":"TZA","shapeType":"ADM2"},"type":"Polygon","arcs":[[-4945,4406,-4650,4407,4408,4409,-4758,4410,4411,4412,4413,4414,-4754,4415,-4917,4416],[4417],[4418],[4419],[4420]],"id":"feature_715"},{"properties":{"shapeName":"Korogwe","shapeISO":"None","shapeID":"TZA-ADM2-3_0_0-B30","shapeGroup":"TZA","shapeType":"ADM2"},"type":"MultiPolygon","arcs":[[[-6027,4421,-4746,4422,4423,4424,4425,4426,-5821,4427,-4659,4428,-5548,4429,-5848,4430,-5545,4431]],[[4432]]],"id":"feature_716"},{"properties":{"shapeName":"Lindi","shapeISO":"None","shapeID":"TZA-ADM2-3_0_0-B31","shapeGroup":"TZA","shapeType":"ADM2"},"type":"Polygon","arcs":[[-5566,4433,4434,4435,-5004,4436,-4626,4437,-5188,4438,4439,4440],[4441],[4442]],"id":"feature_717"},{"properties":{"shapeName":"Magu","shapeISO":"None","shapeID":"TZA-ADM2-3_0_0-B32","shapeGroup":"TZA","shapeType":"ADM2"},"type":"Polygon","arcs":[[-5043,4443,-4914,4444,-5810,4445,-5558,4446]],"id":"feature_718"},{"properties":{"shapeName":"Mbeya","shapeISO":"None","shapeID":"TZA-ADM2-3_0_0-B33","shapeGroup":"TZA","shapeType":"ADM2"},"type":"Polygon","arcs":[[4447,4448,-5837,4449,-5835,4450,-5762,4451,-5760,4452,-4979,4453,-4986,4454,-5104,4455,-5589,4456,-5587,4457],[4458],[4459],[4460],[4461]],"id":"feature_719"},{"properties":{"shapeName":"Meru","shapeISO":"None","shapeID":"TZA-ADM2-3_0_0-B34","shapeGroup":"TZA","shapeType":"ADM2"},"type":"Polygon","arcs":[[-5815,4462,-6036,4463],[5505]],"id":"feature_720"},{"properties":{"shapeName":"Mpwapwa","shapeISO":"None","shapeID":"TZA-ADM2-3_0_0-B35","shapeGroup":"TZA","shapeType":"ADM2"},"type":"MultiPolygon","arcs":[[[-4865,4464,-4863,4465,-4586,4466,-5951,4467,-5939,4468,-4900,4469,4470,4471]],[[4472]],[[4865]]],"id":"feature_721"},{"properties":{"shapeName":"Mufindi","shapeISO":"None","shapeID":"TZA-ADM2-3_0_0-B36","shapeGroup":"TZA","shapeType":"ADM2"},"type":"Polygon","arcs":[[4473,4474,4475,4476,-4904,4477,-5909,4478,-5907,4479,-5577,4480,-4551,4481,-5752,4482],[-5119,4483],[4484],[4485]],"id":"feature_722"},{"properties":{"shapeName":"Mwanga","shapeISO":"None","shapeID":"TZA-ADM2-3_0_0-B37","shapeGroup":"TZA","shapeType":"ADM2"},"type":"Polygon","arcs":[[-4750,4486,-4968,4487]],"id":"feature_723"},{"properties":{"shapeName":"Newala","shapeISO":"None","shapeID":"TZA-ADM2-3_0_0-B38","shapeGroup":"TZA","shapeType":"ADM2"},"type":"Polygon","arcs":[[-5010,4488,-5008,4489,-4629,4490,-4620,4491],[4492],[4492],[4493],[4494],[4495],[4496],[4497],[4498],[4499]],"id":"feature_724"},{"properties":{"shapeName":"Nyang'hwale","shapeISO":"None","shapeID":"TZA-ADM2-3_0_0-B39","shapeGroup":"TZA","shapeType":"ADM2"},"type":"Polygon","arcs":[[-4763,4500,-4879,4501,4502,4503],[4504]],"id":"feature_725"},{"properties":{"shapeName":"Serengeti","shapeISO":"None","shapeID":"TZA-ADM2-3_0_0-B40","shapeGroup":"TZA","shapeType":"ADM2"},"type":"Polygon","arcs":[[-5186,4505,4506,4507,-4833,4508,4509,4510,4511,4512],[4513],[4514],[4515],[4516],[4517],[4518],[4519],[4520],[4521],[4522],[4523]],"id":"feature_726"},{"properties":{"shapeName":"Singida","shapeISO":"None","shapeID":"TZA-ADM2-3_0_0-B41","shapeGroup":"TZA","shapeType":"ADM2"},"type":"Polygon","arcs":[[-6012,4524,-5683,4525,-4991,4526,-5595,4527],[4528]],"id":"feature_727"},{"properties":{"shapeName":"Songea","shapeISO":"None","shapeID":"TZA-ADM2-3_0_0-B42","shapeGroup":"TZA","shapeType":"ADM2"},"type":"MultiPolygon","arcs":[[[4529,-5636,4530,-4631,4531,-5110,4532,-5024,4533,-5160,4534,-5158,4535,-4994,4536,-5156,4537,-5154,4538,-5152],[4639],[4640]],[[4539]]],"id":"feature_728"},{"properties":{"shapeName":"Sumbawanga","shapeISO":"None","shapeID":"TZA-ADM2-3_0_0-B43","shapeGroup":"TZA","shapeType":"ADM2"},"type":"Polygon","arcs":[[-5861,4540,-5859,4541,4542,4543,4544,4545,-4998,4546,-4996,4547,-4733,4548],[4549]],"id":"feature_729"},{"properties":{"shapeName":"Wanging'ombe","shapeISO":"None","shapeID":"TZA-ADM2-3_0_0-B44","shapeGroup":"TZA","shapeType":"ADM2"},"type":"Polygon","arcs":[[4550,4551,-5583,4552,4553,4554,-4603,4555,-5754,4556],[4557],[4558]],"id":"feature_730"},{"properties":{"shapeName":"Arusha Urban","shapeISO":"None","shapeID":"TZA-ADM2-3_0_0-B45","shapeGroup":"TZA","shapeType":"ADM2"},"type":"Polygon","arcs":[[-5498,4559],[4560],[4561]],"id":"feature_731"},{"properties":{"shapeName":"Iringa Urban","shapeISO":"None","shapeID":"TZA-ADM2-3_0_0-B46","shapeGroup":"TZA","shapeType":"ADM2"},"type":"Polygon","arcs":[[4562,4563,4564,4565]],"id":"feature_732"},{"properties":{"shapeName":"Kigoma","shapeISO":"None","shapeID":"TZA-ADM2-3_0_0-B47","shapeGroup":"TZA","shapeType":"ADM2"},"type":"Polygon","arcs":[[-5525,4566,-5483,4567,-5493,4568,-5876,4569]],"id":"feature_733"},{"properties":{"shapeName":"Kisarawe","shapeISO":"None","shapeID":"TZA-ADM2-3_0_0-B48","shapeGroup":"TZA","shapeType":"ADM2"},"type":"Polygon","arcs":[[4570,4571,4572,4573,-4956,4574,-5888,4575,-5886,4576,4577,4578,4579,4580],[4581],[4961],[4582],[4583]],"id":"feature_734"},{"properties":{"shapeName":"Kongwa","shapeISO":"None","shapeID":"TZA-ADM2-3_0_0-B49","shapeGroup":"TZA","shapeType":"ADM2"},"type":"Polygon","arcs":[[-6045,-5953,4584,4585,4586,-4861,4587,-4859,4588],[4589]],"id":"feature_735"},{"properties":{"shapeName":"Kyela","shapeISO":"None","shapeID":"TZA-ADM2-3_0_0-B50","shapeGroup":"TZA","shapeType":"ADM2"},"type":"Polygon","arcs":[[-5106,4590,-5101,4591,-4983,4592],[4593],[4594],[4595],[4596],[4597],[4598],[4599]],"id":"feature_736"},{"properties":{"shapeName":"Makete","shapeISO":"None","shapeID":"TZA-ADM2-3_0_0-B51","shapeGroup":"TZA","shapeType":"ADM2"},"type":"Polygon","arcs":[[4600,-5756,4601,4602,4603,-4981,4604,-5758],[4605]],"id":"feature_737"},{"properties":{"shapeName":"Manyoni","shapeISO":"None","shapeID":"TZA-ADM2-3_0_0-B52","shapeGroup":"TZA","shapeType":"ADM2"},"type":"Polygon","arcs":[[-5679,4606,-5518,4607,-5516,4608,-4850,4609,4610,4611,4612,4613,-5472,4614,-4796,4615,-5093,4616,-5091,4617]],"id":"feature_738"},{"properties":{"shapeName":"Masasi","shapeISO":"None","shapeID":"TZA-ADM2-3_0_0-B53","shapeGroup":"TZA","shapeType":"ADM2"},"type":"MultiPolygon","arcs":[[[4618,4619,4620,-5744,4621,-5748,4622,-5624,4623,-4725,4624,4625],[4626]],[[4627,4628,4629,-5746]]],"id":"feature_739"},{"properties":{"shapeName":"Mbinga","shapeISO":"None","shapeID":"TZA-ADM2-3_0_0-B54","shapeGroup":"TZA","shapeType":"ADM2"},"type":"MultiPolygon","arcs":[[[4630,4631,-5634,4632,-5632,4633,-5642,4634,-5640,4635,-5114,4636,-5112,4637],[4638],[5628]],[[4639]],[[4640]]],"id":"feature_740"},{"properties":{"shapeName":"Mbogwe","shapeISO":"None","shapeID":"TZA-ADM2-3_0_0-B55","shapeGroup":"TZA","shapeType":"ADM2"},"type":"Polygon","arcs":[[4641,4642,-4887,4643,-4885,4644,-5127,4645,-4876,4646,-4818,4647]],"id":"feature_741"},{"properties":{"shapeName":"Meatu","shapeISO":"None","shapeID":"TZA-ADM2-3_0_0-B56","shapeGroup":"TZA","shapeType":"ADM2"},"type":"Polygon","arcs":[[-5599,4648,4649,4650,-4943,4651,4652,4653]],"id":"feature_742"},{"properties":{"shapeName":"Muheza","shapeISO":"None","shapeID":"TZA-ADM2-3_0_0-B57","shapeGroup":"TZA","shapeType":"ADM2"},"type":"Polygon","arcs":[[-5819,4654,-5012,4655,-5995,4656,-5993,4657,4658,4659]],"id":"feature_743"},{"properties":{"shapeName":"Muleba","shapeISO":"None","shapeID":"TZA-ADM2-3_0_0-B58","shapeGroup":"TZA","shapeType":"ADM2"},"type":"MultiPolygon","arcs":[[[4660]],[[4661]],[[4662]],[[4663]],[[4664]],[[4665]],[[4666]],[[4667],[4668]],[[4668]],[[4669]],[[4670]],[[4671]],[[4672]],[[4673],[4674]],[[4675]],[[4676]],[[4677]],[[4678]],[[4679]],[[4680]],[[4681]],[[4682]],[[4683]],[[4684]],[[4685]],[[4686],[4687]],[[4688]],[[4689]],[[4690]],[[4691]],[[4692]],[[4693]],[[4694]],[[4695]],[[4696]],[[4697]],[[4698]],[[4699]],[[4700]],[[4701]],[[4702]],[[4703]],[[4704]],[[-4806,4705,4706,4707,4708,4709,4710,4711],[4712],[4713],[4714]],[[4715]],[[4716]]],"id":"feature_744"},{"properties":{"shapeName":"Musoma","shapeISO":"None","shapeID":"TZA-ADM2-3_0_0-B59","shapeGroup":"TZA","shapeType":"ADM2"},"type":"MultiPolygon","arcs":[[[4717]],[[4718]],[[4719]],[[-5669,4720,-4838,4721],[4722]]],"id":"feature_745"},{"properties":{"shapeName":"Nachingwea","shapeISO":"None","shapeID":"TZA-ADM2-3_0_0-B60","shapeGroup":"TZA","shapeType":"ADM2"},"type":"Polygon","arcs":[[-5190,4723,4724,4725,4726,4727,-4934,4728,-4932],[4729],[4730]],"id":"feature_746"},{"properties":{"shapeName":"Nkasi","shapeISO":"None","shapeID":"TZA-ADM2-3_0_0-B61","shapeGroup":"TZA","shapeType":"ADM2"},"type":"Polygon","arcs":[[-5981,4731,4732,4733,-5002,4734,4735,4736,-5962,4737]],"id":"feature_747"},{"properties":{"shapeName":"Nyamagana","shapeISO":"None","shapeID":"TZA-ADM2-3_0_0-B62","shapeGroup":"TZA","shapeType":"ADM2"},"type":"MultiPolygon","arcs":[[[4738]],[[4739]],[[4740]],[[-5808,4741]]],"id":"feature_748"},{"properties":{"shapeName":"Same","shapeISO":"None","shapeID":"TZA-ADM2-3_0_0-B63","shapeGroup":"TZA","shapeType":"ADM2"},"type":"MultiPolygon","arcs":[[[4742,4743,4744,4745,4746,-6025,4747,-6023,4748,4749]],[[4750]]],"id":"feature_749"},{"properties":{"shapeName":"Shinyanga","shapeISO":"None","shapeID":"TZA-ADM2-3_0_0-B64","shapeGroup":"TZA","shapeType":"ADM2"},"type":"Polygon","arcs":[[4751,-4919,4752,4753,4754,4755,4756,4757,4758,4759,4760,-4881,4761,4762,4763,-5806],[4764],[4765],[4765],[4766],[4767],[4768]],"id":"feature_750"},{"properties":{"shapeName":"Temeke","shapeISO":"None","shapeID":"TZA-ADM2-3_0_0-B65","shapeGroup":"TZA","shapeType":"ADM2"},"type":"Polygon","arcs":[[-4953,4769,-4951,4770,-4960,4771,4772,4773],[4774],[4775],[4776],[4777],[4778],[4779],[4780],[4781]],"id":"feature_751"},{"properties":{"shapeName":"Uyui","shapeISO":"None","shapeID":"TZA-ADM2-3_0_0-B66","shapeGroup":"TZA","shapeType":"ADM2"},"type":"Polygon","arcs":[[4782,4783,4784,-5656,4785,-5654,4786,-5652,4787,4788,4789,4790,4791,4792,4793,-5095,4794,4795,4796,-5470,4797,-5468,4798,-5466,4799,-5480,4800,-5035,4801,-5033,4802,-5691,4803,-4871],[4804]],"id":"feature_752"},{"properties":{"shapeName":"Biharamulo","shapeISO":"None","shapeID":"TZA-ADM2-3_0_0-B67","shapeGroup":"TZA","shapeType":"ADM2"},"type":"Polygon","arcs":[[4805,4806,-5072,4807,-5070,4808,-5068,4809,-5066,4810,-4826,4811,-5175,4812,-5173,4813],[4814]],"id":"feature_753"},{"properties":{"shapeName":"Bukombe","shapeISO":"None","shapeID":"TZA-ADM2-3_0_0-B68","shapeGroup":"TZA","shapeType":"ADM2"},"type":"MultiPolygon","arcs":[[[-5062,4815,-5060,4816,4817,4818,-4874,4819,-5709,4820,4821,4822,4823,4824,4825,4826,-5064,4827],[4828],[4829],[4830],[4831]],[[5074]]],"id":"feature_754"},{"properties":{"shapeName":"Bunda","shapeISO":"None","shapeID":"TZA-ADM2-3_0_0-B69","shapeGroup":"TZA","shapeType":"ADM2"},"type":"MultiPolygon","arcs":[[[4832,4833,4834,4835,-5039,4836,4837,4838,-5667,4839],[4840]],[[4841]],[[4842]],[[4843]],[[4844]],[[4845]]],"id":"feature_755"},{"properties":{"shapeName":"Chamwino","shapeISO":"None","shapeID":"TZA-ADM2-3_0_0-B70","shapeGroup":"TZA","shapeType":"ADM2"},"type":"Polygon","arcs":[[4846,4847,4848,4849,4850,-5514,4851,-5080,4852,-5078,4853,-5076,4854,-5510,4855,-5508,4856,-5677,-6047,4857,4858,4859,4860,4861,4862,4863,4864],[4865]],"id":"feature_756"},{"properties":{"shapeName":"Kahama","shapeISO":"None","shapeID":"TZA-ADM2-3_0_0-B71","shapeGroup":"TZA","shapeType":"ADM2"},"type":"MultiPolygon","arcs":[[[-5125,4866,-5123,4867,4868,4869,4870,4871,-5689,4872,4873,4874,4875,4876],[4877]],[[4878,4879,4880,4881,-5121,4882,-5129,4883,4884,4885,4886,4887,4888,4889]]],"id":"feature_757"},{"properties":{"shapeName":"Karatu","shapeISO":"None","shapeID":"TZA-ADM2-3_0_0-B72","shapeGroup":"TZA","shapeType":"ADM2"},"type":"Polygon","arcs":[[-6006,4890,-6015,4891,-6021,4892,-5601,4893,-5182,4894],[4895],[4896]],"id":"feature_758"},{"properties":{"shapeName":"Kilolo","shapeISO":"None","shapeID":"TZA-ADM2-3_0_0-B73","shapeGroup":"TZA","shapeType":"ADM2"},"type":"MultiPolygon","arcs":[[[4897]],[[4898]],[[4899,4900,-5937,4901,-5911,4902,4903,4904,4905,4906,4907,4908,4909,4910],[4911],[4912]]],"id":"feature_759"},{"properties":{"shapeName":"Kwimba","shapeISO":"None","shapeID":"TZA-ADM2-3_0_0-B74","shapeGroup":"TZA","shapeType":"ADM2"},"type":"Polygon","arcs":[[4913,4914,-4947,4915,4916,4917,4918,4919,-5804,4920,-5802,4921],[4922]],"id":"feature_760"},{"properties":{"shapeName":"Liwale","shapeISO":"None","shapeID":"TZA-ADM2-3_0_0-B75","shapeGroup":"TZA","shapeType":"ADM2"},"type":"Polygon","arcs":[[-5199,4923,4924,4925,4926,4927,4928,4929,4930,4931,4932,4933,4934,4935,4936,-5144,4937,-5019,4938,-5916,4939]],"id":"feature_761"},{"properties":{"shapeName":"Maswa","shapeISO":"None","shapeID":"TZA-ADM2-3_0_0-B76","shapeGroup":"TZA","shapeType":"ADM2"},"type":"Polygon","arcs":[[4940,4941,4942,4943,4944,4945,4946,4947],[4948],[4949]],"id":"feature_762"},{"properties":{"shapeName":"Mkuranga","shapeISO":"None","shapeID":"TZA-ADM2-3_0_0-B77","shapeGroup":"TZA","shapeType":"ADM2"},"type":"MultiPolygon","arcs":[[[4950,4951,4952,4953,-5195,4954,4955,4956,4957,4958,4959,4960]],[[4961]],[[4962]],[[4963]]],"id":"feature_763"},{"properties":{"shapeName":"Moshi","shapeISO":"None","shapeID":"TZA-ADM2-3_0_0-B78","shapeGroup":"TZA","shapeType":"ADM2"},"type":"MultiPolygon","arcs":[[[4964,4965,4966,4967,4968,-5606,4969,-5608,4970,-5083]],[[4971]]],"id":"feature_764"},{"properties":{"shapeName":"Njombe","shapeISO":"None","shapeID":"TZA-ADM2-3_0_0-B79","shapeGroup":"TZA","shapeType":"ADM2"},"type":"Polygon","arcs":[[-5579,4972,-5905,4973,4974,4975,-5581,4976],[4977]],"id":"feature_765"},{"properties":{"shapeName":"Rungwe","shapeISO":"None","shapeID":"TZA-ADM2-3_0_0-B80","shapeGroup":"TZA","shapeType":"ADM2"},"type":"Polygon","arcs":[[4978,4979,4980,4981,4982,4983,-5099,4984,4985,4986],[4987],[4988],[4989]],"id":"feature_766"},{"properties":{"shapeName":"Singida Urban","shapeISO":"None","shapeID":"TZA-ADM2-3_0_0-B81","shapeGroup":"TZA","shapeType":"ADM2"},"type":"Polygon","arcs":[[4990,4991,-5088,4992]],"id":"feature_767"},{"properties":{"shapeName":"Songea Urban","shapeISO":"None","shapeID":"TZA-ADM2-3_0_0-B82","shapeGroup":"TZA","shapeType":"ADM2"},"type":"Polygon","arcs":[[4993,4994]],"id":"feature_768"},{"properties":{"shapeName":"Sumbawanga Urban","shapeISO":"None","shapeID":"TZA-ADM2-3_0_0-B83","shapeGroup":"TZA","shapeType":"ADM2"},"type":"Polygon","arcs":[[4995,4996,4997,4998,4999,5000,5001,5002]],"id":"feature_769"},{"properties":{"shapeName":"Tandahimba","shapeISO":"None","shapeID":"TZA-ADM2-3_0_0-B84","shapeGroup":"TZA","shapeType":"ADM2"},"type":"Polygon","arcs":[[5003,5004,5005,5006,5007,5008,5009,5010]],"id":"feature_770"},{"properties":{"shapeName":"Tanga Urban","shapeISO":"None","shapeID":"TZA-ADM2-3_0_0-B85","shapeGroup":"TZA","shapeType":"ADM2"},"type":"MultiPolygon","arcs":[[[5011,5012],[5013]],[[5014]]],"id":"feature_771"},{"properties":{"shapeName":"Ulanga","shapeISO":"None","shapeID":"TZA-ADM2-3_0_0-B86","shapeGroup":"TZA","shapeType":"ADM2"},"type":"Polygon","arcs":[[-5922,5015,-5920,5016,-5918,5017,5018,5019,-5166,5020,-5164,5021,-5162,5022,5023,5024,-5928,5025,-5926,5026,-5924,5027],[5028],[5029]],"id":"feature_772"},{"properties":{"shapeName":"Urambo","shapeISO":"None","shapeID":"TZA-ADM2-3_0_0-B87","shapeGroup":"TZA","shapeType":"ADM2"},"type":"Polygon","arcs":[[5030,-5693,5031,5032,5033,5034,5035,-5478,5036,-5695],[5037]],"id":"feature_773"},{"properties":{"shapeName":"Busega","shapeISO":"None","shapeID":"TZA-ADM2-3_0_0-B88","shapeGroup":"TZA","shapeType":"ADM2"},"type":"Polygon","arcs":[[5038,5039,5040,5041,5042,5043],[5044],[5045],[5046],[5047],[5048],[5049],[5050],[5051],[5052],[5053],[5054],[5055],[5056]],"id":"feature_774"},{"properties":{"shapeName":"Chato","shapeISO":"None","shapeID":"TZA-ADM2-3_0_0-B89","shapeGroup":"TZA","shapeType":"ADM2"},"type":"Polygon","arcs":[[5057,5058,5059,5060,5061,5062,5063,5064,5065,5066,5067,5068,5069,5070,5071,5072],[5073],[5074]],"id":"feature_775"},{"properties":{"shapeName":"Dodoma Urban","shapeISO":"None","shapeID":"TZA-ADM2-3_0_0-B90","shapeGroup":"TZA","shapeType":"ADM2"},"type":"Polygon","arcs":[[5075,5076,5077,5078,5079,5080,-5512,5081]],"id":"feature_776"},{"properties":{"shapeName":"Hai","shapeISO":"None","shapeID":"TZA-ADM2-3_0_0-B91","shapeGroup":"TZA","shapeType":"ADM2"},"type":"Polygon","arcs":[[5082,5083,-6038,5084,-5813,5085],[5086]],"id":"feature_777"},{"properties":{"shapeName":"Ikungi","shapeISO":"None","shapeID":"TZA-ADM2-3_0_0-B92","shapeGroup":"TZA","shapeType":"ADM2"},"type":"Polygon","arcs":[[5087,5088,-5681,5089,5090,5091,5092,5093,5094,5095,5096,5097]],"id":"feature_778"},{"properties":{"shapeName":"Ileje","shapeISO":"None","shapeID":"TZA-ADM2-3_0_0-B93","shapeGroup":"TZA","shapeType":"ADM2"},"type":"Polygon","arcs":[[5098,5099,5100,5101,-5591,5102,5103,5104]],"id":"feature_779"},{"properties":{"shapeName":"Ludewa","shapeISO":"None","shapeID":"TZA-ADM2-3_0_0-B94","shapeGroup":"TZA","shapeType":"ADM2"},"type":"Polygon","arcs":[[5105,5106,5107,5108,5109,5110,5111,5112,5113,5114,-5638,5115],[5116]],"id":"feature_780"},{"properties":{"shapeName":"Mafinga Township Authority","shapeISO":"None","shapeID":"TZA-ADM2-3_0_0-B95","shapeGroup":"TZA","shapeType":"ADM2"},"type":"MultiPolygon","arcs":[[[5117]],[[5118,5119]]],"id":"feature_781"},{"properties":{"shapeName":"Kahama Township Authority","shapeISO":"None","shapeID":"TZA-ADM2-3_0_0-B96","shapeGroup":"TZA","shapeType":"ADM2"},"type":"Polygon","arcs":[[5120,5121,5122,5123,5124,5125,5126,5127,5128,5129],[5130],[5131],[5132],[5133],[5134],[5135],[5136],[5137],[5138]],"id":"feature_782"},{"properties":{"shapeName":"Morogoro Urban","shapeISO":"None","shapeID":"TZA-ADM2-3_0_0-B97","shapeGroup":"TZA","shapeType":"ADM2"},"type":"Polygon","arcs":[[-5898,5139,-5616,5140]],"id":"feature_783"},{"properties":{"shapeName":"Mtwara Urban","shapeISO":"None","shapeID":"TZA-ADM2-3_0_0-B98","shapeGroup":"TZA","shapeType":"ADM2"},"type":"Polygon","arcs":[[5141]],"id":"feature_784"},{"properties":{"shapeName":"Musoma Urban","shapeISO":"None","shapeID":"TZA-ADM2-3_0_0-B99","shapeGroup":"TZA","shapeType":"ADM2"},"type":"Polygon","arcs":[[-5671,5142]],"id":"feature_785"},{"properties":{"shapeName":"Namtumbo","shapeISO":"None","shapeID":"TZA-ADM2-3_0_0-B100","shapeGroup":"TZA","shapeType":"ADM2"},"type":"Polygon","arcs":[[5143,5144,5145,5146,5147,5148,5149,5150,5151,5152,5153,5154,5155,5156,5157,5158,5159,5160,5161,5162,5163,5164,5165,5166],[5167],[5168],[5169],[5170],[5171]],"id":"feature_786"},{"properties":{"shapeName":"Ngara","shapeISO":"None","shapeID":"TZA-ADM2-3_0_0-B101","shapeGroup":"TZA","shapeType":"ADM2"},"type":"Polygon","arcs":[[5172,5173,5174,5175],[5176],[5177]],"id":"feature_787"},{"properties":{"shapeName":"Ngorongoro","shapeISO":"None","shapeID":"TZA-ADM2-3_0_0-B102","shapeGroup":"TZA","shapeType":"ADM2"},"type":"Polygon","arcs":[[5178,5179,5180,5181,5182,5183,5184,5185],[5186]],"id":"feature_788"},{"properties":{"shapeName":"Ruangwa","shapeISO":"None","shapeID":"TZA-ADM2-3_0_0-B103","shapeGroup":"TZA","shapeType":"ADM2"},"type":"Polygon","arcs":[[5187,5188,5189,5190,5191,5192,5193]],"id":"feature_789"},{"properties":{"shapeName":"Rufiji","shapeISO":"None","shapeID":"TZA-ADM2-3_0_0-B104","shapeGroup":"TZA","shapeType":"ADM2"},"type":"MultiPolygon","arcs":[[[5194,5195,5196,5197,5198,5199,-5890,5200],[5201],[5202],[5203],[5204]],[[5205]],[[5206]],[[5207]],[[5208]],[[5209]],[[5210]],[[5211]],[[5212]],[[5213]],[[5214]],[[5215]],[[5216]],[[5217]],[[5218]],[[5219]],[[5220]],[[5221]],[[5222]],[[5223]],[[5224]],[[5225]],[[5226]],[[5227]],[[5228]],[[5229]],[[5230]],[[5231]],[[5232]],[[5233]],[[5234]],[[5235]],[[5236]],[[5237]],[[5238]],[[5239]],[[5240]],[[5241]],[[5242]],[[5243]],[[5244]],[[5245]],[[5246]],[[5247]],[[5248]],[[5249]],[[5250]],[[5251]],[[5252]],[[5253]],[[5254]],[[5255]],[[5256]],[[5257]],[[5258]],[[5259]],[[5260]],[[5261]],[[5262]],[[5263]],[[5264]],[[5265]],[[5266]],[[5267]],[[5268]],[[5269]],[[5270]],[[5271]],[[5272]],[[5273]],[[5274]],[[5275]],[[5276]],[[5277]],[[5278]],[[5279]],[[5280]],[[5281]],[[5282]],[[5283]],[[5284]],[[5285]],[[5286]],[[5287]],[[5288]],[[5289]],[[5290]],[[5291]],[[5292]],[[5293]],[[5294]],[[5295]],[[5296]],[[5297]],[[5298]],[[5299]],[[5300]],[[5301]],[[5302]],[[5303]],[[5304]],[[5305]],[[5306]],[[5307]],[[5308]],[[5309]],[[5310]],[[5311]],[[5312]],[[5313]],[[5314]],[[5315]],[[5316]],[[5317]],[[5318]],[[5319]],[[5320]],[[5321]],[[5322]],[[5323]],[[5324]],[[5325]],[[5326]],[[5327]],[[5328]],[[5329]],[[5330]],[[5331]],[[5332]],[[5333]],[[5334]],[[5335]],[[5336]],[[5337]],[[5338]],[[5339]],[[5340]],[[5341]],[[5342]],[[5343]],[[5344]],[[5345]],[[5346]],[[5347]],[[5348]],[[5349]],[[5350]],[[5351]],[[5352]],[[5353]],[[5354]],[[5355]],[[5356]],[[5357]],[[5358]],[[5359]],[[5360]],[[5361]],[[5362]],[[5363]],[[5364]],[[5365]],[[5366]],[[5367]],[[5368]],[[5369]],[[5370]],[[5371]],[[5372]],[[5373]],[[5374]],[[5375]],[[5376]],[[5377]],[[5378]],[[5379]],[[5380]],[[5381]],[[5382]],[[5383]],[[5384]],[[5385]],[[5386]],[[5387]],[[5388]],[[5389]],[[5390]],[[5391]],[[5392]],[[5393]],[[5394]],[[5395]],[[5396]],[[5397]],[[5398]],[[5399]],[[5400]],[[5401]],[[5402]],[[5403]],[[5404]],[[5405]],[[5406]],[[5407]],[[5408]],[[5409]],[[5410]],[[5411]],[[5412]],[[5413]],[[5414]],[[5415]],[[5416]],[[5417]],[[5418]],[[5419]],[[5420]],[[5421]],[[5422]],[[5423]],[[5424]],[[5425]],[[5426]],[[5427]]],"id":"feature_790"},{"properties":{"shapeName":"Sengerema","shapeISO":"None","shapeID":"TZA-ADM2-3_0_0-B105","shapeGroup":"TZA","shapeType":"ADM2"},"type":"MultiPolygon","arcs":[[[5428]],[[5429]],[[5430]],[[5431]],[[5432]],[[5433]],[[5434]],[[5435]],[[5436]],[[5437]],[[5438]],[[5439]],[[5440]],[[5441,5442,5443,5444],[5445],[5446],[5447],[5448],[5449],[5450],[5451],[5452],[5453],[5454],[5455]],[[5456]],[[5457]],[[5458]],[[5459]],[[5460]],[[5461]],[[5462]],[[5463]],[[5464]]],"id":"feature_791"},{"properties":{"shapeName":"Sikonge","shapeISO":"None","shapeID":"TZA-ADM2-3_0_0-B106","shapeGroup":"TZA","shapeType":"ADM2"},"type":"Polygon","arcs":[[5465,5466,5467,5468,5469,5470,5471,5472,5473,5474,-5977,5475,-5975,5476,5477,5478,5479,5480],[5481]],"id":"feature_792"},{"properties":{"shapeName":"Uvinza","shapeISO":"None","shapeID":"TZA-ADM2-3_0_0-B107","shapeGroup":"TZA","shapeType":"ADM2"},"type":"Polygon","arcs":[[5482,5483,5484,5485,5486,5487,-5701,5488,-5955,5489,-5966,5490,-5964,5491,5492,5493],[5494],[5495],[5496]],"id":"feature_793"},{"properties":{"shapeName":"Arusha","shapeISO":"None","shapeID":"TZA-ADM2-3_0_0-B108","shapeGroup":"TZA","shapeType":"ADM2"},"type":"MultiPolygon","arcs":[[[5497,5498,-6034,5499,5500,5501,5502,5503],[5504]],[[5505]]],"id":"feature_794"},{"properties":{"shapeName":"Bahi","shapeISO":"None","shapeID":"TZA-ADM2-3_0_0-B109","shapeGroup":"TZA","shapeType":"ADM2"},"type":"MultiPolygon","arcs":[[[5506]],[[5507,5508,5509,5510,5511,5512,5513,5514,5515,5516,5517,5518]]],"id":"feature_795"},{"properties":{"shapeName":"Buhigwe","shapeISO":"None","shapeID":"TZA-ADM2-3_0_0-B110","shapeGroup":"TZA","shapeType":"ADM2"},"type":"Polygon","arcs":[[5519,5520,5521,5522,-5829,5523,5524,5525],[5526],[5527],[5528],[5529],[5529],[5530],[5531],[5532],[5533],[5534],[5535],[5536],[5537],[5537],[5538],[5539]],"id":"feature_796"},{"properties":{"shapeName":"Bukoba Urban","shapeISO":"None","shapeID":"TZA-ADM2-3_0_0-B111","shapeGroup":"TZA","shapeType":"ADM2"},"type":"MultiPolygon","arcs":[[[5540]],[[5541]],[[5542,5543]]],"id":"feature_797"},{"properties":{"shapeName":"Handeni","shapeISO":"None","shapeID":"TZA-ADM2-3_0_0-B112","shapeGroup":"TZA","shapeType":"ADM2"},"type":"Polygon","arcs":[[5544,5545,-5850,5546,5547,5548,-5991,5549,5550,5551,-5723,5552,-5865,5553,-5863,5554,-5869,5555,-5720,5556]],"id":"feature_798"},{"properties":{"shapeName":"Ilemela","shapeISO":"None","shapeID":"TZA-ADM2-3_0_0-B113","shapeGroup":"TZA","shapeType":"ADM2"},"type":"MultiPolygon","arcs":[[[5557,5558],[5559]],[[5560]],[[5561]],[[5562]],[[5563]],[[5564]]],"id":"feature_799"},{"properties":{"shapeName":"Lindi Urban","shapeISO":"None","shapeID":"TZA-ADM2-3_0_0-B114","shapeGroup":"TZA","shapeType":"ADM2"},"type":"MultiPolygon","arcs":[[[5565,5566]],[[5567]]],"id":"feature_800"},{"properties":{"shapeName":"Mafia","shapeISO":"None","shapeID":"TZA-ADM2-3_0_0-B115","shapeGroup":"TZA","shapeType":"ADM2"},"type":"MultiPolygon","arcs":[[[5568]],[[5569]],[[5570]],[[5571]],[[5572]],[[5573]],[[5574]],[[5575]]],"id":"feature_801"},{"properties":{"shapeName":"Makambako Township Authority","shapeISO":"None","shapeID":"TZA-ADM2-3_0_0-B116","shapeGroup":"TZA","shapeType":"ADM2"},"type":"Polygon","arcs":[[5576,5577,5578,5579,5580,5581,5582,5583],[5584],[5585]],"id":"feature_802"},{"properties":{"shapeName":"Mbozi","shapeISO":"None","shapeID":"TZA-ADM2-3_0_0-B117","shapeGroup":"TZA","shapeType":"ADM2"},"type":"Polygon","arcs":[[5586,5587,5588,5589,5590,5591,-5854,5592,-5852,5593]],"id":"feature_803"},{"properties":{"shapeName":"Mkalama","shapeISO":"None","shapeID":"TZA-ADM2-3_0_0-B118","shapeGroup":"TZA","shapeType":"ADM2"},"type":"Polygon","arcs":[[5594,5595,5596,5597,5598,5599,5600,5601,-6019,5602],[5603]],"id":"feature_804"},{"properties":{"shapeName":"Moshi Urban","shapeISO":"None","shapeID":"TZA-ADM2-3_0_0-B119","shapeGroup":"TZA","shapeType":"ADM2"},"type":"Polygon","arcs":[[5604,5605,5606,5607],[5608],[5609]],"id":"feature_805"},{"properties":{"shapeName":"Mvomero","shapeISO":"None","shapeID":"TZA-ADM2-3_0_0-B120","shapeGroup":"TZA","shapeType":"ADM2"},"type":"Polygon","arcs":[[-5725,5610,5611,5612,-5902,5613,-5900,5614,5615,5616,-5896,5617,-5894,5618,-5931,5619,-5943,5620,-5945,5621],[5622]],"id":"feature_806"},{"properties":{"shapeName":"Nanyumbu","shapeISO":"None","shapeID":"TZA-ADM2-3_0_0-B121","shapeGroup":"TZA","shapeType":"ADM2"},"type":"Polygon","arcs":[[5623,5624,5625,5626]],"id":"feature_807"},{"properties":{"shapeName":"Nyasa","shapeISO":"None","shapeID":"TZA-ADM2-3_0_0-B122","shapeGroup":"TZA","shapeType":"ADM2"},"type":"MultiPolygon","arcs":[[[5627]],[[5628]],[[5629]],[[5630]],[[5631,5632,5633,5634,5635,5636,5637,5638,5639,5640,5641,5642]]],"id":"feature_808"},{"properties":{"shapeName":"Rorya","shapeISO":"None","shapeID":"TZA-ADM2-3_0_0-B123","shapeGroup":"TZA","shapeType":"ADM2"},"type":"MultiPolygon","arcs":[[[5643]],[[5644]],[[5645]],[[5646]],[[5647,5648,5649,5650]]],"id":"feature_809"},{"properties":{"shapeName":"Tabora Urban","shapeISO":"None","shapeID":"TZA-ADM2-3_0_0-B124","shapeGroup":"TZA","shapeType":"ADM2"},"type":"Polygon","arcs":[[5651,5652,5653,5654,5655,5656,5657,5658],[5659],[5660],[5661],[5662]],"id":"feature_810"},{"properties":{"shapeName":"Butiam","shapeISO":"None","shapeID":"TZA-ADM2-3_0_0-B125","shapeGroup":"TZA","shapeType":"ADM2"},"type":"MultiPolygon","arcs":[[[5663]],[[5664]],[[5665]],[[5666,5667,5668,5669,5670,5671],[5672]],[[5673]]],"id":"feature_811"},{"properties":{"shapeName":"Chemba","shapeISO":"None","shapeID":"TZA-ADM2-3_0_0-B126","shapeGroup":"TZA","shapeType":"ADM2"},"type":"MultiPolygon","arcs":[[[5674,5675,-6048,5676,5677,5678,5679,5680,5681,5682,5683],[5684]],[[5685]]],"id":"feature_812"},{"properties":{"shapeName":"Kakonko","shapeISO":"None","shapeID":"TZA-ADM2-3_0_0-B127","shapeGroup":"TZA","shapeType":"ADM2"},"type":"Polygon","arcs":[[5686,5687]],"id":"feature_813"},{"properties":{"shapeName":"Kaliua","shapeISO":"None","shapeID":"TZA-ADM2-3_0_0-B128","shapeGroup":"TZA","shapeType":"ADM2"},"type":"Polygon","arcs":[[5688,5689,5690,5691,5692,5693,5694,5695,-5973,5696,-5971,5697,-5969,5698,-5957,5699,5700,5701,5702,5703,5704,5705,5706,5707,5708,5709]],"id":"feature_814"},{"properties":{"shapeName":"Kibaha Urban","shapeISO":"None","shapeID":"TZA-ADM2-3_0_0-B129","shapeGroup":"TZA","shapeType":"ADM2"},"type":"Polygon","arcs":[[5710,5711,5712,5713,5714,5715,5716,5717],[5718]],"id":"feature_815"},{"properties":{"shapeName":"Kilindi","shapeISO":"None","shapeID":"TZA-ADM2-3_0_0-B130","shapeGroup":"TZA","shapeType":"ADM2"},"type":"Polygon","arcs":[[5719,5720,-5867,5721,5722,5723,5724,5725,-6043,5726,-6041,5727,-6029,5728]],"id":"feature_816"},{"properties":{"shapeName":"Longido","shapeISO":"None","shapeID":"TZA-ADM2-3_0_0-B131","shapeGroup":"TZA","shapeType":"ADM2"},"type":"MultiPolygon","arcs":[[[5729,-5817,5730,5731],[5732],[5733],[5734],[5735],[5736],[5737],[5738],[5739],[5740]],[[5741]]],"id":"feature_817"},{"properties":{"shapeName":"Masasi  Township Authority","shapeISO":"None","shapeID":"TZA-ADM2-3_0_0-B132","shapeGroup":"TZA","shapeType":"ADM2"},"type":"Polygon","arcs":[[5742,5743,5744,5745,5746,5747],[5748]],"id":"feature_818"},{"properties":{"shapeName":"Mbarali","shapeISO":"None","shapeID":"TZA-ADM2-3_0_0-B133","shapeGroup":"TZA","shapeType":"ADM2"},"type":"Polygon","arcs":[[5749,5750,5751,5752,5753,5754,5755,5756,5757,5758,5759,5760,5761,5762,5763,5764,5765,5766]],"id":"feature_819"},{"properties":{"shapeName":"Missenyi","shapeISO":"None","shapeID":"TZA-ADM2-3_0_0-B134","shapeGroup":"TZA","shapeType":"ADM2"},"type":"MultiPolygon","arcs":[[[5767,5768,5769,5770,5771,5772,5773,5774,5775,5776,5777,-5831,5778,5779],[5780],[5781],[5782],[5783],[5784],[5785],[5786],[5787],[5788],[5789],[5790],[5791],[5792],[5793],[5794],[5795],[5796],[5797]],[[5798]],[[5799]]],"id":"feature_820"},{"properties":{"shapeName":"Misungwi","shapeISO":"None","shapeID":"TZA-ADM2-3_0_0-B135","shapeGroup":"TZA","shapeType":"ADM2"},"type":"MultiPolygon","arcs":[[[5800]],[[5801,5802,5803,5804,5805,5806,5807,5808,5809,5810],[5811]]],"id":"feature_821"},{"properties":{"shapeName":"Siha","shapeISO":"None","shapeID":"TZA-ADM2-3_0_0-B136","shapeGroup":"TZA","shapeType":"ADM2"},"type":"Polygon","arcs":[[5812,5813,5814,5815,5816,5817]],"id":"feature_822"},{"properties":{"shapeName":"Mkinga","shapeISO":"None","shapeID":"TZA-ADM2-3_0_0-B137","shapeGroup":"TZA","shapeType":"ADM2"},"type":"Polygon","arcs":[[5818,5819,5820,5821]],"id":"feature_823"},{"properties":{"shapeName":"Kasulu Township Authority","shapeISO":"None","shapeID":"TZA-ADM2-3_0_0-B138","shapeGroup":"TZA","shapeType":"ADM2"},"type":"Polygon","arcs":[[5822,5823,5824,5825,5826,5827,5828,5829]],"id":"feature_824"},{"properties":{"shapeName":"Kyerwa","shapeISO":"None","shapeID":"TZA-ADM2-3_0_0-B139","shapeGroup":"TZA","shapeType":"ADM2"},"type":"Polygon","arcs":[[5830,5831,5832,5833]],"id":"feature_825"},{"properties":{"shapeName":"Mbeya Urban","shapeISO":"None","shapeID":"TZA-ADM2-3_0_0-B140","shapeGroup":"TZA","shapeType":"ADM2"},"type":"Polygon","arcs":[[5834,5835,5836,5837],[5838],[5839],[5840],[5841],[5842],[5843],[5844],[5845],[5846]],"id":"feature_826"},{"properties":{"shapeName":"Korogwe Township Authority","shapeISO":"None","shapeID":"TZA-ADM2-3_0_0-B141","shapeGroup":"TZA","shapeType":"ADM2"},"type":"Polygon","arcs":[[5847,5848,5849,5850]],"id":"feature_827"},{"properties":{"shapeName":"Momba","shapeISO":"None","shapeID":"TZA-ADM2-3_0_0-B142","shapeGroup":"TZA","shapeType":"ADM2"},"type":"Polygon","arcs":[[5851,5852,5853,5854,-5871,5855,5856,5857,5858,5859,5860,5861]],"id":"feature_828"},{"properties":{"shapeName":"Handeni Mji","shapeISO":"None","shapeID":"TZA-ADM2-3_0_0-B143","shapeGroup":"TZA","shapeType":"ADM2"},"type":"Polygon","arcs":[[5862,5863,5864,5865,5866,5867,5868,5869]],"id":"feature_829"},{"properties":{"shapeName":"Tunduma","shapeISO":"None","shapeID":"TZA-ADM2-3_0_0-B144","shapeGroup":"TZA","shapeType":"ADM2"},"type":"Polygon","arcs":[[5870,5871],[5872],[5873]],"id":"feature_830"},{"properties":{"shapeName":"Kigoma  Urban","shapeISO":"None","shapeID":"TZA-ADM2-3_0_0-B145","shapeGroup":"TZA","shapeType":"ADM2"},"type":"Polygon","arcs":[[5874,5875],[5876],[5877],[5878],[5879],[5880],[5881],[5882],[5883],[5884]],"id":"feature_831"},{"properties":{"shapeName":"Morogoro","shapeISO":"None","shapeID":"TZA-ADM2-3_0_0-B146","shapeGroup":"TZA","shapeType":"ADM2"},"type":"Polygon","arcs":[[5885,5886,5887,5888,5889,5890,-5914,5891,-5933,5892,5893,5894,5895,5896,5897,5898,5899,5900,5901,5902]],"id":"feature_832"},{"properties":{"shapeName":"Kilombero","shapeISO":"None","shapeID":"TZA-ADM2-3_0_0-B147","shapeGroup":"TZA","shapeType":"ADM2"},"type":"Polygon","arcs":[[5903,5904,5905,5906,5907,5908,5909,5910,5911,-5935,5912,5913,5914,5915,5916,5917,5918,5919,5920,5921,5922,5923,5924,5925,5926,5927]],"id":"feature_833"},{"properties":{"shapeName":"Kilosa","shapeISO":"None","shapeID":"TZA-ADM2-3_0_0-B148","shapeGroup":"TZA","shapeType":"ADM2"},"type":"MultiPolygon","arcs":[[[5928]],[[5929]],[[5930,5931,5932,5933,5934,5935,5936,5937,5938,5939,-5949,5940,-5947,5941,5942,5943]]],"id":"feature_834"},{"properties":{"shapeName":"Gairo","shapeISO":"None","shapeID":"TZA-ADM2-3_0_0-B149","shapeGroup":"TZA","shapeType":"ADM2"},"type":"Polygon","arcs":[[5944,5945,5946,5947,5948,5949,5950,5951,5952,5953]],"id":"feature_835"},{"properties":{"shapeName":"Mpanda","shapeISO":"None","shapeID":"TZA-ADM2-3_0_0-B150","shapeGroup":"TZA","shapeType":"ADM2"},"type":"Polygon","arcs":[[5954,5955,5956,5957,-5986,5958,-5989,5959,-5983,5960,5961,5962,5963,5964,5965,5966]],"id":"feature_836"},{"properties":{"shapeName":"Mlele","shapeISO":"None","shapeID":"TZA-ADM2-3_0_0-B151","shapeGroup":"TZA","shapeType":"ADM2"},"type":"Polygon","arcs":[[5967,5968,5969,5970,5971,5972,5973,5974,5975,5976,5977,5978,5979,5980,5981,5982,5983,-5987,5984,5985]],"id":"feature_837"},{"properties":{"shapeName":"Mpanda Urban","shapeISO":"None","shapeID":"TZA-ADM2-3_0_0-B152","shapeGroup":"TZA","shapeType":"ADM2"},"type":"Polygon","arcs":[[5986,5987,5988,5989]],"id":"feature_838"},{"properties":{"shapeName":"Pangani","shapeISO":"None","shapeID":"TZA-ADM2-3_0_0-B153","shapeGroup":"TZA","shapeType":"ADM2"},"type":"MultiPolygon","arcs":[[[5990,5991,5992,5993,5994,5995]],[[5996]]],"id":"feature_839"},{"properties":{"shapeName":"Babati","shapeISO":"None","shapeID":"TZA-ADM2-3_0_0-B154","shapeGroup":"TZA","shapeType":"ADM2"},"type":"MultiPolygon","arcs":[[[5997]],[[5998,5999,6000,6001,6002,-6008,6003,-6017,6004,6005],[6006],[6050]]],"id":"feature_840"},{"properties":{"shapeName":"Hanang","shapeISO":"None","shapeID":"TZA-ADM2-3_0_0-B155","shapeGroup":"TZA","shapeType":"ADM2"},"type":"Polygon","arcs":[[6007,6008,6009,6010,6011,6012],[6013]],"id":"feature_841"},{"properties":{"shapeName":"Mbulu","shapeISO":"None","shapeID":"TZA-ADM2-3_0_0-B156","shapeGroup":"TZA","shapeType":"ADM2"},"type":"Polygon","arcs":[[6014,6015,6016,6017,6018,6019,6020,6021]],"id":"feature_842"},{"properties":{"shapeName":"Simanjiro","shapeISO":"None","shapeID":"TZA-ADM2-3_0_0-B157","shapeGroup":"TZA","shapeType":"ADM2"},"type":"Polygon","arcs":[[6022,6023,6024,6025,6026,6027,6028,6029,-6050,6030,6031,6032,6033,6034,6035,6036,6037,6038]],"id":"feature_843"},{"properties":{"shapeName":"Kiteto","shapeISO":"None","shapeID":"TZA-ADM2-3_0_0-B158","shapeGroup":"TZA","shapeType":"ADM2"},"type":"Polygon","arcs":[[6039,6040,6041,6042,6043,6044,6045,6046,6047,6048,6049]],"id":"feature_844"},{"properties":{"shapeName":"Babati Urban","shapeISO":"None","shapeID":"TZA-ADM2-3_0_0-B159","shapeGroup":"TZA","shapeType":"ADM2"},"type":"Polygon","arcs":[[6050]],"id":"feature_845"},{"properties":{"shapeName":"Chake Chake","shapeISO":"None","shapeID":"TZA-ADM2-3_0_0-B160","shapeGroup":"TZA","shapeType":"ADM2"},"type":"Polygon","arcs":[[-6074,6051]],"id":"feature_846"},{"properties":{"shapeName":"Kaskazini A","shapeISO":"None","shapeID":"TZA-ADM2-3_0_0-B161","shapeGroup":"TZA","shapeType":"ADM2"},"type":"MultiPolygon","arcs":[[[6052]],[[6053]],[[6054],[6055]],[[6056]],[[6057],[6058],[6059],[6060],[6061]]],"id":"feature_847"},{"properties":{"shapeName":"Kati","shapeISO":"None","shapeID":"TZA-ADM2-3_0_0-B162","shapeGroup":"TZA","shapeType":"ADM2"},"type":"MultiPolygon","arcs":[[[6062]],[[-6079,6063]]],"id":"feature_848"},{"properties":{"shapeName":"Magharibi","shapeISO":"None","shapeID":"TZA-ADM2-3_0_0-B163","shapeGroup":"TZA","shapeType":"ADM2"},"type":"Polygon","arcs":[[6064],[6065]],"id":"feature_849"},{"properties":{"shapeName":"Wete","shapeISO":"None","shapeID":"TZA-ADM2-3_0_0-B164","shapeGroup":"TZA","shapeType":"ADM2"},"type":"MultiPolygon","arcs":[[[6066]],[[6067]],[[6068]],[[6069]],[[6070]],[[6071]],[[-6085,6072,6073,6074]]],"id":"feature_850"},{"properties":{"shapeName":"Kaskazini B","shapeISO":"None","shapeID":"TZA-ADM2-3_0_0-B165","shapeGroup":"TZA","shapeType":"ADM2"},"type":"Polygon","arcs":[[6075],[6076],[6077]],"id":"feature_851"},{"properties":{"shapeName":"Kusini","shapeISO":"None","shapeID":"TZA-ADM2-3_0_0-B166","shapeGroup":"TZA","shapeType":"ADM2"},"type":"Polygon","arcs":[[6078,6079],[6080],[6081],[6082],[6083]],"id":"feature_852"},{"properties":{"shapeName":"Micheweni","shapeISO":"None","shapeID":"TZA-ADM2-3_0_0-B167","shapeGroup":"TZA","shapeType":"ADM2"},"type":"Polygon","arcs":[[6084,6085]],"id":"feature_853"},{"properties":{"shapeName":"Mjini","shapeISO":"None","shapeID":"TZA-ADM2-3_0_0-B168","shapeGroup":"TZA","shapeType":"ADM2"},"type":"Polygon","arcs":[[6086]],"id":"feature_854"},{"properties":{"shapeName":"Mkoani","shapeISO":"None","shapeID":"TZA-ADM2-3_0_0-B169","shapeGroup":"TZA","shapeType":"ADM2"},"type":"MultiPolygon","arcs":[[[6087]],[[6088]],[[6089]],[[6090]],[[6091]],[[6092],[6093]]],"id":"feature_855"},{"properties":{"shapeName":"ABIM","shapeISO":"UG-314","shapeID":"UGA-ADM2-3_0_0-B1","shapeGroup":"UGA","shapeType":"ADM2"},"type":"Polygon","arcs":[[-6401,6094,-6399,6095,-6762,6096,-6287]],"id":"feature_856"},{"properties":{"shapeName":"ADJUMANI","shapeISO":"UG-301","shapeID":"UGA-ADM2-3_0_0-B2","shapeGroup":"UGA","shapeType":"ADM2"},"type":"MultiPolygon","arcs":[[[6097]],[[-6133,6098,-6131,6099,-6625,6100,-6369,6101,-6367,6102]]],"id":"feature_857"},{"properties":{"shapeName":"ALEBTONG","shapeISO":"UG-323","shapeID":"UGA-ADM2-3_0_0-B3","shapeGroup":"UGA","shapeType":"ADM2"},"type":"Polygon","arcs":[[-6122,6103,-6120,6104,-6761,6105,-6177,6106,-6311,6107,-6309,6108,-6424,6109]],"id":"feature_858"},{"properties":{"shapeName":"AMOLATAR","shapeISO":"UG-315","shapeID":"UGA-ADM2-3_0_0-B4","shapeGroup":"UGA","shapeType":"ADM2"},"type":"Polygon","arcs":[[6110,-6757,6111,-6380,6112,-6137]],"id":"feature_859"},{"properties":{"shapeName":"AMUDAT","shapeISO":"UG-324","shapeID":"UGA-ADM2-3_0_0-B5","shapeGroup":"UGA","shapeType":"ADM2"},"type":"Polygon","arcs":[[-6296,6113,-6374,6114]],"id":"feature_860"},{"properties":{"shapeName":"AMURIA","shapeISO":"UG-216","shapeID":"UGA-ADM2-3_0_0-B6","shapeGroup":"UGA","shapeType":"ADM2"},"type":"Polygon","arcs":[[-6258,6115,-6458,6116,-6456,6117,-6753,6118,6119,6120,6121,6122,-6397,6123]],"id":"feature_861"},{"properties":{"shapeName":"AMURU","shapeISO":"UG-316","shapeID":"UGA-ADM2-3_0_0-B7","shapeGroup":"UGA","shapeType":"ADM2"},"type":"MultiPolygon","arcs":[[[6124]],[[6125]],[[-6307,6126,-6785,6127,-6595,6128,-6601,6129,6130,6131,6132,6133]]],"id":"feature_862"},{"properties":{"shapeName":"APAC","shapeISO":"UG-302","shapeID":"UGA-ADM2-3_0_0-B8","shapeGroup":"UGA","shapeType":"ADM2"},"type":"Polygon","arcs":[[-6280,6134,-6174,6135,6136,6137,-6389,-6607,6138,-6430,6139]],"id":"feature_863"},{"properties":{"shapeName":"BUDAKA","shapeISO":"UG-217","shapeID":"UGA-ADM2-3_0_0-B9","shapeGroup":"UGA","shapeType":"ADM2"},"type":"Polygon","arcs":[[6140,-6729,6141,-6746,6142,-6740]],"id":"feature_864"},{"properties":{"shapeName":"BUGIRI","shapeISO":"UG-201","shapeID":"UGA-ADM2-3_0_0-B10","shapeGroup":"UGA","shapeType":"ADM2"},"type":"Polygon","arcs":[[-6391,6143,-6717,6144,-6716,6145,-6353,6146,-6191,6147,-6189,6148]],"id":"feature_865"},{"properties":{"shapeName":"BUIKWE","shapeISO":"UG-117","shapeID":"UGA-ADM2-3_0_0-B11","shapeGroup":"UGA","shapeType":"ADM2"},"type":"Polygon","arcs":[[6149,-6684,6150,-6262]],"id":"feature_866"},{"properties":{"shapeName":"BUKOMANSIMBI","shapeISO":"UG-218","shapeID":"UGA-ADM2-3_0_0-B12","shapeGroup":"UGA","shapeType":"ADM2"},"type":"Polygon","arcs":[[6151]],"id":"feature_867"},{"properties":{"shapeName":"BUKWO","shapeISO":"UG-220","shapeID":"UGA-ADM2-3_0_0-B13","shapeGroup":"UGA","shapeType":"ADM2"},"type":"Polygon","arcs":[[-6298,6152]],"id":"feature_868"},{"properties":{"shapeName":"BULAMBULI","shapeISO":"UG-225","shapeID":"UGA-ADM2-3_0_0-B14","shapeGroup":"UGA","shapeType":"ADM2"},"type":"Polygon","arcs":[[-6255,6153,-6253,6154,-6447,6155,-6732,6156]],"id":"feature_869"},{"properties":{"shapeName":"BULIISA","shapeISO":"UG-416","shapeID":"UGA-ADM2-3_0_0-B15","shapeGroup":"UGA","shapeType":"ADM2"},"type":"Polygon","arcs":[[6157,-6182,6158,-6599,6159,-6344]],"id":"feature_870"},{"properties":{"shapeName":"BUNDIBUGYO","shapeISO":"UG-401","shapeID":"UGA-ADM2-3_0_0-B16","shapeGroup":"UGA","shapeType":"ADM2"},"type":"MultiPolygon","arcs":[[[6160]],[[6161]],[[-6419,6162,-6206,6163]]],"id":"feature_871"},{"properties":{"shapeName":"BUSHENYI","shapeISO":"UG-402","shapeID":"UGA-ADM2-3_0_0-B17","shapeGroup":"UGA","shapeType":"ADM2"},"type":"Polygon","arcs":[[-6412,6164,-6268,6165,-6480,6166,-6486,6167]],"id":"feature_872"},{"properties":{"shapeName":"BUYENDE","shapeISO":"UG-226","shapeID":"UGA-ADM2-3_0_0-B18","shapeGroup":"UGA","shapeType":"ADM2"},"type":"Polygon","arcs":[[-6612,6168,-6244,6169,-6242,6170]],"id":"feature_873"},{"properties":{"shapeName":"DOKOLO","shapeISO":"UG-317","shapeID":"UGA-ADM2-3_0_0-B19","shapeGroup":"UGA","shapeType":"ADM2"},"type":"Polygon","arcs":[[6171,-6759,6172,6173,6174,-6313,6175,6176]],"id":"feature_874"},{"properties":{"shapeName":"BUTAMBALA","shapeISO":"UG-221","shapeID":"UGA-ADM2-3_0_0-B20","shapeGroup":"UGA","shapeType":"ADM2"},"type":"Polygon","arcs":[[-6557,6177,-6662,6178,-6575,6179,-6573,6180]],"id":"feature_875"},{"properties":{"shapeName":"HOIMA","shapeISO":"UG-403","shapeID":"UGA-ADM2-3_0_0-B21","shapeGroup":"UGA","shapeType":"ADM2"},"type":"Polygon","arcs":[[6181,6182,-6342,6183,-6584,6184,-6592,6185,-6777,6186]],"id":"feature_876"},{"properties":{"shapeName":"IGANGA","shapeISO":"UG-203","shapeID":"UGA-ADM2-3_0_0-B22","shapeGroup":"UGA","shapeType":"ADM2"},"type":"Polygon","arcs":[[-6393,6187,6188,6189,6190,6191,-6351,6192,-6319,6193,-6233,6194]],"id":"feature_877"},{"properties":{"shapeName":"KAABONG","shapeISO":"UG-318","shapeID":"UGA-ADM2-3_0_0-B23","shapeGroup":"UGA","shapeType":"ADM2"},"type":"MultiPolygon","arcs":[[[6291]],[[-6291,6195,-6270,6196,-6365,6197,-6284,6198]]],"id":"feature_878"},{"properties":{"shapeName":"KABALE","shapeISO":"UG-404","shapeID":"UGA-ADM2-3_0_0-B24","shapeGroup":"UGA","shapeType":"ADM2"},"type":"Polygon","arcs":[[6199,-6494,6200,-6788,6201,-6503]],"id":"feature_879"},{"properties":{"shapeName":"KABAROLE","shapeISO":"UG-405","shapeID":"UGA-ADM2-3_0_0-B25","shapeGroup":"UGA","shapeType":"ADM2"},"type":"Polygon","arcs":[[-6541,6202,-6514,6203,-6521,6204,6205,6206,-6417,6207,-6415,6208]],"id":"feature_880"},{"properties":{"shapeName":"KALANGALA","shapeISO":"UG-101","shapeID":"UGA-ADM2-3_0_0-B26","shapeGroup":"UGA","shapeType":"ADM2"},"type":"MultiPolygon","arcs":[[[6209]],[[6210]],[[6211]],[[6212]],[[6213]],[[6214]],[[6215]],[[6216]],[[6217]],[[6218]],[[6219]],[[6220]],[[6221]],[[6222]],[[6223]],[[6224]],[[6225]],[[6226]],[[6227]],[[6228]],[[6229]],[[6230]],[[6231]]],"id":"feature_881"},{"properties":{"shapeName":"KALIRO","shapeISO":"UG-222","shapeID":"UGA-ADM2-3_0_0-B27","shapeGroup":"UGA","shapeType":"ADM2"},"type":"Polygon","arcs":[[6232,-6326,6233]],"id":"feature_882"},{"properties":{"shapeName":"KALUNGU","shapeISO":"UG-122","shapeID":"UGA-ADM2-3_0_0-B28","shapeGroup":"UGA","shapeType":"ADM2"},"type":"Polygon","arcs":[[-6571,6234,-6338,6235,-6336,6236]],"id":"feature_883"},{"properties":{"shapeName":"KAMULI","shapeISO":"UG-205","shapeID":"UGA-ADM2-3_0_0-B29","shapeGroup":"UGA","shapeType":"ADM2"},"type":"Polygon","arcs":[[6237,-6324,6238,-6322,6239,-6260,6240,6241,6242,6243]],"id":"feature_884"},{"properties":{"shapeName":"KANUNGU","shapeISO":"UG-414","shapeID":"UGA-ADM2-3_0_0-B30","shapeGroup":"UGA","shapeType":"ADM2"},"type":"MultiPolygon","arcs":[[[6244]],[[6245]],[[-6509,6246,-6507,6247,-6505,6248,-6792,6249,-6295,6250]]],"id":"feature_885"},{"properties":{"shapeName":"KAPCHORWA","shapeISO":"UG-206","shapeID":"UGA-ADM2-3_0_0-B31","shapeGroup":"UGA","shapeType":"ADM2"},"type":"Polygon","arcs":[[-6300,6251,6252,6253,6254,6255]],"id":"feature_886"},{"properties":{"shapeName":"KATAKWI","shapeISO":"UG-207","shapeID":"UGA-ADM2-3_0_0-B32","shapeGroup":"UGA","shapeType":"ADM2"},"type":"Polygon","arcs":[[-6739,6256,6257,6258]],"id":"feature_887"},{"properties":{"shapeName":"KAYUNGA","shapeISO":"UG-112","shapeID":"UGA-ADM2-3_0_0-B33","shapeGroup":"UGA","shapeType":"ADM2"},"type":"Polygon","arcs":[[6259,6260,6261,6262,-6682,6263,-6382,6264]],"id":"feature_888"},{"properties":{"shapeName":"SHEEMA","shapeISO":"UG-426","shapeID":"UGA-ADM2-3_0_0-B34","shapeGroup":"UGA","shapeType":"ADM2"},"type":"Polygon","arcs":[[-6361,6265,-6482,6266,6267,6268]],"id":"feature_889"},{"properties":{"shapeName":"KITGUM","shapeISO":"UG-305","shapeID":"UGA-ADM2-3_0_0-B35","shapeGroup":"UGA","shapeType":"ADM2"},"type":"Polygon","arcs":[[6269,6270,-6289,6271,-6770,6272,-6444,6273,-6442,6274,-6304,6275,-6302,6276]],"id":"feature_890"},{"properties":{"shapeName":"KOBOKO","shapeISO":"UG-319","shapeID":"UGA-ADM2-3_0_0-B36","shapeGroup":"UGA","shapeType":"ADM2"},"type":"Polygon","arcs":[[-6421,6277]],"id":"feature_891"},{"properties":{"shapeName":"KOLE","shapeISO":"UG-325","shapeID":"UGA-ADM2-3_0_0-B37","shapeGroup":"UGA","shapeType":"ADM2"},"type":"Polygon","arcs":[[6278,6279,6280,-6428,6281,-6315]],"id":"feature_892"},{"properties":{"shapeName":"KOTIDO","shapeISO":"UG-306","shapeID":"UGA-ADM2-3_0_0-B38","shapeGroup":"UGA","shapeType":"ADM2"},"type":"Polygon","arcs":[[6282,6283,6284,-6363,-6404,6285,-6402,6286,6287,6288,6289,6290],[6291]],"id":"feature_893"},{"properties":{"shapeName":"KISORO","shapeISO":"UG-408","shapeID":"UGA-ADM2-3_0_0-B39","shapeGroup":"UGA","shapeType":"ADM2"},"type":"Polygon","arcs":[[6292,-6790,6293,6294]],"id":"feature_894"},{"properties":{"shapeName":"KWEEN","shapeISO":"UG-228","shapeID":"UGA-ADM2-3_0_0-B40","shapeGroup":"UGA","shapeType":"ADM2"},"type":"Polygon","arcs":[[6295,6296,6297,6298,6299,6300]],"id":"feature_895"},{"properties":{"shapeName":"LAMWO","shapeISO":"UG-326","shapeID":"UGA-ADM2-3_0_0-B41","shapeGroup":"UGA","shapeType":"ADM2"},"type":"Polygon","arcs":[[6301,6302,6303,6304,-6440,6305,6306,6307]],"id":"feature_896"},{"properties":{"shapeName":"LIRA","shapeISO":"UG-326","shapeID":"UGA-ADM2-3_0_0-B42","shapeGroup":"UGA","shapeType":"ADM2"},"type":"Polygon","arcs":[[6308,6309,6310,6311,6312,6313,6314,6315,-6437,6316]],"id":"feature_897"},{"properties":{"shapeName":"LUUKA","shapeISO":"UG-229","shapeID":"UGA-ADM2-3_0_0-B43","shapeGroup":"UGA","shapeType":"ADM2"},"type":"Polygon","arcs":[[6317,6318,6319,-6707,6320,6321,6322,6323,6324,6325]],"id":"feature_898"},{"properties":{"shapeName":"LYANTONDE","shapeISO":"UG-114","shapeID":"UGA-ADM2-3_0_0-B44","shapeGroup":"UGA","shapeType":"ADM2"},"type":"Polygon","arcs":[[-6639,6326,-6637,6327,-6526,6328,-6649,6329]],"id":"feature_899"},{"properties":{"shapeName":"MANAFWA","shapeISO":"UG-223","shapeID":"UGA-ADM2-3_0_0-B45","shapeGroup":"UGA","shapeType":"ADM2"},"type":"MultiPolygon","arcs":[[[6330]],[[-6719,6331],[6332]]],"id":"feature_900"},{"properties":{"shapeName":"MASAKA","shapeISO":"UG-105","shapeID":"UGA-ADM2-3_0_0-B46","shapeGroup":"UGA","shapeType":"ADM2"},"type":"Polygon","arcs":[[-6653,6333,-6634,6334,6335,6336,6337,6338]],"id":"feature_901"},{"properties":{"shapeName":"MASINDI","shapeISO":"UG-409","shapeID":"UGA-ADM2-3_0_0-B47","shapeGroup":"UGA","shapeType":"ADM2"},"type":"Polygon","arcs":[[-6609,6339,-6387,6340,6341,6342,6343,6344]],"id":"feature_902"},{"properties":{"shapeName":"MAYUGE","shapeISO":"UG-214","shapeID":"UGA-ADM2-3_0_0-B48","shapeGroup":"UGA","shapeType":"ADM2"},"type":"MultiPolygon","arcs":[[[6345]],[[6346]],[[6347]],[[6348]],[[6349]],[[6350,6351,6352,6353,-6709,6354]]],"id":"feature_903"},{"properties":{"shapeName":"MBALE","shapeISO":"UG-209","shapeID":"UGA-ADM2-3_0_0-B49","shapeGroup":"UGA","shapeType":"ADM2"},"type":"Polygon","arcs":[[-6450,6355,-6727,6356]],"id":"feature_904"},{"properties":{"shapeName":"MBARARA","shapeISO":"UG-410","shapeID":"UGA-ADM2-3_0_0-B50","shapeGroup":"UGA","shapeType":"ADM2"},"type":"Polygon","arcs":[[-6530,6357,-6478,6358,-6490,6359,6360,6361]],"id":"feature_905"},{"properties":{"shapeName":"MOROTO","shapeISO":"UG-308","shapeID":"UGA-ADM2-3_0_0-B51","shapeGroup":"UGA","shapeType":"ADM2"},"type":"Polygon","arcs":[[-6372,-6405,6362,6363,6364,6365]],"id":"feature_906"},{"properties":{"shapeName":"MOYO","shapeISO":"UG-309","shapeID":"UGA-ADM2-3_0_0-B52","shapeGroup":"UGA","shapeType":"ADM2"},"type":"Polygon","arcs":[[6366,6367,6368,6369,-6469,6370]],"id":"feature_907"},{"properties":{"shapeName":"NAKAPIRIPIRIT","shapeISO":"UG-311","shapeID":"UGA-ADM2-3_0_0-B53","shapeGroup":"UGA","shapeType":"ADM2"},"type":"Polygon","arcs":[[6371,6372,6373,6374,-6395]],"id":"feature_908"},{"properties":{"shapeName":"NAKASEKE","shapeISO":"UG-116","shapeID":"UGA-ADM2-3_0_0-B54","shapeGroup":"UGA","shapeType":"ADM2"},"type":"Polygon","arcs":[[-6673,6375,-6671,6376,-6577,6377,-6385,6378]],"id":"feature_909"},{"properties":{"shapeName":"NAKASONGOLA","shapeISO":"UG-109","shapeID":"UGA-ADM2-3_0_0-B55","shapeGroup":"UGA","shapeType":"ADM2"},"type":"Polygon","arcs":[[6379,6380,6381,6382,-6675,6383,6384,6385,6386,6387,6388,6389]],"id":"feature_910"},{"properties":{"shapeName":"NAMUTUMBA","shapeISO":"UG-224","shapeID":"UGA-ADM2-3_0_0-B56","shapeGroup":"UGA","shapeType":"ADM2"},"type":"Polygon","arcs":[[6390,6391,6392,6393]],"id":"feature_911"},{"properties":{"shapeName":"NAPAK","shapeISO":"UG-327","shapeID":"UGA-ADM2-3_0_0-B57","shapeGroup":"UGA","shapeType":"ADM2"},"type":"Polygon","arcs":[[6394,6395,6396,6397,6398,6399,6400,6401,6402,6403,6404]],"id":"feature_912"},{"properties":{"shapeName":"NEBBI","shapeISO":"UG-310","shapeID":"UGA-ADM2-3_0_0-B58","shapeGroup":"UGA","shapeType":"ADM2"},"type":"MultiPolygon","arcs":[[[6405]],[[6406]],[[-6472,6407,-6627,6408]]],"id":"feature_913"},{"properties":{"shapeName":"NGORA","shapeISO":"UG-231","shapeID":"UGA-ADM2-3_0_0-B59","shapeGroup":"UGA","shapeType":"ADM2"},"type":"Polygon","arcs":[[-6737,6409,-6453,6410]],"id":"feature_914"},{"properties":{"shapeName":"BUHWEJU","shapeISO":"UG-420","shapeID":"UGA-ADM2-3_0_0-B60","shapeGroup":"UGA","shapeType":"ADM2"},"type":"Polygon","arcs":[[6411,6412]],"id":"feature_915"},{"properties":{"shapeName":"NTOROKO","shapeISO":"UG-424","shapeID":"UGA-ADM2-3_0_0-B61","shapeGroup":"UGA","shapeType":"ADM2"},"type":"MultiPolygon","arcs":[[[6413]],[[6414,6415,6416,6417,6418,6419]]],"id":"feature_916"},{"properties":{"shapeName":"MARACHA","shapeISO":"UG-320","shapeID":"UGA-ADM2-3_0_0-B62","shapeGroup":"UGA","shapeType":"ADM2"},"type":"Polygon","arcs":[[6420,6421,-6631,6422]],"id":"feature_917"},{"properties":{"shapeName":"OTUKE","shapeISO":"UG-329","shapeID":"UGA-ADM2-3_0_0-B63","shapeGroup":"UGA","shapeType":"ADM2"},"type":"Polygon","arcs":[[6423,6424,-6764,6425]],"id":"feature_918"},{"properties":{"shapeName":"OYAM","shapeISO":"UG-321","shapeID":"UGA-ADM2-3_0_0-B64","shapeGroup":"UGA","shapeType":"ADM2"},"type":"Polygon","arcs":[[-6617,6426,6427,6428,6429,6430,-6605,6431],[6432]],"id":"feature_919"},{"properties":{"shapeName":"PADER","shapeISO":"UG-312","shapeID":"UGA-ADM2-3_0_0-B65","shapeGroup":"UGA","shapeType":"ADM2"},"type":"Polygon","arcs":[[6433,-6768,6434,-6766,6435,6436,6437,-6622,6438,6439,6440,6441,6442,6443]],"id":"feature_920"},{"properties":{"shapeName":"RUBIRIZI","shapeISO":"UG-425","shapeID":"UGA-ADM2-3_0_0-B66","shapeGroup":"UGA","shapeType":"ADM2"},"type":"Polygon","arcs":[[6444],[6445]],"id":"feature_921"},{"properties":{"shapeName":"SIRONKO","shapeISO":"UG-215","shapeID":"UGA-ADM2-3_0_0-B67","shapeGroup":"UGA","shapeType":"ADM2"},"type":"Polygon","arcs":[[6446,6447,-6721,6448,6449,6450]],"id":"feature_922"},{"properties":{"shapeName":"SOROTI","shapeISO":"UG-211","shapeID":"UGA-ADM2-3_0_0-B68","shapeGroup":"UGA","shapeType":"ADM2"},"type":"Polygon","arcs":[[6451,6452,6453,-6615,6454,6455,6456,6457]],"id":"feature_923"},{"properties":{"shapeName":"WAKISO","shapeISO":"UG-113","shapeID":"UGA-ADM2-3_0_0-B69","shapeGroup":"UGA","shapeType":"ADM2"},"type":"MultiPolygon","arcs":[[[6458]],[[6459]],[[6460,-6686,6461,-6689,6462,-6693,6463,-6691,6464,-6569,6465,-6660,6466,-6669]]],"id":"feature_924"},{"properties":{"shapeName":"YUMBE","shapeISO":"UG-313","shapeID":"UGA-ADM2-3_0_0-B70","shapeGroup":"UGA","shapeType":"ADM2"},"type":"MultiPolygon","arcs":[[[6467]],[[6468,6469,-6633,6470]]],"id":"feature_925"},{"properties":{"shapeName":"ZOMBO","shapeISO":"UG-330","shapeID":"UGA-ADM2-3_0_0-B71","shapeGroup":"UGA","shapeType":"ADM2"},"type":"Polygon","arcs":[[6471,6472,-6629,6473]],"id":"feature_926"},{"properties":{"shapeName":"ISINGIRO","shapeISO":"UG-418","shapeID":"UGA-ADM2-3_0_0-B72","shapeGroup":"UGA","shapeType":"ADM2"},"type":"Polygon","arcs":[[-6528,6474,-6655,6475,-6492,6476,6477,6478]],"id":"feature_927"},{"properties":{"shapeName":"MITOOMA","shapeISO":"UG-423","shapeID":"UGA-ADM2-3_0_0-B73","shapeGroup":"UGA","shapeType":"ADM2"},"type":"Polygon","arcs":[[6479,6480,6481,6482,-6497,6483,-6499,6484,6485,6486]],"id":"feature_928"},{"properties":{"shapeName":"KYEGEGWA","shapeISO":"UG-422","shapeID":"UGA-ADM2-3_0_0-B74","shapeGroup":"UGA","shapeType":"ADM2"},"type":"Polygon","arcs":[[-6550,6487,-6537,6488]],"id":"feature_929"},{"properties":{"shapeName":"NTUNGAMO","shapeISO":"UG-411","shapeID":"UGA-ADM2-3_0_0-B75","shapeGroup":"UGA","shapeType":"ADM2"},"type":"Polygon","arcs":[[6489,6490,6491,6492,6493,6494,-6501,6495,6496,6497]],"id":"feature_930"},{"properties":{"shapeName":"RUKUNGIRI","shapeISO":"UG-412","shapeID":"UGA-ADM2-3_0_0-B76","shapeGroup":"UGA","shapeType":"ADM2"},"type":"Polygon","arcs":[[6498,6499,6500,6501,6502,6503,6504,6505,6506,6507,6508,6509]],"id":"feature_931"},{"properties":{"shapeName":"KAMWENGE","shapeISO":"UG-413","shapeID":"UGA-ADM2-3_0_0-B77","shapeGroup":"UGA","shapeType":"ADM2"},"type":"Polygon","arcs":[[-6539,6510,-6519,6511,-6523,6512,6513,6514],[6515]],"id":"feature_932"},{"properties":{"shapeName":"IBANDA","shapeISO":"UG-417","shapeID":"UGA-ADM2-3_0_0-B78","shapeGroup":"UGA","shapeType":"ADM2"},"type":"Polygon","arcs":[[-6534,6516,-6532,6517,6518,6519]],"id":"feature_933"},{"properties":{"shapeName":"KASESE","shapeISO":"UG-406","shapeID":"UGA-ADM2-3_0_0-B79","shapeGroup":"UGA","shapeType":"ADM2"},"type":"Polygon","arcs":[[6520,6521,6522,6523]],"id":"feature_934"},{"properties":{"shapeName":"KIRUHURA","shapeISO":"UG-419","shapeID":"UGA-ADM2-3_0_0-B80","shapeGroup":"UGA","shapeType":"ADM2"},"type":"Polygon","arcs":[[-6651,6524,6525,6526,6527,6528,6529,6530,6531,6532,6533,6534]],"id":"feature_935"},{"properties":{"shapeName":"KYENJOJO","shapeISO":"UG-415","shapeID":"UGA-ADM2-3_0_0-B81","shapeGroup":"UGA","shapeType":"ADM2"},"type":"Polygon","arcs":[[-6775,6535,6536,6537,6538,6539,6540,6541],[6542],[6543]],"id":"feature_936"},{"properties":{"shapeName":"MUBENDE","shapeISO":"UG-107","shapeID":"UGA-ADM2-3_0_0-B82","shapeGroup":"UGA","shapeType":"ADM2"},"type":"Polygon","arcs":[[-6564,6544,-6562,6545,-6666,6546,-6554,6547,-6560,6548,6549,6550,-6588,6551]],"id":"feature_937"},{"properties":{"shapeName":"GOMBA","shapeISO":"UG-121","shapeID":"UGA-ADM2-3_0_0-B83","shapeGroup":"UGA","shapeType":"ADM2"},"type":"Polygon","arcs":[[6552,6553,6554,-6664,6555,6556,6557,-6643,6558,6559]],"id":"feature_938"},{"properties":{"shapeName":"KIBOGA","shapeISO":"UG-103","shapeID":"UGA-ADM2-3_0_0-B84","shapeGroup":"UGA","shapeType":"ADM2"},"type":"Polygon","arcs":[[-6668,6560,6561,6562,6563,6564,-6581,6565,-6579,6566]],"id":"feature_939"},{"properties":{"shapeName":"MPIGI","shapeISO":"UG-106","shapeID":"UGA-ADM2-3_0_0-B85","shapeGroup":"UGA","shapeType":"ADM2"},"type":"MultiPolygon","arcs":[[[6567]],[[6568,6569,6570,6571,6572,6573,6574,6575]]],"id":"feature_940"},{"properties":{"shapeName":"KYANKWANZI","shapeISO":"UG-123","shapeID":"UGA-ADM2-3_0_0-B86","shapeGroup":"UGA","shapeType":"ADM2"},"type":"Polygon","arcs":[[6576,6577,6578,6579,6580,6581,-6586,6582,6583,6584]],"id":"feature_941"},{"properties":{"shapeName":"KAKUMIRO","shapeISO":null,"shapeID":"UGA-ADM2-3_0_0-B87","shapeGroup":"UGA","shapeType":"ADM2"},"type":"Polygon","arcs":[[6585,6586,6587,6588,-6779,6589,-6772,6590,6591,6592]],"id":"feature_942"},{"properties":{"shapeName":"NWOYA","shapeISO":"UG-321","shapeID":"UGA-ADM2-3_0_0-B88","shapeGroup":"UGA","shapeType":"ADM2"},"type":"MultiPolygon","arcs":[[[6593]],[[6594,6595,-6619,6596,-6603,6597,6598,6599,6600,6601]]],"id":"feature_943"},{"properties":{"shapeName":"KIRYANDONGO","shapeISO":"UG-421","shapeID":"UGA-ADM2-3_0_0-B89","shapeGroup":"UGA","shapeType":"ADM2"},"type":"Polygon","arcs":[[6602,6603,6604,6605,6606,6607,6608,6609]],"id":"feature_944"},{"properties":{"shapeName":"SERERE","shapeISO":"UG-232","shapeID":"UGA-ADM2-3_0_0-B90","shapeGroup":"UGA","shapeType":"ADM2"},"type":"Polygon","arcs":[[-6744,6610,6611,6612,-6755,6613,6614,6615]],"id":"feature_945"},{"properties":{"shapeName":"OMORO","shapeISO":null,"shapeID":"UGA-ADM2-3_0_0-B91","shapeGroup":"UGA","shapeType":"ADM2"},"type":"Polygon","arcs":[[6616,6617,6618,6619,-6783,6620,6621,6622]],"id":"feature_946"},{"properties":{"shapeName":"ARUA","shapeISO":"UG-303","shapeID":"UGA-ADM2-3_0_0-B92","shapeGroup":"UGA","shapeType":"ADM2"},"type":"Polygon","arcs":[[6623,6624,6625,6626,6627,6628,6629,6630,6631,6632]],"id":"feature_947"},{"properties":{"shapeName":"LWENGO","shapeISO":"UG-124","shapeID":"UGA-ADM2-3_0_0-B93","shapeGroup":"UGA","shapeType":"ADM2"},"type":"Polygon","arcs":[[6633,6634,-6657,6635,6636,6637,6638,6639,-6647,6640,-6645,6641]],"id":"feature_948"},{"properties":{"shapeName":"SEMBABULE","shapeISO":"UG-111","shapeID":"UGA-ADM2-3_0_0-B94","shapeGroup":"UGA","shapeType":"ADM2"},"type":"Polygon","arcs":[[6642,6643,6644,6645,6646,6647,6648,6649,6650,6651]],"id":"feature_949"},{"properties":{"shapeName":"RAKAI","shapeISO":"UG-110","shapeID":"UGA-ADM2-3_0_0-B95","shapeGroup":"UGA","shapeType":"ADM2"},"type":"Polygon","arcs":[[6652,6653,6654,6655,6656,6657]],"id":"feature_950"},{"properties":{"shapeName":"MITYANA","shapeISO":"UG-115","shapeID":"UGA-ADM2-3_0_0-B96","shapeGroup":"UGA","shapeType":"ADM2"},"type":"Polygon","arcs":[[6658,6659,6660,6661,6662,6663,6664,6665,6666,6667]],"id":"feature_951"},{"properties":{"shapeName":"LUWERO","shapeISO":"UG-104","shapeID":"UGA-ADM2-3_0_0-B97","shapeGroup":"UGA","shapeType":"ADM2"},"type":"Polygon","arcs":[[6668,6669,6670,6671,6672,6673,6674,6675]],"id":"feature_952"},{"properties":{"shapeName":"MUKONO","shapeISO":"UG-108","shapeID":"UGA-ADM2-3_0_0-B98","shapeGroup":"UGA","shapeType":"ADM2"},"type":"MultiPolygon","arcs":[[[6676]],[[6677]],[[6678]],[[6679]],[[6680]],[[6681,6682,6683,6684,6685,6686]]],"id":"feature_953"},{"properties":{"shapeName":"KAMPALA","shapeISO":"UG-102","shapeID":"UGA-ADM2-3_0_0-B99","shapeGroup":"UGA","shapeType":"ADM2"},"type":"MultiPolygon","arcs":[[[6687]],[[6688,6689,6690,6691,6692,6693]]],"id":"feature_954"},{"properties":{"shapeName":"BUVUMA","shapeISO":"UG-120","shapeID":"UGA-ADM2-3_0_0-B100","shapeGroup":"UGA","shapeType":"ADM2"},"type":"MultiPolygon","arcs":[[[6694]],[[6695]],[[6696]],[[6697]],[[6698]],[[6699]],[[6700]],[[6701]],[[6702]],[[6703]],[[6704]],[[6705]]],"id":"feature_955"},{"properties":{"shapeName":"JINJA","shapeISO":"UG-204","shapeID":"UGA-ADM2-3_0_0-B101","shapeGroup":"UGA","shapeType":"ADM2"},"type":"Polygon","arcs":[[6706,6707,6708,6709]],"id":"feature_956"},{"properties":{"shapeName":"NAMAYINGO","shapeISO":"UG-230","shapeID":"UGA-ADM2-3_0_0-B102","shapeGroup":"UGA","shapeType":"ADM2"},"type":"MultiPolygon","arcs":[[[6710]],[[6711]],[[6712]],[[6713]],[[6714,6715]]],"id":"feature_957"},{"properties":{"shapeName":"BUSIA","shapeISO":"UG-202","shapeID":"UGA-ADM2-3_0_0-B103","shapeGroup":"UGA","shapeType":"ADM2"},"type":"Polygon","arcs":[[6716,6717]],"id":"feature_958"},{"properties":{"shapeName":"BUDUDA","shapeISO":"UG-218","shapeID":"UGA-ADM2-3_0_0-B104","shapeGroup":"UGA","shapeType":"ADM2"},"type":"Polygon","arcs":[[6718,6719,6720,6721]],"id":"feature_959"},{"properties":{"shapeName":"TORORO","shapeISO":"UG-212","shapeID":"UGA-ADM2-3_0_0-B105","shapeGroup":"UGA","shapeType":"ADM2"},"type":"MultiPolygon","arcs":[[[6722]],[[6723]],[[6724]],[[6725]]],"id":"feature_960"},{"properties":{"shapeName":"BUTALEJA","shapeISO":"UG-221","shapeID":"UGA-ADM2-3_0_0-B106","shapeGroup":"UGA","shapeType":"ADM2"},"type":"Polygon","arcs":[[6726,6727,6728,6729]],"id":"feature_961"},{"properties":{"shapeName":"BUKEDEA","shapeISO":"UG-219","shapeID":"UGA-ADM2-3_0_0-B107","shapeGroup":"UGA","shapeType":"ADM2"},"type":"Polygon","arcs":[[6730,6731,6732,-6735]],"id":"feature_962"},{"properties":{"shapeName":"KUMI","shapeISO":"UG-208","shapeID":"UGA-ADM2-3_0_0-B108","shapeGroup":"UGA","shapeType":"ADM2"},"type":"Polygon","arcs":[[6733,6734,6735,6736,6737,6738]],"id":"feature_963"},{"properties":{"shapeName":"PALLISA","shapeISO":"UG-210","shapeID":"UGA-ADM2-3_0_0-B109","shapeGroup":"UGA","shapeType":"ADM2"},"type":"Polygon","arcs":[[6739,6740,-6750,6741,-6748,6742,6743,6744]],"id":"feature_964"},{"properties":{"shapeName":"KIBUKU","shapeISO":"UG-227","shapeID":"UGA-ADM2-3_0_0-B110","shapeGroup":"UGA","shapeType":"ADM2"},"type":"Polygon","arcs":[[6745,6746,6747,6748,6749,6750]],"id":"feature_965"},{"properties":{"shapeName":"KABERAMAIDO","shapeISO":"UG-213","shapeID":"UGA-ADM2-3_0_0-B111","shapeGroup":"UGA","shapeType":"ADM2"},"type":"Polygon","arcs":[[6751,6752,6753,6754,6755,6756,6757,6758,6759,6760]],"id":"feature_966"},{"properties":{"shapeName":"AGAGO","shapeISO":"UG-322","shapeID":"UGA-ADM2-3_0_0-B112","shapeGroup":"UGA","shapeType":"ADM2"},"type":"Polygon","arcs":[[6761,6762,6763,6764,6765,6766,6767,6768,6769,6770]],"id":"feature_967"},{"properties":{"shapeName":"KAGADI","shapeISO":null,"shapeID":"UGA-ADM2-3_0_0-B113","shapeGroup":"UGA","shapeType":"ADM2"},"type":"Polygon","arcs":[[6771,6772,-6781,6773,6774,6775,6776,6777]],"id":"feature_968"},{"properties":{"shapeName":"KIBAALE","shapeISO":"UG-407","shapeID":"UGA-ADM2-3_0_0-B114","shapeGroup":"UGA","shapeType":"ADM2"},"type":"Polygon","arcs":[[6778,6779,6780,6781]],"id":"feature_969"},{"properties":{"shapeName":"GULU","shapeISO":"UG-304","shapeID":"UGA-ADM2-3_0_0-B115","shapeGroup":"UGA","shapeType":"ADM2"},"type":"Polygon","arcs":[[6782,6783,6784,6785]],"id":"feature_970"},{"properties":{"shapeName":"RUBANDA","shapeISO":null,"shapeID":"UGA-ADM2-3_0_0-B116","shapeGroup":"UGA","shapeType":"ADM2"},"type":"Polygon","arcs":[[6786,6787,6788,6789,6790,6791]],"id":"feature_971"}],"type":"GeometryCollection"}},"bbox":[21.8131627,-11.761796,51.4155133,23.1428629],"transform":{"scale":[0.00029602646626466264,0.000349050079500795],"translate":[21.8131627,-11.761796]},"arcs":[[[27238,23229],[-14,-69],[-217,-250],[-25,-94],[-72,-74],[-81,-7],[85,454],[-58,58],[-154,-1],[94,78],[171,-18],[73,-66],[56,35],[35,-56]],[[27116,24123],[-54,-148],[-94,-69],[-153,-9]],[[26712,23826],[-82,-87],[-47,16],[-41,72],[-41,-12],[-3,64],[139,62],[60,124],[60,22],[80,-48],[87,210]],[[26031,22918],[113,58],[47,74],[138,-191],[-244,-435],[-207,-137],[-81,178],[151,99],[104,276],[-21,78]],[[25808,23174],[152,25],[-12,-121],[-161,-7],[-83,-53],[-372,-12],[82,238]],[[25666,22736],[64,-235],[120,-95],[28,-119],[103,77],[163,1],[28,-89],[-145,-77]],[[26053,21979],[114,-175],[-76,-115],[-94,70],[-69,208],[-210,247],[28,98],[-71,43],[-343,651],[395,21],[-1,-34]],[[25726,22993],[61,78],[268,9],[28,-81],[-135,-435],[-155,-113],[-102,135],[-25,150]],[[25666,22736],[-126,-17],[-53,55],[53,186],[186,33]],[[25632,24016],[156,-13],[92,-162]],[[25793,23873],[-7,-78],[-153,-85],[-95,24],[-11,92],[12,58]],[[25569,23901],[1,58],[71,-6]],[[25450,23395],[-43,319],[139,16],[137,-153],[-151,-170]],[[25808,23174],[-30,88],[-48,-67],[-94,48],[-69,-57],[-153,58]],[[25414,23244],[36,151]],[[25450,23395],[82,12]],[[25532,23407],[39,65],[104,16],[-7,-81],[132,21],[144,-115],[11,-111],[-147,-28]],[[26120,23655],[116,5],[31,-80],[-188,-175],[-99,-240],[-36,148],[-166,114],[109,174],[247,107]],[[25551,23731],[82,-21],[88,69],[20,-84],[76,10],[-28,-44],[159,-28],[-170,-206],[-110,-20],[-17,94],[-80,-29],[116,127],[-136,132]],[[25793,23873],[87,-32]],[[25880,23841],[-82,155],[152,-46],[43,-77],[-23,-100],[62,-13],[-63,-50],[4,-89],[-184,40],[22,51],[-73,-14],[-17,81],[84,38],[-12,56]],[[26587,22524],[302,-26],[74,34],[51,-130],[-63,-113],[-147,-104],[-49,-137],[-211,-36],[64,102],[-22,96]],[[26152,22258],[-25,119],[-111,-3],[147,188],[184,-7]],[[26272,21634],[-73,142],[179,50],[163,187],[183,46],[104,-114],[-68,-113],[5,-120],[-55,-30],[-12,-151]],[[26152,22258],[236,-51],[43,-51],[155,54]],[[26586,22210],[24,-45],[-188,-300],[-222,-91],[-147,205]],[[26053,21979],[30,114],[-56,106]],[[26027,22199],[125,59]],[[26291,23667],[6,111],[-68,73],[46,125],[-14,127],[107,-20],[2,-52],[74,-21],[57,-195],[144,-65],[-10,-185],[-170,-1]],[[26467,23317],[19,-81]],[[26569,23235],[-30,-202],[-205,-174],[-143,191],[-71,-91],[-65,121],[-104,-14],[-22,63],[78,66],[72,210],[111,98],[159,-82]],[[26719,22813],[-2,-115],[179,42]],[[26932,22697],[-144,-190],[-201,17]],[[26587,22524],[-50,-36],[-190,67]],[[26347,22555],[-177,3],[159,301],[76,-57],[109,25],[48,-50]],[[26045,24126],[122,-168]],[[26242,24006],[33,-27],[-46,-128],[71,-98],[-114,-113],[-66,15]],[[26120,23655],[14,53]],[[26134,23708],[-79,-44],[-83,33],[60,63],[-56,2],[-22,68],[152,95],[-64,69]],[[26291,23667],[115,9],[-12,-69],[71,-43]],[[26465,23564],[154,-5],[41,47],[28,-34],[-221,-255]],[[26467,23317],[-67,-2],[-51,106]],[[26349,23421],[-153,71],[65,51],[-25,117],[51,75],[4,-68]],[[26726,23386],[151,112],[117,-184],[-210,5],[-80,-66],[-59,-154],[-107,-60],[31,196]],[[26569,23235],[-83,1]],[[26486,23236],[-34,64],[157,170]],[[26719,22813],[-157,-36]],[[26562,22777],[-55,53],[-123,-1],[-31,45],[292,225],[70,132],[118,21],[74,-47],[-105,-504],[-89,-1],[6,113]],[[26712,23826],[52,-100]],[[26764,23726],[158,33],[-69,-41],[18,-51],[73,42],[85,-24],[-19,-82],[-101,-37],[-73,-122],[-110,-58]],[[26726,23386],[4,62],[-121,22]],[[26609,23470],[79,102],[-43,178],[67,76]],[[25637,24511],[42,-141]],[[25445,24344],[173,389],[122,46],[72,-23],[77,-138],[-55,-3],[-13,-90]],[[25406,25365],[72,-88],[-14,-181],[-194,-22],[23,43],[-138,37]],[[24738,25427],[43,89],[241,223],[25,-42],[14,-127],[139,-42]],[[25728,24844],[-59,-34],[50,-37],[-101,-40],[-37,-98],[-99,9],[-50,125],[-163,74],[-16,166],[47,68],[173,25],[21,119],[93,32]],[[27152,24689],[-142,-149],[-74,10],[-163,-105],[-110,49],[-107,143],[257,185]],[[26089,24722],[40,72],[48,-5],[226,-166],[155,35],[94,-152]],[[26524,24449],[3,-93],[-82,64],[-171,18]],[[26157,24373],[-100,12],[117,241]],[[26157,24373],[117,65]],[[26274,24438],[160,-15],[131,-74],[-112,-92],[-55,-224],[-30,50],[-126,19],[0,-96]],[[26242,24006],[-75,-48]],[[26167,23958],[-127,171],[40,60],[-105,158],[76,41],[106,-15]],[[26045,24126],[-3,-132]],[[26042,23994],[60,-76],[-106,-57],[-46,89],[-97,48],[-213,17],[10,97],[97,136],[52,5],[122,-121],[124,-6]],[[26089,24722],[85,-96]],[[26174,24626],[-154,-280],[-89,42],[-246,-64],[-48,187]],[[25637,24511],[184,14]],[[25821,24525],[60,124],[208,73]],[[25723,24340],[208,48],[151,-206],[-42,-53],[-119,3],[-188,132],[-10,76]],[[27014,24374],[-101,-99],[-76,-236],[-86,48],[-75,-47],[-41,214],[379,120]],[[26568,24344],[157,-63],[-98,-50],[58,-205],[-48,-85],[-164,-59],[-75,153],[55,222],[115,87]],[[26652,24506],[121,-61],[206,107],[176,-117],[-453,-154],[-173,80],[-5,88]],[[26524,24449],[128,57]],[[26705,25284],[107,67],[61,-179],[-87,-258],[-80,4],[-104,187],[103,179]],[[26527,25353],[134,-42],[47,-70],[-106,-136],[102,-142],[-87,-9],[-34,-62],[-68,17],[-111,157],[40,147]],[[26700,24957],[6,-39],[190,16],[-260,-247],[-215,-62],[61,126],[-4,147],[131,-5],[8,61],[83,3]],[[26527,25353],[-9,-159],[-74,19]],[[26444,25213],[-50,-141],[-51,20],[-98,349],[214,62],[214,-84],[-17,-111],[-129,45]],[[27523,24645],[132,-184],[79,-33],[11,-155],[-90,-60],[-26,-95],[-191,34],[-79,30]],[[26980,24328],[69,82],[106,25],[316,219]],[[27909,22574],[-69,-35],[-74,55],[16,146],[-128,4],[60,90],[-147,107],[98,85]],[[27854,23069],[134,218],[152,-89],[41,-121],[-261,-287]],[[27372,22751],[96,-70],[-27,72],[45,80],[196,50],[38,-64],[-82,-60],[143,-18],[-15,-147],[82,-67],[9,-159],[-53,-83],[-287,-2],[13,121],[-111,31],[-38,93],[-53,6],[-43,154],[87,63]],[[27336,22588],[83,-153],[133,-61],[-35,-91],[36,-21],[-84,-129],[106,-82],[142,-6],[-105,-64],[-138,-22],[-29,46],[-167,-45],[-62,72],[-134,-33],[-56,28],[36,54],[-32,37],[241,455],[65,15]],[[26753,21741],[77,180],[-77,130],[51,134],[75,40],[161,-112],[5,-107],[171,26],[52,-70],[85,-5],[22,-155],[-83,-59],[4,-78],[-53,22],[-57,-74],[-104,48]],[[27157,22859],[216,-113],[-88,-58],[51,-100],[-62,-9],[-244,-461],[-152,108],[133,167],[-27,126],[-187,-7],[135,185]],[[26932,22697],[-36,43]],[[26896,22740],[216,280]],[[27157,22859],[15,80],[-67,32],[7,49]],[[27112,23020],[99,97],[234,7],[-13,-175],[217,-54],[-172,-71],[-9,-143],[-151,126],[-160,52]],[[27324,23630],[-41,-133],[-90,-2],[-88,-77],[39,-40],[-40,-101],[-49,-38],[-69,20],[-102,280],[112,67],[328,24]],[[27131,23219],[-4,231],[156,47],[62,125]],[[27392,23443],[33,-275],[-40,-44],[-170,-16],[23,121]],[[27238,23229],[-107,-10]],[[26764,23726],[51,171]],[[26815,23897],[181,24],[71,130],[167,-108],[-74,-79],[-15,-234],[-92,-43],[-43,16],[13,90],[-162,-14],[51,86],[-148,-39]],[[26924,24249],[56,79]],[[26980,24328],[46,-42],[283,-3],[50,-101]],[[27359,24182],[256,-50],[11,-29],[-182,-115]],[[27208,23986],[-121,45],[29,92]],[[27116,24123],[-82,90],[-110,36]],[[27854,23069],[-189,-43]],[[27665,23026],[-21,56],[81,59]],[[27668,23226],[-102,16],[141,38],[33,428],[105,39],[165,-394],[-40,-156],[-116,-128]],[[27668,23226],[-22,-52],[79,-33]],[[27725,23141],[-158,-200],[-107,-13],[-41,37],[10,235],[69,46],[170,-20]],[[27208,23986],[236,2]],[[27444,23988],[149,103]],[[27702,23973],[95,63],[138,-172],[-84,-123],[-111,-33],[-26,-90]],[[27498,23706],[-281,-95],[-76,19],[67,356]],[[27345,23622],[153,84]],[[27498,23706],[144,-23],[72,-65]],[[27714,23618],[-14,-344],[-202,-28],[-36,-54],[-51,24],[-19,227]],[[27392,23443],[50,60],[-97,119]],[[28506,23485],[-138,-116],[-100,-5]],[[28173,23297],[80,-104],[-64,-49],[-201,143],[20,113],[-168,338],[84,147],[381,-11],[-71,-264],[132,-16],[55,42],[117,-51]],[[28281,22873],[-42,-246],[-193,-202]],[[27848,22377],[-11,145],[72,52]],[[27909,22574],[11,216]],[[27920,22790],[122,161],[68,15],[143,227],[229,40]],[[28633,23414],[-26,-297],[-117,119],[-271,-22],[-46,83]],[[28173,23297],[95,67]],[[28268,23364],[74,-14],[164,135]],[[28506,23485],[32,100]],[[28538,23585],[-45,58],[319,137],[72,-63],[-28,-130]],[[28732,24053],[140,51],[39,-99]],[[28993,23986],[-31,-91],[-94,-96],[-370,-179],[-264,-10],[88,241],[-71,48],[230,87]],[[28572,23958],[103,124]],[[28056,24546],[-31,-114],[-147,-168],[108,-92],[1,-58],[-135,-18],[-150,-123]],[[27702,23973],[-109,118]],[[27593,24091],[152,182],[16,145],[170,195]],[[28452,24264],[-17,40],[92,101]],[[28531,24349],[209,-59],[69,-80],[-220,-183],[-17,-69]],[[28572,23958],[-91,28]],[[28481,23986],[-374,-125],[-183,24],[-128,140],[56,71],[343,32]],[[28285,24164],[-71,20],[-19,-56]],[[28195,24128],[-189,-25],[-129,156],[148,173],[71,196],[86,20],[-4,-118],[126,-31],[55,-172],[-112,-127]],[[28527,24405],[201,158],[13,-85],[147,32]],[[29331,24247],[158,-54],[-183,-46]],[[28985,23941],[8,45]],[[28993,23986],[-82,19]],[[28911,24005],[-47,103],[-132,-55]],[[28732,24053],[-57,29]],[[28675,24082],[124,157],[-268,110]],[[28531,24349],[-4,56]],[[28300,25140],[-129,-119],[-231,-76],[-154,190],[175,34],[291,196],[132,11],[98,-43],[114,-112],[-8,-50]],[[27109,25494],[314,67],[125,-17],[24,-144],[-106,-40],[11,-77],[-67,-99],[-254,114],[-47,196]],[[27191,24926],[213,-74],[-97,-164]],[[27398,24581],[-243,-146],[-148,99],[145,155]],[[27152,24689],[-95,133]],[[27191,24926],[-134,-104]],[[27057,24822],[-244,0]],[[26813,24822],[83,112],[-96,-16],[11,166],[62,88],[115,-119],[260,33],[-57,-160]],[[26867,25426],[280,7],[9,-135],[150,-38],[107,-85],[-173,-91],[-269,-25],[5,45],[-142,114],[-29,115],[62,93]],[[27820,24708],[-64,4],[-59,156],[-140,106],[151,169],[93,-16],[139,-182],[228,76],[-33,-166],[-272,-324]],[[27307,24688],[145,242],[151,30],[122,-130],[0,-84],[95,-38]],[[27820,24708],[-38,-106],[81,-71]],[[27863,24531],[-111,-139],[-229,253]],[[27523,24645],[-52,9]],[[27471,24654],[-73,-73]],[[27398,24581],[-70,13],[-21,94]],[[27410,25184],[63,97],[65,10],[164,-46],[24,-61],[-180,-238],[-186,-94],[-44,60],[-127,32],[49,135],[172,105]],[[27979,25385],[195,177]],[[28225,25449],[27,-84],[-320,-207],[-224,-15],[-6,102],[-229,38],[29,104],[265,-16]],[[28254,26235],[47,-43],[-153,-158],[7,-153],[-59,-107],[-39,-42]],[[27984,25759],[-120,-35],[-33,103],[-143,79],[12,144],[69,49],[207,-43]],[[27979,25385],[-93,42],[-119,-56]],[[27767,25371],[-190,25],[-29,148],[-116,8],[-6,111],[69,58]],[[27682,25729],[139,73],[43,-78],[139,-56],[113,-158],[-137,-125]],[[28184,26528],[70,-293]],[[28254,26235],[-47,-50],[-63,26],[27,-73],[-55,38],[-140,-120]],[[27976,26056],[-224,385],[67,-9],[18,104],[50,-32],[40,32],[69,213],[80,-185]],[[29768,24495],[7,-123]],[[29478,24281],[-8,-79],[-139,45]],[[29331,24247],[-36,-44],[-78,14],[-118,202],[-137,23],[-74,68]],[[28888,24510],[-135,-33],[-28,33],[29,91],[134,51],[-18,57],[98,74],[-41,67],[47,46],[133,-160]],[[29364,24754],[287,-115],[114,145]],[[29894,24746],[3,-50],[-100,-55]],[[28693,24692],[145,-32],[-310,-235],[-76,-161]],[[28452,24264],[-61,10],[4,-42],[-110,-68]],[[28285,24164],[-38,36]],[[28247,24200],[114,177],[-29,89],[-102,68],[217,218],[99,-86]],[[28588,25171],[-24,-223],[-328,-410],[-58,-8],[-19,124],[-103,-108]],[[28056,24546],[-125,67]],[[27931,24613],[204,242],[81,218],[84,67]],[[28300,25140],[164,-32],[15,44],[109,19]],[[28693,24692],[-147,-26]],[[28546,24666],[-111,103],[168,270],[136,-10]],[[28950,24992],[55,-86],[-78,-56],[41,-66],[-98,-75],[9,-62],[-186,45]],[[28649,25615],[64,51],[26,-30],[-62,-184]],[[28614,25370],[-51,-42],[-316,44],[-22,77]],[[28225,25449],[84,56],[-135,57]],[[28174,25562],[171,161]],[[27984,25759],[73,-27]],[[28057,25732],[98,149],[79,-24],[151,119],[160,51],[-11,-120],[-418,-397],[-200,213],[68,36]],[[28299,26185],[270,101],[217,196],[-209,-430],[-346,-195],[-83,37],[0,140],[151,151]],[[29068,26450],[-38,-144],[-35,-53],[-130,-3],[-293,-268],[-27,45],[410,757],[107,-154]],[[27545,26593],[303,-259],[-4,-99],[110,-157],[-189,21],[-118,-112],[-114,85],[-112,17],[-35,281],[74,169],[85,54]],[[27682,25729],[-187,-8]],[[27495,25721],[-76,-70],[-136,168],[138,271],[259,-93],[44,-62],[-36,-29],[146,-85],[-152,-92]],[[27101,25749],[210,64],[8,-89],[120,-90],[-9,-75],[-326,-63],[55,146],[-58,107]],[[26821,25645],[60,132],[84,21],[134,-46],[60,-122],[-61,-60],[3,-143],[-234,-1]],[[26821,25645],[46,-219]],[[26867,25426],[-142,-143],[-70,33],[-6,143],[-177,21],[-46,58],[87,53],[24,109],[134,-80],[150,25]],[[25731,25663],[189,8],[103,-76],[86,-3],[4,36],[149,40],[84,-23],[91,63],[100,-7],[-24,-110],[-86,-43],[26,-50],[-504,-159],[-70,42],[-71,216],[-77,66]],[[25463,25768],[68,-206],[62,61],[182,17],[142,-299],[-29,-64],[-101,4],[-127,-82],[-55,57],[-111,-35],[-88,144]],[[25406,25365],[-220,-22],[-41,100],[55,85]],[[25200,25528],[-104,46],[54,101]],[[24931,26050],[-21,170],[112,-63],[150,40],[202,-96],[10,-107],[76,-34],[8,-99],[-63,-34],[58,-59]],[[25463,25768],[-153,-77],[-160,-16]],[[25150,25675],[-29,-86],[-60,-19],[-39,169],[-235,118]],[[24431,25897],[55,346],[106,30],[118,-53],[118,43],[103,-213]],[[24931,26050],[-48,-96],[-87,-26],[-9,-71]],[[24787,25857],[223,-116],[-267,-78],[-11,-43]],[[24431,25897],[124,-114],[39,25],[138,-188]],[[24732,25620],[83,72],[193,28],[-294,-271],[9,-159],[-117,39],[-13,128],[-79,34],[-66,126],[-76,-18],[-88,47],[2,83],[121,60],[24,108]],[[24738,25427],[60,-89],[264,-15],[5,-91],[94,16],[-6,-94]],[[25155,25154],[139,-37],[-18,-292],[-164,2],[43,80],[-78,122],[-112,8],[-119,75],[0,105],[-121,68],[0,177],[42,0],[-29,-35]],[[25132,24811],[225,13],[120,-176],[104,-13],[-142,-230],[16,-55],[-186,-90],[-48,-73],[-179,246],[8,212],[110,128],[-28,38]],[[25445,24344],[234,26]],[[25679,24370],[100,-118],[-63,-80],[-268,47],[-54,-46]],[[25250,24112],[-14,-41],[-181,12],[101,23],[-163,25],[2,123],[127,75],[96,-141],[51,72],[176,84]],[[26272,21634],[121,73],[194,-134],[38,-88],[73,46]],[[26698,21531],[-5,-117],[67,-21],[-86,-333]],[[26765,21002],[-50,-81],[-201,32],[-5,163],[-221,120],[-166,323],[-31,178],[67,52],[60,-24],[54,-131]],[[26753,21741],[108,-40],[61,-93],[160,53]],[[27082,21661],[75,-116],[-71,-117],[-54,4],[-71,-160]],[[27028,21192],[-159,-171],[7,-90],[-52,-41],[-112,30],[53,82]],[[26765,21002],[-91,58]],[[26674,21060],[83,254],[-1,95],[-68,30],[65,302]],[[28482,23233],[118,-117],[48,31],[86,-33],[23,-65],[238,-37],[47,-157],[-46,-39],[-70,63],[-155,-26],[-72,-173],[-177,-110],[-140,-309],[-420,-28],[-114,144]],[[27848,22377],[198,48]],[[28046,22425],[179,180],[56,268]],[[28281,22873],[150,336],[51,24]],[[28633,23414],[108,54],[83,-23],[-64,94],[96,48]],[[28856,23587],[19,93],[125,-234],[147,38],[56,-87],[-94,-85],[-136,-287],[-57,28],[-56,-36],[-103,32],[-133,137],[9,228]],[[29606,23965],[198,100],[141,-99],[-17,-60],[-531,-321],[-62,33],[-169,-144],[-91,15],[-75,-43],[-118,279],[-70,55],[173,161]],[[28985,23941],[212,80],[109,126]],[[29306,24147],[109,18],[-3,-60]],[[29412,24105],[66,176]],[[29478,24281],[297,91]],[[29775,24372],[70,67],[45,-71]],[[29979,24364],[-90,-215],[-283,-184]],[[29606,23965],[-2,64],[-97,72],[-95,4]],[[29979,24364],[-89,4]],[[29890,24368],[-23,74],[-86,-40],[-13,93]],[[29768,24495],[-54,14],[83,132]],[[29797,24641],[154,50],[84,-86],[68,4],[367,196],[-50,-124],[55,11],[40,-56],[8,-127],[-119,-49],[101,-86],[-290,-110],[-60,71],[-63,-99],[-184,-54],[71,182]],[[29894,24746],[-129,38]],[[29765,24784],[51,103],[-119,57],[340,245],[145,-79],[347,52],[-187,-216],[133,-98],[-5,-43],[-140,-99],[-295,-101],[-137,87],[-4,54]],[[29364,24754],[-244,-170],[-39,49],[-135,5],[161,98]],[[29107,24736],[-117,160],[89,41],[30,148]],[[29254,25148],[48,102],[176,45],[127,113],[238,-172],[80,-116],[-226,-175],[119,-58],[-130,-243],[-322,110]],[[29254,25148],[-145,-63]],[[29109,25085],[-78,-179],[-81,86]],[[28950,24992],[-75,-79],[-103,-15],[-33,131]],[[28739,25029],[-156,3],[8,167],[57,59],[99,-25]],[[28942,25398],[195,-20],[170,-137],[-53,-93]],[[28942,25398],[-95,-94],[-92,-12],[-8,-59]],[[28747,25233],[-77,35],[-71,-61],[-103,109],[85,24],[33,30]],[[28614,25370],[-43,30],[106,52]],[[28677,25452],[36,214],[103,62],[200,314],[61,20],[130,-75],[232,109],[-19,-100],[-288,-194],[19,-111],[-123,-190],[97,-40],[10,-88],[-193,25]],[[28649,25615],[-111,38],[36,101],[-119,-94],[-29,61],[-81,2]],[[28345,25723],[193,189],[16,92],[43,-14],[270,261],[128,2],[21,-65],[106,-57],[-116,-97],[-190,-306],[-167,-113]],[[29068,26450],[-67,91],[61,89]],[[29062,26630],[-144,253],[20,150],[97,48],[74,-54],[106,25],[35,-134],[242,-135],[-370,-652],[-132,82],[78,237]],[[28184,26528],[-108,36]],[[28076,26564],[-72,184],[97,-35],[169,24],[151,230],[173,-75],[320,58],[44,-156],[-172,-312],[-124,-74],[-46,-89],[-317,-134],[-115,343]],[[27996,26749],[-76,-222],[-93,3],[-19,-103],[-90,29],[-173,137],[-82,314],[42,117],[255,-55],[236,-220]],[[27461,21599],[-167,75],[-2,69],[86,67],[-44,114],[39,65],[239,-8],[170,90],[230,-36],[172,86],[67,-58],[51,23],[-38,-103],[-354,-240],[-112,-300],[-167,-10],[-39,75],[-91,-12]],[[28430,22194],[-179,-131],[-101,59],[-138,-87],[-219,36],[-192,-28],[-138,112],[87,117],[254,13],[44,68],[133,-124],[403,32],[46,-67]],[[26081,25019],[327,59],[107,-151],[-102,-305],[-60,60],[-92,10],[-42,89],[-90,13],[22,93],[-70,132]],[[26081,25019],[-119,346],[268,83],[115,-353],[-264,-76]],[[25728,24844],[-23,122],[47,122],[-54,-36],[-87,43],[-24,158]],[[25587,25253],[73,-54],[313,145],[177,-473],[-64,-153],[-202,-70],[-56,99],[-156,49],[56,48]],[[25569,23901],[51,-10],[-81,-7]],[[25539,23884],[7,-154],[-128,-19],[19,229],[136,28],[-4,-67]],[[25632,24016],[9,-63]],[[25641,23953],[-189,10],[-18,69],[198,-16]],[[25394,24173],[41,46],[271,-39],[-66,-165],[-130,41],[-89,-21],[0,35],[-171,42]],[[25250,24112],[99,-8],[-21,124],[66,-55]],[[27461,21599],[40,-103]],[[27501,21496],[112,-3],[45,-108],[-106,-18],[-91,-104],[-186,-47],[-66,-79],[-181,55]],[[27028,21192],[-67,80]],[[26961,21272],[73,163],[49,-10],[69,101],[-54,59],[25,48],[63,-20],[59,75],[98,-24],[118,-65]],[[70932,68646],[-343,420]],[[70589,69066],[13,97],[119,10],[48,79],[139,12],[71,55],[-15,82],[-79,43],[16,87],[75,85],[120,33],[-2,79],[103,115],[90,-17],[678,271],[59,4],[104,-215],[306,-329]],[[68935,68656],[329,292],[68,193],[428,436],[282,-97],[475,-367],[44,-21],[28,59],[0,-85]],[[70932,68646],[1502,911]],[[72434,69557],[128,-161],[40,-20],[27,78],[35,-20],[164,-571],[113,-148],[30,-193],[-23,37],[-26,-12],[46,-25],[6,-184],[-165,-322],[-207,1],[-65,-60],[-350,-24],[-383,-344],[-872,1057]],[[70589,69066],[802,-973],[-1206,-879]],[[69726,67728],[534,751],[329,587]],[[69726,67728],[459,-514]],[[70185,67214],[-429,-303],[-395,200]],[[68327,67881],[380,414],[228,361]],[[68935,68656],[194,-200],[366,-549],[231,-179]],[[70359,66825],[2,0],[-4,1],[2,-1]],[[71804,67589],[-310,-71],[-116,-100],[-236,45],[-185,-99],[-132,-17],[-112,-196],[-161,-125],[-63,-223],[-154,46],[34,-44],[-126,50],[-70,-32],[-164,83],[-80,-29],[5,-46],[-178,80],[1635,1182],[413,-504]],[[69361,67111],[622,-276],[-25,-129],[158,-101],[-910,-699],[1,105]],[[67550,65897],[-123,710],[187,630],[28,59],[196,81],[20,90],[260,134],[209,280]],[[68327,67881],[1034,-770]],[[71654,66620],[-697,-242],[-216,442],[335,89],[61,-35],[680,50],[85,-53],[165,54],[-46,32],[45,18],[165,-320],[72,24],[9,-63],[24,40],[83,-117],[-194,-268]],[[70436,65436],[-119,49],[-83,-73],[-330,-87],[-288,-166],[-244,57],[-73,-36],[-93,726],[853,683],[57,16],[126,-71],[83,-3],[26,48],[153,-19],[21,87],[-90,75],[306,98],[217,-469],[-532,-203]],[[72225,66271],[-784,-1105],[-570,8],[-119,254],[-228,-55],[-88,63]],[[70436,65436],[-10,712]],[[70426,66148],[117,67],[1111,405]],[[71654,66620],[571,-349]],[[69207,66011],[92,-831],[-433,-71],[-184,48],[-216,-66],[-42,-95],[-326,9],[-85,-38],[-16,70],[-499,115],[52,745]],[[67550,65897],[1657,114]],[[49476,76670],[-85,484],[247,170],[96,1],[135,284],[230,-4],[209,126],[67,-128],[30,-441],[436,-371],[267,-133]],[[70768,70837],[-14,-1],[29,12],[-15,-11]],[[70794,70857],[-9,-7],[2,3],[7,4]],[[70799,70869],[-1,-9],[-1,6],[2,3]],[[70801,70886],[-18,2],[16,3],[2,-5]],[[70612,71169],[-13,-12],[-3,3],[16,9]],[[70232,71179],[161,8],[75,-97],[233,-42],[27,-100],[-65,-122],[111,-96],[29,-122],[-65,-62],[-37,30],[-454,-57],[-93,43],[138,53]],[[64209,75858],[-4,-3],[1,4],[3,-1]],[[64180,75863],[1,-4],[-3,2],[2,2]],[[64106,75874],[-3,-7],[-13,3],[16,4]],[[64189,75883],[15,-12],[-16,2],[1,10]],[[64239,75934],[29,-10],[-27,-5],[-2,15]],[[64425,75965],[43,-17],[-55,1],[12,16]],[[64144,75982],[41,3],[-25,-14],[-16,11]],[[64088,76046],[0,-2],[-3,0],[3,2]],[[64082,76048],[-2,-4],[-3,8],[5,-4]],[[63992,76060],[-12,0],[9,7],[3,-7]],[[64089,76047],[68,42],[34,-14],[-13,-17],[-89,-11]],[[64223,76172],[5,-12],[-21,5],[16,7]],[[64017,76197],[14,-39],[-26,-2],[12,41]],[[64097,76206],[-12,-5],[1,9],[11,-4]],[[64293,76214],[-16,-2],[2,8],[14,-6]],[[63939,76282],[102,-27],[-1,-32],[-40,-13],[22,41],[-83,31]],[[63844,76299],[6,-7],[-5,0],[-1,7]],[[63861,76304],[38,-4],[-1,-5],[-4,-3],[-33,12]],[[63715,76402],[148,-21],[-28,-51],[16,35],[-136,37]],[[63459,76552],[-4,-2],[-1,1],[5,1]],[[63403,76577],[-13,-12],[-3,-1],[16,13]],[[63398,76578],[-2,2],[3,0],[-1,-2]],[[63430,76585],[4,-1],[-5,0],[1,1]],[[63432,76587],[-22,-7],[-6,4],[28,3]],[[63463,76591],[-3,-10],[-15,6],[18,4]],[[63363,76629],[1,-8],[-5,6],[4,2]],[[63396,76631],[3,-2],[-4,0],[1,2]],[[65591,73438],[-162,-152],[-168,-40],[-848,962],[-1357,475]],[[63286,75705],[82,160],[-183,664],[5,61],[87,48],[-79,102],[177,-89],[-19,-5],[2,-29],[-10,-12],[1,38],[-34,5],[3,-60],[87,-81],[80,26],[48,-49],[54,65],[18,-79],[-36,7],[-56,-113],[138,-41],[86,42],[171,-157],[46,21],[4,-132],[-73,-80],[68,-111],[106,10],[7,-90],[69,38],[66,-31],[28,51],[244,4],[147,-103],[59,15],[79,-89],[216,10],[480,-130],[95,-163],[318,-206],[97,-242],[170,-117],[102,-197],[311,-268],[66,-118],[-336,-77],[-345,-222],[-59,-78]],[[63606,77784],[31,-3],[19,-21],[-50,24]],[[63891,77924],[-9,-2],[9,5],[0,-3]],[[62768,78024],[0,-4],[-2,3],[2,1]],[[62784,78025],[-2,-2],[-2,2],[4,0]],[[62775,78027],[-4,-1],[1,3],[3,-2]],[[62721,78027],[-4,2],[4,-1],[0,-1]],[[62759,78031],[0,-3],[-2,2],[2,1]],[[62743,78030],[-2,-1],[-1,4],[3,-3]],[[62727,78034],[-2,-1],[-1,1],[3,0]],[[63029,78026],[5,6],[0,-6],[-5,0]],[[62755,78038],[-1,-4],[-1,4],[2,0]],[[62717,78042],[-2,-2],[-1,0],[3,2]],[[62698,78046],[-3,-2],[1,2],[2,0]],[[62749,78047],[1,-2],[-2,1],[1,1]],[[62682,78049],[-4,-3],[1,4],[3,-1]],[[62593,78055],[4,-5],[-18,2],[14,3]],[[62468,78060],[-5,-1],[1,2],[4,-1]],[[62476,78065],[-1,-4],[-2,2],[3,2]],[[62455,78086],[-3,-2],[2,3],[1,-1]],[[62473,78090],[-3,-5],[-1,5],[4,0]],[[62482,78089],[-4,1],[4,2],[0,-3]],[[62570,78075],[159,-14],[9,-16],[-168,30]],[[62494,78099],[-4,-1],[0,1],[4,0]],[[62510,78107],[-4,-2],[0,2],[4,0]],[[63922,78106],[98,-41],[-78,-36],[-20,77]],[[62558,78116],[6,0],[16,-12],[-15,-1],[-7,13]],[[64319,78127],[88,-17],[-82,-35],[-6,52]],[[64122,78151],[139,-8],[-182,-52],[43,60]],[[61206,78179],[-17,-4],[1,6],[16,-2]],[[63169,78197],[-12,-13],[-7,15],[19,-2]],[[61143,78209],[18,-9],[-18,-1],[0,10]],[[63363,78243],[-4,-2],[1,2],[3,0]],[[61629,78247],[-5,-1],[4,3],[1,-2]],[[61368,78240],[117,-40],[-18,-36],[-99,76]],[[61991,78284],[0,-2],[-1,1],[1,1]],[[62010,78284],[-4,-3],[2,3],[2,0]],[[61987,78284],[-4,2],[7,-1],[-3,-1]],[[63267,78288],[-4,-10],[-9,0],[13,10]],[[63331,78291],[4,-7],[-10,6],[6,1]],[[62010,78294],[-7,-2],[6,3],[1,-1]],[[61692,78312],[-4,-3],[-1,3],[5,0]],[[61577,78318],[11,1],[1,-3],[-12,2]],[[61570,78324],[-1,-1],[-1,3],[2,-2]],[[61548,78334],[-1,-2],[0,2],[1,0]],[[61543,78335],[1,-3],[-2,0],[1,3]],[[61709,78340],[-9,-6],[-3,2],[12,4]],[[64124,78314],[56,5],[8,-25],[-116,4],[59,53],[-7,-37]],[[63808,78279],[-12,28],[17,46],[12,-26],[-17,-48]],[[61539,78347],[-13,-1],[-2,8],[15,-7]],[[61879,78356],[-1,-4],[0,5],[1,-1]],[[61875,78360],[-1,-1],[-1,2],[2,-1]],[[61529,78362],[-5,-2],[2,4],[3,-2]],[[61533,78369],[3,-5],[-5,3],[2,2]],[[60651,78364],[-4,0],[2,5],[2,-5]],[[61499,78377],[-4,-2],[0,1],[4,1]],[[61486,78386],[1,-4],[-2,3],[1,1]],[[61456,78392],[23,-9],[-14,-1],[-9,10]],[[63552,78408],[61,-5],[21,-33],[-72,37],[-63,-33],[1,24],[52,10]],[[62943,78399],[-17,-1],[14,14],[3,-13]],[[63244,78415],[8,-17],[-16,1],[8,16]],[[63002,78432],[21,-3],[-17,-34],[-4,37]],[[62861,78438],[-4,-1],[2,2],[2,-1]],[[62895,78443],[-3,-4],[0,2],[3,2]],[[62891,78447],[-3,-2],[2,3],[1,-1]],[[62881,78455],[-3,-5],[-2,1],[5,4]],[[62870,78464],[-2,-3],[-1,1],[3,2]],[[62870,78480],[-4,-1],[4,2],[0,-1]],[[61092,78510],[-6,-10],[-1,2],[7,8]],[[64103,78510],[-19,-38],[-32,16],[51,22]],[[63868,78508],[-15,45],[43,17],[-16,-20],[-12,-42]],[[63600,78585],[-17,2],[14,7],[3,-9]],[[64041,78685],[52,-23],[-27,-25],[-25,48]],[[62771,78699],[-7,0],[6,2],[1,-2]],[[61100,78703],[61,-10],[-19,-23],[-42,33]],[[63045,78693],[-11,13],[14,7],[-3,-20]],[[63717,78717],[34,-3],[-21,-7],[-13,10]],[[61535,78736],[0,0]],[[62030,78738],[7,-6],[-13,-1],[6,7]],[[61098,78738],[41,-25],[-45,1],[4,24]],[[63631,78741],[9,-61],[-24,-6],[15,67]],[[61237,78760],[43,-71],[-74,-25],[-24,30],[55,66]],[[63352,78748],[-22,-1],[17,16],[5,-15]],[[62092,78795],[72,-46],[-15,-139],[-162,-40],[-24,40],[120,89],[-47,70],[56,26]],[[64015,78801],[3,-1],[-4,-1],[1,2]],[[64029,78802],[-5,2],[7,0],[-2,-2]],[[62519,78818],[-9,-9],[7,10],[2,-1]],[[64003,78796],[-38,-16],[-82,32],[166,6],[-16,-33],[10,24],[-21,-1],[-19,-12]],[[63009,78853],[-1,-4],[-3,2],[4,2]],[[63125,78854],[-17,-39],[-52,34],[69,5]],[[60756,78905],[-14,-24],[2,33],[12,-9]],[[62969,78925],[0,-1],[-2,0],[2,1]],[[62977,78926],[0,-1],[-3,0],[3,1]],[[60607,78931],[-3,-7],[-20,-9],[23,16]],[[61809,78946],[-7,-4],[3,6],[4,-2]],[[62960,78953],[14,-22],[-59,-10],[45,32]],[[61825,78958],[-17,-5],[13,14],[4,-9]],[[61808,78960],[-22,-6],[22,15],[0,-9]],[[61799,78965],[-11,-5],[14,9],[-3,-4]],[[61930,78987],[-19,-82],[-89,45],[6,11],[2,19],[100,7]],[[61808,78995],[-8,-6],[5,12],[3,-6]],[[63787,78943],[-30,45],[32,47],[-11,-35],[9,-57]],[[62707,79022],[-57,-23],[-8,12],[27,32],[38,-21]],[[62379,79045],[-6,-46],[-75,21],[81,25]],[[61114,79042],[31,-25],[-34,9],[3,16]],[[61153,79059],[22,4],[-16,-14],[-6,10]],[[63350,79091],[-24,-62],[17,68],[7,-6]],[[62095,79091],[-25,1],[20,12],[5,-13]],[[62432,79118],[-5,1],[7,1],[-2,-2]],[[61502,79125],[9,-28],[-28,11],[19,17]],[[60905,79124],[-19,-22],[-5,24],[24,-2]],[[63137,79147],[4,-52],[-39,2],[35,50]],[[61813,79174],[102,-27],[7,-30],[-137,21],[28,36]],[[61734,79183],[2,0],[-2,-1],[0,1]],[[62249,79199],[-23,-10],[35,19],[-12,-9]],[[61718,78575],[-193,181],[-144,43],[-88,-66],[-57,55],[-57,-37],[31,179],[243,-68],[55,24],[-100,9],[-5,100],[68,65],[62,-46],[56,21],[-79,110],[-134,1],[-95,72],[210,-17],[265,-122],[39,-99],[-70,-38],[53,-42],[136,2],[-25,-138],[112,-280],[275,-36],[33,86],[117,-3],[39,43],[-312,27],[31,38],[126,42],[192,-24],[66,-51],[-33,-86],[56,3],[-39,-28],[70,45],[111,-67],[-115,-26],[17,-30],[199,71],[39,-198],[-214,35],[-159,-40],[-305,90],[-210,-31],[-117,52],[-106,-57],[-75,9],[-18,-22],[-160,89],[-84,-17],[-150,66],[61,44],[-80,172],[83,-40],[-51,-19],[58,-14],[42,-96],[11,63],[62,-36],[-27,-60],[64,36],[95,-50],[-24,39],[136,18],[13,54]],[[63483,79171],[-58,27],[34,45],[56,-29],[-32,-43]],[[61736,79184],[-19,34],[15,35],[13,-18],[-9,-51]],[[62691,79257],[5,-52],[-69,-4],[64,56]],[[63346,79250],[-30,10],[22,7],[8,-17]],[[60026,79265],[-24,-5],[17,20],[7,-15]],[[61026,79275],[-12,7],[12,4],[0,-11]],[[61217,79286],[33,-44],[-58,-1],[25,45]],[[62081,79305],[-4,-49],[-65,1],[69,48]],[[61109,79297],[-22,-7],[14,21],[8,-14]],[[60222,79335],[87,-84],[-192,7],[63,59],[42,18]],[[62306,79341],[-30,-33],[-28,5],[58,28]],[[61010,79349],[-12,-8],[5,12],[7,-4]],[[61531,79372],[2,-7],[-3,6],[1,1]],[[59892,79388],[-31,1],[30,8],[1,-9]],[[60075,79403],[50,-1],[3,-41],[-53,42]],[[61647,79408],[-30,-47],[-73,24],[-36,-13],[44,51],[95,-15]],[[61930,79427],[65,-27],[10,-45],[-62,30],[-13,42]],[[62153,79494],[-34,-14],[-21,6],[55,8]],[[61258,79503],[7,-73],[-31,18],[24,55]],[[60883,79517],[-21,18],[24,10],[-3,-28]],[[62418,79553],[34,-53],[-81,-13],[11,48],[36,18]],[[61180,79554],[10,-24],[3,-16],[-13,40]],[[60922,79549],[-9,-6],[7,11],[2,-5]],[[60342,79584],[-8,0],[10,3],[-2,-3]],[[60071,79591],[2,-3],[-3,1],[1,2]],[[60966,79586],[-15,-4],[14,12],[1,-8]],[[60308,79599],[-18,-10],[15,16],[3,-6]],[[59564,79637],[-23,3],[25,3],[-2,-6]],[[59999,79651],[-2,-3],[-1,4],[3,-1]],[[60656,79674],[-18,-2],[14,8],[4,-6]],[[61363,79663],[-24,16],[15,22],[9,-38]],[[61079,79699],[-21,2],[20,12],[1,-14]],[[61995,79715],[95,-50],[-80,-66],[-125,84],[110,32]],[[60128,79750],[-7,-6],[1,16],[6,-10]],[[60045,79769],[-3,0],[-1,2],[4,-2]],[[60027,79781],[0,0]],[[60083,79816],[-9,-4],[6,8],[3,-4]],[[61401,79810],[-27,-10],[12,29],[15,-19]],[[60035,79851],[15,2],[-9,-14],[-6,12]],[[61587,79869],[272,-128],[-169,-100],[152,-133],[-43,-40],[-174,43],[-24,64],[-194,-30],[3,150],[209,7],[-32,167]],[[60961,79918],[-18,4],[10,15],[8,-19]],[[60577,79953],[-7,-7],[4,16],[3,-9]],[[61334,79929],[-27,23],[27,30],[19,-18],[-19,-35]],[[59579,79986],[-2,-5],[1,5],[1,0]],[[59582,79968],[122,-209],[-70,-113],[-3,174],[34,-13],[-149,182],[66,-21]],[[59553,80010],[1,-4],[-2,3],[1,1]],[[61556,80014],[-26,-1],[46,28],[-20,-27]],[[61243,80043],[-8,-10],[-15,13],[23,-3]],[[59509,80071],[0,-9],[-3,9],[3,0]],[[61354,80005],[-29,44],[35,22],[16,-25],[-22,-41]],[[62121,79994],[-123,-12],[6,-159],[-128,-17],[-14,90],[117,62],[22,130],[120,-94]],[[61734,80096],[-84,-79],[72,105],[12,-26]],[[60682,80141],[-11,0],[5,7],[6,-7]],[[61532,80179],[-82,-71],[64,87],[18,-16]],[[61998,80169],[11,31],[14,7],[7,-13],[-32,-25]],[[62182,80354],[22,-113],[50,-4],[-12,-31],[-107,44],[47,104]],[[60633,80400],[0,-2],[-1,1],[1,1]],[[60566,80401],[0,-3],[-1,3],[1,0]],[[60634,80403],[1,-1],[-2,0],[1,1]],[[60631,80405],[0,-1],[-1,0],[1,1]],[[60635,80407],[0,-1],[-1,0],[1,1]],[[60567,80407],[0,-2],[-2,0],[2,2]],[[60634,80409],[-3,-1],[1,1],[2,0]],[[60836,80416],[-2,1],[2,1],[0,-2]],[[60566,80420],[-1,-2],[-1,1],[2,1]],[[60629,80398],[-37,-18],[-6,18],[31,24],[12,-24]],[[60558,80428],[1,-1],[-2,0],[1,1]],[[60574,80443],[-2,-2],[0,2],[2,0]],[[62186,80450],[1,-1],[-2,-1],[1,2]],[[60626,80454],[-27,-12],[1,13],[26,-1]],[[61458,80475],[-2,-1],[2,6],[0,-5]],[[60799,80477],[33,-13],[-61,-30],[28,43]],[[62189,80451],[47,56],[22,16],[0,-15],[-69,-57]],[[61095,80527],[45,-35],[-50,-13],[-3,-24],[129,13],[-93,-33],[21,-75],[-9,-7],[-36,74],[-153,63],[78,6],[-85,16],[156,15]],[[60001,80551],[12,-39],[-155,-11],[24,25],[119,25]],[[61728,80769],[-13,1],[11,11],[2,-12]],[[61743,80914],[1,-34],[-19,12],[18,22]],[[60314,80914],[10,-9],[-8,-7],[-2,16]],[[62044,80934],[14,-5],[-12,-5],[-2,10]],[[60665,81036],[-6,4],[9,1],[-3,-5]],[[61582,81050],[3,-1],[-1,-4],[-2,5]],[[61585,81066],[-12,-14],[7,15],[5,-1]],[[61968,81102],[-11,-46],[90,50],[28,-102],[-165,-42],[-14,-64],[-11,134],[83,70]],[[72079,70142],[-10,-27],[-27,22],[37,5]],[[71175,70437],[18,-2],[4,-10],[-22,12]],[[71478,70436],[-7,-2],[3,6],[4,-4]],[[71157,70456],[5,-9],[-11,10],[6,-1]],[[71310,70466],[3,-33],[-13,34],[10,-1]],[[71257,70492],[0,-5],[-11,6],[11,-1]],[[71275,70497],[1,-4],[-5,1],[4,3]],[[71432,70442],[-69,1],[-24,59],[23,1],[70,-61]],[[71142,70520],[-5,-7],[-4,4],[9,3]],[[71286,70512],[-54,-7],[-5,5],[17,20],[42,-18]],[[70886,70530],[-2,-3],[-3,6],[5,-3]],[[70866,70541],[0,-5],[-6,2],[6,3]],[[71508,70569],[-3,-3],[5,6],[-2,-3]],[[70818,70575],[14,-2],[6,-14],[-20,16]],[[71199,70573],[-42,-17],[-1,22],[43,-5]],[[71022,70584],[2,-12],[-6,3],[4,9]],[[70877,70591],[84,-21],[-104,0],[20,21]],[[71119,70599],[-11,-36],[-47,19],[58,17]],[[71336,70637],[-3,-1],[0,3],[3,-2]],[[71130,70661],[-15,-2],[23,14],[-8,-12]],[[71445,70659],[50,-8],[-19,-26],[-31,34]],[[71325,70662],[74,4],[44,-106],[-118,102]],[[71285,70697],[2,-10],[-13,12],[11,-2]],[[70990,70759],[-16,-5],[15,8],[1,-3]],[[71546,70792],[1,-12],[-7,13],[6,-1]],[[71525,70813],[3,-8],[-7,7],[4,1]],[[71465,70805],[-8,3],[38,9],[-30,-12]],[[71502,70818],[16,-5],[-20,4],[4,1]],[[71035,70810],[59,-16],[-34,-21],[-25,37]],[[71299,70828],[147,-54],[-47,-91],[-55,57],[-87,-29],[-61,75],[32,38],[43,-52],[28,56]],[[70953,70845],[11,-37],[-68,12],[57,25]],[[71043,70869],[23,-31],[-45,2],[22,29]],[[70945,70862],[-5,-7],[-4,20],[9,-13]],[[70894,70865],[-14,5],[8,5],[6,-10]],[[71193,70890],[-24,-30],[-17,6],[8,16],[33,8]],[[71354,70910],[-13,-16],[-10,17],[23,-1]],[[71063,70899],[-60,-18],[-8,16],[37,16],[31,-14]],[[71322,70920],[-4,-9],[-6,12],[10,-3]],[[70945,70943],[-11,-9],[-4,9],[15,0]],[[70887,70959],[-3,-31],[-5,0],[8,31]],[[70878,70963],[3,-3],[-4,1],[1,2]],[[70883,70966],[-2,1],[1,1],[1,-2]],[[71293,70968],[0,-1],[-1,1],[1,0]],[[71279,70980],[5,-9],[-10,9],[5,0]],[[71263,70988],[4,-4],[-7,4],[3,0]],[[71136,71066],[-83,-32],[112,-76],[-135,38],[23,63],[83,7]],[[70236,71369],[0,-10],[-6,10],[6,0]],[[70165,71436],[36,-29],[-5,-13],[-31,42]],[[70110,71484],[-3,-3],[0,3],[3,0]],[[69877,71502],[-4,-5],[-2,4],[6,1]],[[70131,71510],[16,-33],[5,-17],[-1,-3],[-20,53]],[[70099,71538],[3,-11],[-12,13],[9,-2]],[[68872,72733],[-42,-15],[52,42],[-10,-27]],[[68706,72798],[-8,-1],[8,2],[0,-1]],[[68710,72805],[-3,-3],[-2,2],[5,1]],[[68689,72805],[-17,30],[19,12],[16,-11],[-18,-31]],[[68872,72848],[0,1],[6,-1],[-6,0]],[[68806,72860],[-3,-6],[-4,4],[7,2]],[[68892,72867],[24,9],[14,-23],[-38,14]],[[68574,72896],[-9,3],[8,1],[1,-4]],[[68720,73057],[-3,0],[2,2],[1,-2]],[[68695,73097],[-8,1],[1,2],[7,-3]],[[68748,73107],[-4,-5],[-1,5],[5,0]],[[70232,71179],[-58,-68],[-12,-97],[87,-57],[-23,-239],[66,-103]],[[70292,70615],[-127,-66],[255,-30],[283,57],[159,-92],[182,72],[4,-79],[158,-98],[121,17],[-74,-62],[65,-13],[62,72],[174,61],[-47,45],[39,42],[-31,75],[71,-3],[-125,80],[33,60],[227,-280],[104,-3],[75,-275],[133,-75],[-750,-296],[-102,24],[-87,-121],[7,-77],[-111,-17],[-88,-99],[-17,-92],[76,-40],[19,-85],[-75,-56],[-126,-6],[-46,-79],[-111,1],[-58,-86],[-528,408],[-283,91],[-186,-165],[-435,409],[-202,433],[-608,110],[-478,826],[-760,677]],[[67244,72527],[826,655],[144,64],[25,-92],[64,-2],[66,-120],[95,-39],[88,-218],[137,30],[284,-306],[43,3],[-13,56],[-137,130],[78,-31],[27,109],[-90,30],[-39,29],[-13,-21],[-21,-6],[19,32],[-72,-24],[-15,25],[83,18],[10,23],[40,-70],[115,-38],[203,-234],[41,-222],[168,-225],[93,-541],[374,-74],[186,130],[-13,-99],[52,14],[11,-44],[65,-73],[198,-145],[20,-43],[-154,-29]],[[71482,70411],[1,2],[-1,0],[0,-2]],[[67981,73473],[4,-33],[-19,2],[15,31]],[[68171,73499],[-40,-39],[-27,-4],[28,30],[39,13]],[[67769,73595],[-3,1],[2,2],[1,-3]],[[67626,73635],[-13,-9],[6,12],[7,-3]],[[67025,74005],[-6,-4],[1,6],[5,-2]],[[67031,74014],[-6,-3],[2,4],[4,-1]],[[67078,74110],[-1,-5],[-3,2],[4,3]],[[67087,74113],[-3,-2],[1,4],[2,-2]],[[67244,72527],[-40,-112],[65,-71],[-74,-117],[38,-93],[-149,-254]],[[67084,71880],[-305,244],[-872,387],[-646,735],[172,42],[158,150]],[[65591,73438],[173,36],[-32,65],[117,147],[24,217]],[[65873,73903],[75,94],[329,206],[337,72],[404,-383],[131,-278],[106,15],[46,-71],[257,25],[163,-168],[190,29],[77,-80],[105,17],[23,-73],[99,-54],[-167,-86],[-804,-641]],[[63286,75705],[-211,-147],[-8,-483],[46,-120],[-57,-272]],[[63056,74683],[-780,273],[-119,-42],[-242,472],[-244,-32],[-211,-261],[-64,18],[-44,-75],[-131,-38],[-326,213],[-69,-19],[-87,55],[-76,121],[-196,31],[-85,103],[-165,36],[-17,109],[-100,101],[171,254]],[[60728,76514],[110,84],[24,134],[-132,131],[78,13],[39,77],[-3,77],[56,34],[32,193],[-113,201],[-48,-15],[-10,-33],[9,-21],[-52,29],[-34,149],[48,109],[-49,134],[94,50],[26,111],[30,-75],[30,-30],[-42,66],[-1,49],[23,-76],[10,-3],[22,40],[-11,50],[14,44],[11,-68],[72,25],[-12,63],[59,12],[8,53],[83,-117],[635,-387],[-22,-79],[-198,-176],[112,-39],[-52,-60],[203,-249],[34,-109],[-77,37],[25,-77],[54,-14],[9,35],[27,-51],[77,-9],[-18,-35],[83,-55],[-17,-105],[174,-110],[203,-46],[83,-84],[206,101],[33,92],[21,9],[-4,19],[13,3],[24,41],[25,-128],[151,59],[-79,24],[126,77],[58,-22],[-75,-63],[116,-4],[145,-86],[175,-637],[-83,-171]],[[60903,77063],[-1,-1],[2,-1],[-1,2]],[[62698,76622],[2,0],[-2,-1],[0,1]],[[63134,76901],[-4,-44],[-101,0],[41,39],[64,5]],[[63127,76675],[-9,6],[9,1],[0,-7]],[[62890,76903],[6,-6],[-8,2],[2,4]],[[62871,76792],[5,-59],[-96,-8],[12,50],[79,17]],[[62755,76650],[5,-11],[-5,-11],[0,22]],[[62753,76641],[-10,-2],[8,4],[2,-2]],[[62707,76753],[-7,3],[5,0],[2,-3]],[[62688,76605],[-3,-5],[-1,0],[4,5]],[[62646,76837],[-6,-2],[4,4],[2,-2]],[[62448,76836],[105,-19],[69,-116],[-148,-96],[-124,-11],[-21,42],[119,200]],[[62605,77136],[-25,-47],[11,50],[14,-3]],[[62593,76923],[-31,-26],[-56,-7],[41,31],[46,2]],[[62577,77085],[-11,-62],[-112,-9],[89,61],[34,10]],[[62526,77129],[-11,1],[11,4],[0,-5]],[[62503,77129],[-10,5],[9,3],[1,-8]],[[62448,77288],[2,-21],[-21,9],[19,12]],[[62449,77008],[-2,-1],[0,1],[2,0]],[[62430,77245],[-50,-119],[-59,7],[64,-113],[-96,-48],[-71,44],[-1,140],[213,89]],[[62405,76972],[17,-9],[-15,3],[-2,6]],[[62403,76480],[2,-4],[-2,-3],[0,7]],[[62399,76974],[4,-2],[-6,2],[2,0]],[[62391,76976],[0,-2],[-2,2],[2,0]],[[62336,76939],[-2,-38],[-36,-2],[38,40]],[[62370,77353],[-137,-74],[-12,83],[110,16],[39,-25]],[[62283,76817],[-21,-6],[1,10],[20,-4]],[[62272,76857],[-20,-19],[-14,4],[34,15]],[[62178,76946],[18,-13],[-27,-2],[9,15]],[[62181,76592],[-12,-5],[1,13],[11,-8]],[[62175,76559],[-6,1],[5,1],[1,-2]],[[62170,76612],[0,-5],[-1,5],[1,0]],[[62163,76542],[-6,-4],[2,5],[4,-1]],[[62155,77151],[-18,-4],[17,11],[1,-7]],[[62063,77002],[4,-20],[-20,4],[16,16]],[[62051,76606],[-4,-3],[-4,8],[8,-5]],[[62036,77171],[-39,-24],[33,57],[6,-33]],[[62010,77472],[-1,-32],[-26,-12],[27,44]],[[62033,77206],[-2,-1],[2,2],[0,-1]],[[61991,77070],[18,-19],[-30,-10],[12,29]],[[61992,76954],[2,-5],[-3,0],[1,5]],[[61926,77109],[-4,-4],[-1,4],[5,0]],[[61883,77147],[31,-36],[-35,8],[4,28]],[[61908,77129],[-3,-1],[2,2],[1,-1]],[[61870,77388],[-31,-71],[-25,-1],[56,72]],[[61793,77291],[-19,-41],[-19,9],[38,32]],[[61784,77449],[-16,-1],[18,12],[-2,-11]],[[61765,77430],[1,-1],[-2,-1],[1,2]],[[61757,77247],[-22,-58],[-43,-3],[31,56],[34,5]],[[61753,77126],[-6,-4],[2,5],[4,-1]],[[61708,77378],[11,-37],[-47,0],[36,37]],[[61720,77264],[-48,-34],[-68,6],[10,18],[106,10]],[[61678,77224],[-3,0],[-2,2],[5,-2]],[[61627,77338],[-4,-1],[3,3],[1,-2]],[[61601,77805],[-12,-5],[6,16],[6,-11]],[[61060,78092],[60,26],[-19,-50],[-41,24]],[[60839,76955],[5,0],[-4,-1],[-1,1]],[[60833,77909],[5,-5],[4,-11],[-8,7],[-1,9]],[[60818,78057],[-9,37],[13,27],[13,-9],[-17,-55]],[[60815,77975],[0,-6],[-4,7],[4,-1]],[[60808,78003],[-11,-3],[5,8],[6,-5]],[[60802,78044],[-9,-4],[7,5],[2,-1]],[[60779,77415],[-5,-2],[-6,1],[11,1]],[[60599,78099],[44,-184],[-23,-5],[-70,118],[49,71]],[[60728,76514],[-15,-86],[-446,-234]],[[59948,76445],[-118,15],[-25,160],[-90,-21]],[[59531,76701],[-126,-23],[-20,110],[-139,26],[-133,237],[-172,-29]],[[58813,77169],[-124,184],[188,45],[80,161]],[[59539,78153],[184,-9],[247,65],[164,-123],[155,-461],[180,-201],[-72,-384],[70,-109],[139,-16],[63,-75],[60,16],[118,-97],[22,-95],[-141,-150]],[[60410,77136],[-3,0],[-8,-1],[11,1]],[[60392,77042],[4,-2],[-4,3],[0,-1]],[[58311,75718],[-169,-101],[-382,247],[-32,94],[159,298],[-42,143],[262,79],[449,-19],[284,-140],[116,10],[60,-161],[-379,-202],[-347,-100]],[[57399,75771],[14,100],[340,132],[7,-139],[370,-211],[-13,-137],[-64,-79],[-81,-76],[-154,-14],[-100,-96],[-172,-14],[-173,-91],[-383,-23],[-30,125],[64,207]],[[57448,75938],[-49,-167]],[[57399,75771],[-375,-316]],[[57024,75455],[-29,211]],[[56723,75798],[72,106]],[[56737,76083],[262,89],[-25,96],[114,-24],[109,-105]],[[57448,75938],[-83,71],[17,92],[-185,38]],[[57197,76139],[-107,104],[-116,25],[-45,226],[45,123],[579,43],[377,-134],[40,-73],[-131,-62],[50,-118],[-40,-116],[-96,-154],[-319,-124],[14,59]],[[56723,75798],[272,-132]],[[56995,75666],[-5,-543],[-377,-67],[-175,-81],[-118,46],[-128,-21],[-78,152],[-199,66],[-147,169],[-31,110],[-146,82],[-12,147],[52,21],[476,-47],[616,98]],[[54579,76151],[-192,214],[-432,-675],[-119,39],[-159,213],[113,522],[-167,52],[41,48],[-108,112]],[[53826,77092],[393,119],[703,-71],[24,-537],[206,-470]],[[54422,78518],[286,-118]],[[54732,78325],[141,-28],[-22,-114],[-406,-146],[-290,1]],[[51460,76595],[-345,60],[-268,132],[-474,427],[3,384],[-68,133],[185,92]],[[51633,77918],[296,101]],[[52029,77038],[-162,-182],[-154,-301]],[[52209,79642],[282,-83],[-41,-113]],[[52151,79257],[-228,-244],[-227,-512],[37,-323],[270,-68],[-86,-97],[-284,-95]],[[51633,77918],[-1140,-95]],[[50493,77823],[-384,-215],[-231,-4],[194,411],[-18,88],[221,666],[336,353],[-51,322],[62,228],[258,336],[82,212],[122,39],[-40,51],[195,122],[169,23],[-4,-43]],[[52496,76177],[-156,44],[-77,413]],[[52151,76611],[-158,162],[-116,44],[152,221]],[[52029,77038],[-29,640],[-73,81],[74,115],[-72,145]],[[51929,78019],[73,121],[168,-3],[303,-108],[653,51],[-91,-264],[-174,-191],[-84,-246],[214,-142],[231,-61],[-168,-248],[330,-135],[245,-217],[-166,-66],[-47,-152],[-148,-166],[-277,-167],[-130,-6],[-65,9],[-48,131]],[[54552,78446],[-130,72]],[[54422,78518],[-195,-14],[-190,-123],[118,-343]],[[54155,78038],[-314,-144],[-236,132],[-510,58],[-664,-52],[-261,105],[-378,8],[-69,53],[-27,303],[188,349],[15,127],[252,280]],[[52151,79257],[299,189]],[[52450,79446],[30,135],[166,-99],[47,-165]],[[54540,78993],[118,-38]],[[54392,83189],[-162,-235],[-51,-174],[99,-307]],[[54646,81902],[-1,-132],[-23,-120]],[[54176,81614],[-280,-231],[-43,-93],[56,-112]],[[53813,81051],[247,-160],[67,-78],[-38,-60],[-344,-265],[-202,-33],[-314,-133],[-101,38]],[[51404,80412],[22,37],[-85,10],[-197,-83],[1,57],[-77,28],[10,130],[69,18],[46,170],[-98,9],[-49,69],[-60,-37],[-89,240],[84,230],[-38,171],[50,43],[79,-13],[26,78],[123,12],[144,244],[-6,104],[-93,121],[77,198],[-72,146],[125,88],[-85,63],[-8,84],[87,74],[161,-77],[96,56],[276,-82],[468,77],[105,-91],[142,-38],[98,147],[119,42],[41,142],[111,97],[-27,160],[85,51],[-102,99],[85,86],[332,107],[499,21],[75,341],[204,2],[106,-158]],[[54048,80165],[-185,-149],[-16,-159],[182,59]],[[54895,79542],[-114,-216],[-17,-322],[-69,-58],[-155,47]],[[54540,78993],[103,75],[-54,101],[-191,-80],[-155,20],[-33,-62],[-122,74],[-99,-35],[-135,20],[-60,81],[-143,-48],[-53,74],[-229,-65],[-522,55],[-154,114]],[[52693,79317],[-44,161],[-66,55],[-374,109]],[[52209,79642],[-9,90],[98,78],[-318,165],[-576,437]],[[51404,80412],[326,70],[471,-21],[316,310],[190,-108],[299,-28],[122,-275]],[[53128,80360],[98,-38],[596,208]],[[55751,79109],[-288,35]],[[54837,79451],[107,182],[127,70]],[[55570,80142],[200,-240],[29,-129],[122,-162],[-166,-127]],[[55463,79144],[428,-42],[-66,-47],[19,-99]],[[56190,78833],[-231,-260],[180,-21]],[[56440,78219],[-152,51],[-123,-30]],[[55297,78666],[-82,126],[-123,87]],[[54787,78826],[-55,90],[105,535]],[[54837,79451],[111,-103],[232,-103],[283,-101]],[[56305,79058],[24,-150],[-139,-75]],[[56190,78833],[-191,105],[-155,18]],[[55844,78956],[-21,93],[68,53],[224,-85]],[[56696,78965],[0,-41],[117,-61]],[[57076,78826],[97,-91],[165,-34],[-252,-6],[-213,-112]],[[56998,78354],[-293,-12]],[[56440,78219],[-18,158],[-68,94],[-227,20],[12,61]],[[56139,78552],[-180,32],[234,253],[136,71],[1,85]],[[57406,84213],[-2,-1],[3,3],[-1,-2]],[[57398,84233],[0,-1],[-1,0],[1,1]],[[56761,85075],[-10,-5],[1,6],[9,-1]],[[56754,85090],[-2,-11],[-1,18],[3,-7]],[[56733,85105],[10,4],[1,-6],[-11,2]],[[56727,85126],[-2,-2],[1,2],[1,0]],[[56719,85133],[-4,-3],[-2,1],[6,2]],[[55529,83987],[101,244],[234,45],[345,695],[384,308],[102,-120],[30,-105],[123,-61],[105,-242],[438,-550],[56,-23],[325,-538],[190,-611],[88,-75],[7,-155],[188,-548],[-37,-59],[-856,-41],[-270,-308],[-394,-118],[-259,446],[-198,502],[-437,-144],[-92,146],[81,292]],[[55529,83987],[254,-1020]],[[55783,82967],[-91,-242],[102,-196],[-487,-132]],[[54842,82128],[-167,8],[-29,-234]],[[54646,81902],[-163,0],[-65,150],[-167,121],[27,300]],[[54278,82473],[-98,257],[28,178],[184,281]],[[54392,83189],[-128,496]],[[54264,83685],[257,52],[84,59],[-22,62],[99,164],[100,-57],[94,75],[119,-167],[44,146],[89,41],[132,20],[82,-99],[49,36],[138,-30]],[[56125,80641],[-106,1],[-60,-80],[-176,106],[103,124],[-16,96],[-134,25]],[[55526,81367],[-352,-79],[-35,96],[-492,43],[-101,66],[70,65],[44,570],[182,0]],[[54842,82128],[102,63],[162,13],[160,119],[39,-24],[2,98]],[[55307,82397],[667,215],[118,-8],[113,77],[65,-59],[177,-486],[126,-149],[83,-256],[-106,-126],[-40,-199],[7,-110],[99,-110],[55,-174],[-40,-175],[-208,-92],[-191,-2]],[[56307,80125],[55,-57],[-145,-262]],[[56277,79777],[70,-242],[-166,-88]],[[56006,79491],[-4,103],[-86,20],[-146,288],[-225,252],[-33,130],[-130,71],[4,180]],[[54839,81412],[300,-28],[41,-96],[346,79]],[[55526,81367],[-7,-100],[228,-21],[-2,-198],[-73,-59],[64,-76]],[[55736,80913],[133,-24],[20,-81],[-98,-160],[165,-86],[63,80],[176,0]],[[59136,80982],[-10,-5],[5,9],[5,-4]],[[58650,81018],[-2,-4],[-5,0],[7,4]],[[58627,81042],[-1,-2],[0,2],[1,0]],[[58624,81050],[-14,-10],[9,13],[5,-3]],[[58595,81048],[-4,-1],[3,7],[1,-6]],[[58576,81282],[-4,-2],[3,6],[1,-4]],[[59154,81302],[2,1],[0,-2],[-2,1]],[[59136,81312],[40,-24],[-11,-14],[-33,15],[4,23]],[[59169,81301],[-7,15],[18,-13],[-11,-2]],[[57596,79473],[-351,-155],[-120,-159]],[[56977,79225],[-166,-57],[-212,60],[-107,159],[-232,85],[97,101],[-81,112],[1,92]],[[56277,79777],[-60,29]],[[56217,79806],[145,266],[-55,53]],[[56307,80125],[21,157],[-78,34],[-8,263],[-47,63]],[[56195,80642],[-70,-1]],[[56125,80641],[107,102]],[[56232,80743],[356,45],[66,92],[-35,300],[-108,143],[39,282],[83,118],[369,70],[235,188],[115,170],[894,72],[317,-737],[13,-140],[-26,38],[-25,-133],[93,-121],[-46,-58],[-21,41],[4,-48],[45,-90],[49,38],[99,-497],[1,-270],[125,-501],[74,-119]],[[54839,81412],[72,-60],[75,-308],[132,-100],[268,-409]],[[55386,80535],[-6,-176],[129,-72],[61,-145]],[[55570,80142],[-118,-105],[-322,-109],[-7,-59],[-106,-72],[54,-94]],[[55071,79703],[-124,-67],[-52,-94]],[[54895,79542],[-498,146],[-227,205],[-141,23]],[[54029,79916],[-177,-60],[-21,44],[32,116],[89,37],[-28,43],[124,69]],[[54048,80165],[-66,103],[82,71],[-242,191]],[[53822,80530],[305,280],[-314,241]],[[53813,81051],[96,127]],[[53909,81178],[-56,114],[54,110],[269,212]],[[54176,81614],[446,36]],[[54622,81650],[-12,-114],[-64,-44],[101,-65],[192,-15]],[[54787,78826],[305,53]],[[55092,78879],[127,-91],[78,-122]],[[55297,78666],[-42,-122],[78,-107],[123,43],[300,-38],[409,-202]],[[56165,78240],[144,26],[224,-101],[27,-120],[122,-83],[-40,-266],[38,-124]],[[55366,77420],[-457,-288],[-99,-15],[-9,179]],[[54700,77453],[-71,355],[-192,228],[310,86],[129,105],[-6,73],[-138,25]],[[54732,78325],[-24,75]],[[54708,78400],[-156,46]],[[54552,78446],[29,322],[77,187]],[[54658,78955],[75,21],[54,-150]],[[56778,77496],[0,57],[-98,19]],[[56680,77572],[-39,134],[41,256],[-242,257]],[[56440,78219],[120,71],[130,-21],[15,73]],[[56705,78342],[316,25],[81,-88],[-5,-107],[83,-26],[107,-252],[-87,-133],[84,-173],[-128,21],[-21,-146],[-111,18],[54,-113],[80,-26],[-73,-69]],[[58948,79626],[144,-383],[464,-311],[-44,-53],[-190,-29],[-182,-254],[-55,-190],[-57,1],[-79,152],[-171,-9]],[[57605,78450],[26,130],[-97,204],[47,12],[-152,173]],[[57327,79223],[-92,5],[-18,68],[379,177]],[[57596,79473],[762,-16],[359,165],[231,4]],[[57598,78255],[-68,51],[-41,-108],[-172,-18]],[[57269,78122],[-171,49],[4,110],[-104,73]],[[56998,78354],[-125,229]],[[56873,78583],[226,114],[498,-33],[35,-90],[-42,-88],[102,-189]],[[58330,76453],[-223,25],[-111,-47],[-66,95],[-172,54]],[[57730,77191],[76,-33]],[[58066,77228],[-3,75],[257,-19],[34,127],[303,-45],[-198,-360],[-16,-246]],[[57730,77191],[56,-171],[-28,-440]],[[57758,76580],[-205,80],[-533,-39],[-463,297],[-436,-4],[-168,255]],[[56697,77136],[399,138],[62,68],[139,3],[292,-137],[141,-17]],[[57687,77836],[69,-194],[-83,-161],[-521,115],[132,-8],[-84,171],[88,95],[-70,213],[234,-152],[176,54]],[[59539,78153],[-70,-330],[-347,-102],[-97,-153],[-68,-9]],[[58957,77559],[-81,-162],[-48,17],[-108,-70],[-301,77],[-95,-19],[-4,-118],[-184,32],[82,118],[-21,162],[-107,119],[50,163]],[[57842,78041],[-237,409]],[[57605,78450],[300,34],[28,158],[239,107],[359,46],[247,-245]],[[58778,78550],[188,-1],[157,-273],[153,4],[222,-70],[41,-57]],[[57753,77651],[-27,94],[142,122],[71,-135],[-104,-97]],[[57939,77732],[13,-50],[-117,-48],[104,98]],[[57835,77635],[9,-149],[-148,-17],[9,127],[48,55]],[[57753,77651],[82,-16]],[[58066,77228],[-70,8],[-79,-83],[-76,48],[-35,-43]],[[57806,77158],[-217,50],[-255,136],[-219,6],[-95,108],[4,23],[27,16],[84,-34],[20,129],[319,-91],[364,-17],[103,58],[68,152],[140,-44],[65,-229],[-85,-115],[-67,-5],[4,-73]],[[57986,77681],[-45,-139],[-97,-56],[-35,124],[177,71]],[[57692,78297],[150,-256]],[[57842,78041],[170,-53],[128,-110]],[[58140,77878],[-56,-126],[65,-102],[-158,21],[-114,195],[-144,-88],[-46,58]],[[57687,77836],[21,63],[-80,70]],[[57628,77969],[-177,-54],[-284,218],[102,-11]],[[57269,78122],[48,58]],[[57317,78180],[154,7],[66,121],[61,-53]],[[57598,78255],[94,42]],[[59668,78422],[-2,-16],[-13,5],[15,11]],[[59681,78381],[-7,-8],[6,8],[1,0]],[[59499,78808],[58,-62],[5,-12],[-4,-1],[7,-10],[-10,-2],[11,0],[6,-27],[-21,5],[26,-15],[-10,-57],[114,-110],[-62,-30],[62,-22],[-71,-29],[23,-55],[-79,3],[-1,-22],[26,-28],[55,-161],[-66,-33],[-213,119],[-232,17],[-84,98],[286,479],[187,26],[-13,-71]],[[59568,78685],[-1,-2],[1,1],[0,1]],[[59577,78335],[-8,0],[2,-3],[6,3]],[[59557,78743],[-6,1],[-2,-2],[8,1]],[[59531,76701],[184,-102]],[[59715,76599],[59,29],[61,-37],[-9,-210],[-131,-315]],[[59703,75960],[-155,-44],[-139,97],[-93,-67]],[[59176,76069],[-265,33],[105,66],[-60,168],[100,106]],[[59237,76513],[9,187],[138,52],[22,-75],[125,24]],[[58813,77169],[95,-40],[33,-107]],[[58941,77022],[171,29],[134,-237],[140,-27],[-142,-91],[-7,-183]],[[59237,76513],[-181,-71]],[[59056,76442],[-136,-123],[-358,138],[-232,-4]],[[58330,76453],[-6,95],[119,212]],[[58443,76760],[17,249],[197,357],[156,-197]],[[56737,76083],[58,-179]],[[56795,75904],[-57,-94],[-631,-110],[-215,25]],[[55815,76442],[258,142],[190,49],[-10,273],[304,12],[431,-276],[-59,-148],[47,-134],[-26,-114],[53,-67],[-266,-96]],[[56778,77496],[307,-223]],[[57085,77273],[-388,-137]],[[56697,77136],[-91,79],[-120,-98],[-533,52]],[[55953,77169],[167,-254],[162,-33],[-3,-227],[-464,-213]],[[55815,76442],[86,-254],[192,-89],[-201,-374]],[[55892,75725],[-104,33],[-209,-32],[-239,70],[-29,-47],[-149,-7],[-168,116],[-129,-5],[-130,74],[21,55],[-108,49],[-15,93],[-55,-22],[1,49]],[[54579,76151],[573,-18]],[[55152,76133],[-116,200],[-106,371],[-8,436],[68,64],[376,216]],[[55366,77420],[171,12],[170,-65],[111,-104],[232,-4],[272,58],[67,184],[114,86],[275,-91]],[[54155,78038],[282,-2],[169,-183],[94,-400]],[[54700,77453],[101,-157]],[[54801,77296],[1,-166],[-230,4],[-292,77],[-399,-77]],[[53407,77124],[-406,109],[-220,138],[80,254],[173,188],[92,267],[503,-59],[207,-129],[319,146]],[[53881,77134],[-55,-42]],[[53826,77092],[138,-38],[3,-70],[-212,-204],[-199,-104]],[[53556,76676],[-507,263],[173,237],[185,-52]],[[53407,77124],[171,168],[98,-17],[205,-141]],[[59316,75946],[-87,-134]],[[59132,75775],[-7,-186],[67,-124],[-52,-140],[196,-103],[0,-40],[-61,-48],[-211,18],[-156,-175],[-81,126],[138,102],[-189,383],[-73,-43],[-3,94],[-123,39],[-188,-51],[-214,15],[136,76]],[[58311,75718],[-21,148]],[[58290,75866],[339,97],[275,138],[272,-32]],[[59176,76069],[140,-123]],[[60267,76194],[-42,-136],[46,-56]],[[60271,76002],[-171,-260],[135,-201],[-109,-31],[-91,29],[-163,-62],[-100,-166],[102,-96],[-179,-44],[-251,45],[-91,131],[-50,-35],[10,-98],[-165,100],[44,151],[-65,102],[5,208]],[[59132,75775],[97,37]],[[59229,75812],[170,200],[102,-96],[202,44]],[[59703,75960],[-8,106]],[[59695,76066],[146,390],[107,-11]],[[59948,76445],[82,-128],[122,18],[-11,-38],[126,-103]],[[57076,78826],[-263,37]],[[56813,78863],[-119,63],[21,72]],[[56527,79138],[131,101],[101,-69],[218,55]],[[56977,79225],[148,-66]],[[57125,79159],[92,82],[110,-18]],[[57327,79223],[80,-101],[114,-15],[-6,-89],[-86,-49]],[[57429,78969],[117,-90],[-25,-44],[60,-39],[-47,-13],[63,-119],[-405,65],[-116,97]],[[56181,79447],[235,-8],[173,-206],[46,1],[-108,-96]],[[56527,79138],[72,-94],[116,-46]],[[56715,78998],[-19,-33]],[[56696,78965],[-110,53],[-256,-25]],[[56330,78993],[-25,65]],[[56305,79058],[-190,-41]],[[56115,79017],[-364,92]],[[55751,79109],[4,375]],[[55755,79484],[79,81],[118,53],[47,-21],[7,-106]],[[56006,79491],[114,-152],[61,108]],[[51108,76658],[352,-63]],[[51460,76595],[108,21],[145,-61]],[[51713,76555],[-254,-546]],[[51616,75265],[148,-285],[-117,-212],[13,-130],[-44,-55],[-172,-6],[-87,-50],[-151,116],[-250,71],[-154,16],[-61,-41],[-17,31],[-297,8],[-166,-61],[-200,44],[-61,-60],[-197,-32],[13,-76],[-123,279],[-217,1848]],[[49476,76670],[216,4],[211,126],[653,-146],[552,4]],[[51616,75265],[-157,744]],[[51459,76009],[408,847],[284,-245]],[[52151,76611],[112,23]],[[52263,76634],[76,-412],[157,-45]],[[52496,76177],[184,18],[68,-36]],[[52748,76159],[50,-132],[182,-6],[240,137],[195,197],[48,155],[203,49],[-41,-45],[165,-57],[-113,-518],[103,-177],[175,-72],[-866,-1355],[-76,-12],[-134,100],[8,113],[-74,-6],[-181,137],[35,104],[-79,19],[40,65],[-266,231],[-207,-38],[-105,32],[-113,-70],[-179,-25],[-142,280]],[[67817,52423],[392,179]],[[69199,51855],[622,-79],[948,-206],[212,-286]],[[70647,50191],[406,-178]],[[78336,47831],[-333,-56],[-760,1],[-996,67],[-1197,9],[-1612,-310],[-521,-135],[-794,-361],[-438,-297],[-287,-457],[-649,-414],[-709,-184],[-506,-66],[-649,-5],[-495,-123]],[[67947,45978],[-78,56],[-143,222],[-233,167],[-356,436]],[[64955,49969],[-113,31],[-287,-17]],[[64418,51590],[-84,405],[12,144]],[[43962,57370],[834,-120]],[[44382,56305],[-22,-31],[-41,-434]],[[44453,54721],[-20,-350],[-79,-64]],[[44498,51746],[5,251],[92,168],[-195,168],[-56,122],[-185,88],[14,55],[-110,33],[-229,-69],[-247,231],[-26,93],[-90,16],[-176,134],[-54,-47],[-260,57],[-18,258],[-156,176],[-342,171],[-205,28],[-226,137],[-80,-17],[-131,113],[-3,237],[-315,120],[-295,230],[71,44],[2,226],[-164,235],[-134,91],[9,98],[-258,45],[-265,249],[-189,65],[-218,185],[-122,-1],[-46,46],[-144,-61],[-391,173],[67,380]],[[41163,57300],[-6,76],[-1,76]],[[41312,58102],[268,165],[71,102],[-2,118]],[[56037,55460],[84,-119],[4,-112]],[[55579,54633],[-557,-285],[-90,204],[-74,49]],[[54633,54618],[184,219],[62,12],[-96,102],[258,92],[37,-118]],[[63859,56303],[-81,-191]],[[60672,55016],[-380,103],[-156,-33],[-294,-156],[-296,-661]],[[57335,55718],[-78,144]],[[57837,56763],[265,646],[148,88]],[[61078,58676],[441,126],[147,235],[93,52]],[[61525,58590],[67,-153],[445,-46]],[[44822,64774],[-44,-528]],[[45646,62019],[-92,107]],[[44203,62010],[-19,-49],[-75,-126]],[[42322,59967],[290,-277]],[[41659,59376],[-148,1685],[392,1008],[55,416],[340,188],[42,159],[18,149],[-197,531],[112,199],[-66,92],[-91,20],[60,203],[288,264],[277,411],[450,228],[565,-417],[84,1],[-43,-131],[270,133],[33,149],[389,259]],[[48361,68100],[296,-22],[444,142],[810,-263]],[[50159,67293],[2,-177],[-388,-366]],[[50892,66115],[234,-61],[-69,-106],[178,-24],[93,-120]],[[51686,64959],[19,-261],[-73,13],[3,-98]],[[51392,64486],[-2,-38],[-41,-4],[-12,57]],[[50223,63927],[-127,-24],[-417,-183],[-189,1],[-93,-76],[-150,44]],[[49140,63868],[-111,-20],[-82,87],[13,69]],[[49701,65536],[72,-52],[96,18],[-86,106]],[[49507,65658],[-26,204],[53,52],[-29,58]],[[49080,67450],[-41,45],[-69,19]],[[48484,67156],[-157,79]],[[48071,67777],[-249,182],[-27,119]],[[67102,55587],[406,-239]],[[67739,55230],[8,51]],[[68868,54589],[19,-430]],[[68193,52728],[1,-148],[-377,-157]],[[67817,52423],[-92,0],[-24,97],[-114,4],[-209,-86],[-228,-318],[-193,-109],[-46,-85],[-615,522],[-707,227],[-329,195],[-199,9],[-581,-523],[-134,-217]],[[64346,52139],[72,-549]],[[64418,51590],[-52,-317],[29,-933],[160,-357]],[[64555,49983],[-304,-79]],[[63240,49202],[-1097,-158],[-249,6],[-341,112]],[[58936,51648],[-140,75]],[[60414,53746],[-261,275],[-27,51],[240,173],[-120,-9]],[[60198,54562],[-86,106],[-203,98],[-67,164],[377,188],[453,-102]],[[60672,55016],[111,58],[516,62],[395,-107],[240,-17],[409,215],[356,258],[228,89],[315,48],[163,298],[373,192]],[[63778,56112],[205,341],[701,46],[785,480],[355,63],[437,-71],[156,27],[159,-91],[16,-464],[86,-213]],[[49516,51701],[154,86]],[[50148,51867],[94,-27],[-7,-303]],[[45666,54119],[290,-27],[56,27],[12,101],[270,-5]],[[46792,54352],[185,-307]],[[48202,52906],[-4,-170],[180,-248]],[[47877,51975],[-71,-473],[36,-127]],[[47070,49757],[-20,-673],[-286,33],[-261,95],[-248,10],[-333,-166],[-360,-78],[-50,144],[51,325],[-605,355],[0,202],[-440,586],[37,307],[-148,336],[37,99],[-60,325],[114,89]],[[44498,51746],[89,-53],[91,70],[229,40],[86,220],[159,-47],[71,91],[-87,159],[80,612],[-61,136],[-337,239],[-493,-42],[119,180],[79,14],[19,83],[-293,273],[-116,233],[53,63],[18,267],[150,23]],[[44354,54307],[94,118],[171,-138]],[[54857,52422],[332,-110],[18,-164]],[[55513,52231],[126,-88],[46,-62]],[[55657,51921],[-306,-117],[-81,-150],[82,-173]],[[55029,51407],[-53,-56],[-23,-126]],[[55371,50704],[38,-120],[-56,-125],[85,-31],[159,85],[135,-14]],[[60573,47233],[8,-163]],[[58375,43826],[-262,-61],[-178,44],[-53,-44],[-172,-4],[-620,165],[-117,150],[-52,-76],[-178,47],[-126,-23],[-134,142],[-65,-17],[13,-59],[-139,-44],[-93,44],[-39,-72],[-840,48],[-231,-27],[-397,326],[-2549,1419],[-420,187],[-285,226],[-678,235],[-426,-13]],[[50834,47964],[109,376],[190,243],[551,-24]],[[54359,50777],[-206,144],[-133,-51],[-69,50]],[[53999,52119],[8,141],[314,337],[202,-133],[214,75]],[[58931,74475],[-13,-82],[293,-302],[-122,-305]],[[59478,72956],[-27,-179],[-214,-260],[21,-53],[-100,-187],[-197,83]],[[58222,71507],[-39,-78],[-131,96]],[[57155,71694],[5,391],[-192,242]],[[56968,72327],[5,80],[-158,264]],[[56362,73711],[-32,170],[108,45],[-84,138],[26,73]],[[56212,74758],[-79,220],[10,55],[52,-50],[122,22],[109,-37],[265,96],[72,-15],[295,91],[308,-6],[183,93],[191,16],[109,88],[127,28],[165,260],[193,12],[148,-67],[256,-6],[129,-130],[-24,-134],[-77,-74],[129,-252],[-45,-88],[41,-49],[-26,-129],[-62,-40],[65,-5],[-37,-92]],[[52266,53306],[-157,-283],[-53,-240],[-87,-48]],[[51796,52796],[-507,-216],[-51,215]],[[51085,52898],[-300,-89],[-311,117]],[[50239,52898],[11,200],[436,715]],[[50855,54383],[583,59]],[[52424,54738],[98,-94],[-26,-122],[411,-236],[112,42],[95,-37],[-286,-214],[-2,-119],[-122,-245],[38,-262]],[[68448,60841],[-188,99],[-123,0]],[[67429,60891],[-130,-57],[-22,51],[69,422]],[[69344,61545],[-261,-179],[-210,-11]],[[80427,57888],[4657,-1312],[3239,79],[-6799,-6024]],[[77108,54650],[-407,998],[492,-106],[808,-80]],[[78536,55752],[1298,895],[359,460]],[[54195,65884],[300,-123]],[[56282,65313],[167,-406],[-49,-173],[71,-145]],[[56340,63391],[-47,-2],[-76,-334]],[[54830,62262],[-374,-82],[-9,-76],[-125,36]],[[54062,61968],[-390,-87],[-279,164]],[[52650,62481],[-121,-9],[-59,-107],[-73,7],[-120,157],[-227,60],[-101,79],[-77,148],[95,194],[-368,82]],[[51460,63175],[301,129]],[[70664,61549],[564,-203],[126,86],[98,-70],[54,-139]],[[70075,60404],[-17,-99],[109,-204],[173,-163]],[[71119,58983],[-113,-372],[22,-89],[226,-235],[-22,-496]],[[70791,57660],[-225,-526],[-170,-143],[-119,85],[-166,275]],[[68021,57195],[-74,-345],[-47,-677]],[[68051,55974],[-312,-744]],[[67739,55230],[-74,3],[-23,98],[-134,17]],[[67508,55348],[-116,95],[-187,61],[-38,71],[-65,12]],[[67102,55587],[3,80],[-80,29],[-6,87],[-194,106],[0,242],[-147,99]],[[66678,56230],[-92,244],[134,163]],[[66399,57218],[-208,280],[-156,100],[-165,18],[-155,158],[-5,662]],[[65422,58691],[-15,63],[419,677],[47,310]],[[65532,60862],[94,51]],[[66988,60960],[39,-98],[163,-41],[239,70]],[[67429,60891],[474,-54],[234,103]],[[68137,60940],[166,-11],[145,-88]],[[68448,60841],[263,237],[-93,166],[255,111]],[[68873,61355],[196,-5],[275,195]],[[69344,61545],[537,4],[557,159]],[[69109,60520],[-59,63],[-221,-63]],[[60569,59745],[174,62],[47,65],[306,10],[69,-202]],[[61263,59494],[294,-26],[55,-95],[-137,-301],[189,-62],[-88,-150],[-130,-99],[-368,-85]],[[61078,58676],[-233,-158],[-338,-79],[-227,-247],[-289,-96],[-262,-267],[-258,-30],[-117,-89],[-246,-28],[-136,-314],[-120,-90],[-90,-14],[-170,249],[-194,-57],[-148,41]],[[58250,57497],[-88,-43],[-102,-108],[-223,-583]],[[57837,56763],[-429,-403],[-303,-176],[-101,-149],[253,-173]],[[57257,55862],[80,-197]],[[56491,55670],[-345,-261],[-108,3],[65,131]],[[56347,56033],[69,153],[169,104],[116,302],[103,123]],[[56882,57436],[51,120]],[[57236,59040],[58,36],[26,-62],[58,-7]],[[57713,59303],[94,147]],[[58263,59460],[230,277],[128,82],[78,10]],[[51829,60160],[-355,-205],[-68,-130],[-8,-242],[22,-57]],[[50492,58251],[-309,-144],[-154,-24]],[[48822,59279],[-45,52],[-100,10]],[[48516,59425],[-145,118]],[[48441,61916],[-109,322],[67,138],[151,115]],[[50265,63197],[-38,110],[36,65],[254,15],[135,-78],[91,21],[141,-324]],[[60980,72513],[-403,65]],[[59994,72591],[-302,123],[-48,63],[-148,-80],[-79,28],[61,231]],[[59478,72956],[-149,107],[-208,-4],[14,156],[-342,21],[25,126],[-115,131],[386,293]],[[59089,73786],[126,274],[-64,125],[-221,193],[1,97]],[[58931,74475],[-100,90]],[[58831,74565],[45,71],[-73,26],[79,115],[-24,138],[37,53],[29,-37],[154,55],[-11,71],[86,39],[3,139],[54,37],[105,-48],[-8,125],[286,-32],[65,-82],[69,30],[25,100],[-77,171],[84,211],[300,-43],[157,-182],[143,-28],[99,-107],[194,-31],[156,-167],[147,-30],[227,-163],[88,-12],[116,62]],[[72565,58994],[137,-260],[-67,-229],[-139,-5],[-40,94],[-119,67]],[[71367,58785],[-274,83],[26,115]],[[71119,58983],[-455,352],[-292,358],[-152,95],[120,150]],[[70340,59938],[-133,100],[-164,320],[32,46]],[[70075,60404],[-64,148],[350,214],[457,184],[126,174],[171,40],[192,-61],[199,120]],[[71506,61223],[-98,187],[-54,22],[-91,-86],[-183,35],[-416,168]],[[70664,61549],[-123,137],[-103,22]],[[71181,62883],[408,-336],[198,-208],[119,-216],[343,-117],[174,-150],[-6,-106],[133,-323],[427,-577],[227,-119],[48,-78],[167,-21],[264,-157],[196,-192],[411,-234],[579,-459],[-72,-70],[-259,-86],[-438,-31]],[[51085,52898],[153,-103]],[[51238,52795],[25,-194],[57,-21],[476,216]],[[51796,52796],[173,-61]],[[51969,52735],[335,161]],[[54060,52477],[-61,-358]],[[53999,52119],[144,-144],[41,-212],[-40,-162],[-210,-283],[17,-398]],[[53951,50920],[63,-69],[-381,-263]],[[53183,50334],[-260,-297],[-125,23],[-223,160]],[[51629,50035],[-118,16],[-105,-257]],[[51189,50840],[-184,71],[-224,-127]],[[50684,50637],[-212,-20],[-75,53],[-56,395]],[[50235,51537],[-27,168],[47,110],[-107,52]],[[50148,51867],[41,113],[-70,14],[-254,-125],[-128,62],[-67,-144]],[[49670,51787],[-135,-91],[-127,42],[-227,446],[953,570],[105,144]],[[50239,52898],[235,28]],[[50474,52926],[266,-111],[345,83]],[[55685,52081],[322,-40],[39,-161],[69,57],[37,-478]],[[56021,50661],[-239,-147],[-185,-1],[-211,-81],[-15,272]],[[55371,50704],[-77,19],[-103,168],[-97,47],[-141,287]],[[54953,51225],[76,182]],[[55029,51407],[132,-75],[155,80],[36,69]],[[55352,51481],[-88,140],[56,140],[86,75],[251,85]],[[55657,51921],[28,160]],[[57928,51346],[93,-35],[157,-27]],[[58352,51612],[138,241],[446,-205]],[[58936,51648],[206,-235],[42,-182],[77,-68],[-26,-129],[116,-234],[90,-113],[201,-113],[-69,-133],[27,-161],[72,-91],[157,-153],[422,38],[187,-115],[38,-85],[-171,-266],[59,-101],[538,-33],[187,-112],[155,-180],[309,-20]],[[61553,49162],[-427,-508],[-319,-623],[-234,-798]],[[60573,47233],[-175,-166],[-102,-29],[-467,184],[-301,11],[-222,151],[-59,205],[-359,71],[-186,87],[-286,407],[-263,91],[-111,143],[-95,30],[-197,-84],[-153,168],[-76,5],[-66,320],[-154,85],[-254,363],[-5,71],[150,153],[-104,259],[-269,123],[-415,-53],[-328,306],[-121,-56],[-171,109],[-52,312]],[[55732,50499],[289,162]],[[56021,50661],[-72,66],[-159,35],[-29,56],[-124,-12],[-36,45],[142,119],[214,391],[195,98]],[[56152,51459],[-24,536],[86,89]],[[56385,52140],[212,12],[298,-55],[177,-83],[106,47],[111,-26],[347,-283]],[[56894,57750],[43,-127],[-55,-187]],[[56882,57436],[220,-188],[-114,-83],[-32,-288],[-127,121],[-141,367],[-149,7],[-23,-106],[131,-154],[9,-183],[128,-114],[-31,-72],[51,-28]],[[56804,56715],[-265,-466],[-72,-35]],[[53897,56143],[-90,10],[-60,20]],[[53344,56376],[-39,510],[100,332],[-353,78],[-179,132],[73,279],[89,107],[77,19]],[[53555,57718],[130,-133],[147,42]],[[54908,57696],[189,88],[141,4],[53,-43],[197,47],[148,-28],[99,-85]],[[55857,57347],[279,128],[162,426],[165,29]],[[54546,54065],[-478,-45],[-214,48],[-162,96]],[[54858,54601],[144,-188],[20,-65],[-131,-387]],[[53747,56173],[150,-30]],[[53897,56143],[4,75],[162,-94],[51,-125],[111,-90]],[[54984,55194],[82,-122],[-221,-128],[-128,-17]],[[53302,54643],[-178,35],[-405,6],[-197,-40],[-98,112],[164,87]],[[52988,55497],[123,162],[233,717]],[[53344,56376],[451,-126],[-48,-77]],[[69109,60520],[-68,-218],[74,-200],[-43,-67],[-87,-19],[-122,98],[-165,-39],[-123,70],[-172,-12],[31,222],[198,242],[197,-77]],[[68829,60520],[171,67],[109,-67]],[[51350,63165],[110,10]],[[51460,63175],[139,-83]],[[51599,63092],[320,-52],[61,-52],[-108,-172],[154,-216],[251,-71],[141,-164],[52,0],[41,99],[139,17]],[[52650,62481],[156,-91],[287,-52],[300,-293]],[[53393,62045],[191,-92]],[[53405,61457],[-5,-364],[133,-511],[-205,-141]],[[51829,60160],[-272,294],[-83,230],[-129,89],[-335,-54],[-108,159],[-145,-27],[-230,51],[-154,-16],[-246,108],[118,402],[192,26],[188,193],[225,46],[173,100],[-60,742],[-102,349],[23,154]],[[50884,63006],[-121,319],[100,-1]],[[48371,59543],[451,-264]],[[48822,59279],[70,-167],[113,-93],[409,-624],[223,-76],[142,-114],[186,-10],[64,-112]],[[50029,58083],[129,16]],[[50460,57375],[128,-105],[96,-191],[-28,-171],[-31,-21]],[[47484,56806],[-27,34],[-321,12],[-145,-168],[259,-258],[-203,-189],[-155,-6],[-351,-160],[-153,64],[-80,185]],[[45902,56131],[-171,15],[-31,-167]],[[44941,55603],[-132,246]],[[44533,55897],[-214,-57]],[[44319,55840],[1,286],[62,179]],[[44382,56305],[169,-80],[26,175],[135,89],[203,7],[110,92],[-78,268],[-97,90],[183,82],[48,-17],[-66,129],[-219,110]],[[44796,57250],[-186,-2],[-180,80]],[[44905,58372],[160,160],[181,173]],[[45398,58678],[413,-6],[161,180]],[[46237,58650],[317,-125],[152,-5]],[[47960,59182],[87,313],[96,46],[76,-21]],[[74100,59403],[377,16],[251,71],[141,100],[92,-19],[519,-265],[4947,-1418]],[[80427,57888],[-234,-781]],[[80193,57107],[-505,-594],[-1152,-761]],[[78536,55752],[-433,-197],[-102,-93]],[[78001,55462],[-2234,295],[-489,18],[-254,-45],[-909,-306],[-517,-298]],[[73297,55013],[-287,-207],[-666,-271]],[[71560,54060],[-274,-80],[-44,-67],[-168,-5]],[[71491,55755],[-220,34],[-462,146],[-149,142]],[[70679,56384],[-191,657],[303,619]],[[70791,57660],[441,131]],[[71232,57791],[41,257],[-41,298],[-204,176],[19,268],[65,79],[255,-84]],[[71367,58785],[84,-155],[223,-208],[663,239]],[[72337,58661],[227,-176],[105,50],[34,151],[-138,308]],[[72565,58994],[45,70],[254,97],[176,130],[388,499],[267,-148],[263,-289],[142,50]],[[52190,58295],[145,-159],[280,-403],[255,-221],[30,-131],[513,-189],[-108,-306],[36,-367]],[[52809,55371],[-128,-207],[-93,-321]],[[52588,54843],[-164,-105]],[[52424,54738],[-316,-90],[-369,-239],[-301,33]],[[51438,54442],[-252,-44]],[[50768,54688],[-169,-211],[-400,217]],[[47415,56158],[182,250],[-113,398]],[[47484,56806],[152,244],[536,48],[183,113],[194,-59],[281,109],[88,-39],[126,90],[290,-213],[-61,-305],[143,-72],[310,70],[125,-19],[141,-193],[189,186],[182,10],[186,173],[76,-62]],[[50625,56887],[71,139],[-58,171],[-178,178]],[[50460,57375],[-95,529],[-207,195]],[[50158,58099],[334,152]],[[50492,58251],[289,232],[362,1],[122,51],[56,34],[139,347],[477,201]],[[52065,58825],[-299,-217],[144,-77],[104,-196],[51,-41]],[[47415,56158],[503,-269],[184,-261],[-56,-233],[410,-86],[230,-167],[419,-112],[87,-85],[370,1],[386,-134],[117,25],[134,-143]],[[50199,54694],[377,-208],[-151,-251],[-222,-150]],[[49908,53918],[-210,-192],[-147,-33],[-63,-83],[-42,-96]],[[49320,53134],[-226,-235],[-80,-702]],[[48532,52115],[-200,-33],[-273,-225]],[[47827,51570],[50,405]],[[47877,51975],[152,201],[259,92],[90,220]],[[48378,52488],[-168,210],[-8,208]],[[48202,52906],[-61,66],[35,254],[-315,683],[-200,187],[-177,-69],[34,-177],[-125,-104],[-67,106],[55,91],[-80,27],[-125,-172],[-92,29],[-206,-106],[132,202],[-70,41],[37,81]],[[46977,54045],[-206,363],[-345,80]],[[46597,56074],[295,157],[77,-26],[154,78],[128,166],[-208,138],[-35,146],[128,119],[241,-5],[120,-59],[109,-323],[-191,-307]],[[45972,58852],[-213,-193],[-361,19]],[[45398,58678],[-66,-58],[-86,85]],[[45246,58705],[-284,-274],[-57,-59]],[[44905,58372],[15,-63],[271,-144],[-1,-122],[-79,-51],[-447,5],[-142,-102],[-117,-264],[61,-215],[-36,-88]],[[44430,57328],[-468,42]],[[43962,57370],[-137,119],[-2,148],[-191,99],[-521,39],[-60,148],[-115,58],[-592,-283],[-115,38],[152,379],[-155,458],[-112,77],[-303,-164],[-162,1]],[[41649,58487],[10,889]],[[41659,59376],[966,15],[247,105],[-153,198],[-107,-4]],[[42612,59690],[-113,127]],[[43099,59816],[154,136],[120,-9]],[[44292,60448],[444,-165],[222,-227],[30,-149],[79,-74]],[[48677,59341],[-161,84]],[[48516,59425],[158,26],[90,-43],[-87,-67]],[[45565,63650],[59,-126],[52,-363]],[[48501,62630],[245,67]],[[49372,63651],[118,70],[252,-17],[30,-47]],[[49972,63393],[191,-138],[79,3],[23,-61]],[[50265,63197],[-276,-106],[-121,14],[4,43],[-72,17],[-132,-129],[-237,17],[-256,-241],[-330,-140],[-43,-99],[-252,-82]],[[48550,62491],[-216,-224],[107,-351]],[[48441,61916],[-81,9],[28,-128],[-105,-98],[181,-75],[111,-170],[30,-209],[105,-127],[234,-43],[268,-215],[68,88],[205,49],[112,-54],[69,-187],[-134,-142],[30,-76],[-369,-29],[-139,-52],[-50,-97],[-79,-12],[-69,121],[-74,-121],[-117,-13],[-13,101],[66,42],[-96,22],[-37,-188],[106,-50],[9,-122],[-84,-205],[-144,-149],[78,-96],[209,-89],[-69,-28],[-166,38],[-58,-68],[-95,0]],[[48371,59543],[-77,170],[-112,-50],[72,-86],[-35,-57]],[[48219,59520],[-150,7],[-47,117],[20,148]],[[45730,61965],[-84,54]],[[45646,62019],[82,98],[-62,293],[-103,5],[-177,102],[-201,514],[89,132],[-115,336],[-214,9],[-185,215],[-97,10],[57,121],[-137,9],[195,383]],[[44778,64246],[47,376],[-3,152]],[[44822,64774],[-333,149]],[[44489,64923],[-87,167],[148,641],[-53,94]],[[51186,54398],[-331,-15]],[[50855,54383],[-49,-229],[-112,-185],[-8,-156]],[[50686,53813],[-361,-536],[-152,-492],[-992,-601],[-167,13]],[[49014,52197],[81,486],[-18,182],[243,269]],[[49320,53134],[127,-8],[91,70],[-92,318]],[[49446,53514],[28,72],[77,107],[109,8],[248,217]],[[49908,53918],[32,191],[263,-24]],[[50203,54085],[193,128],[372,475]],[[50768,54688],[129,11],[258,-198],[31,-103]],[[77108,54650],[310,-407],[5,-121],[479,-559],[234,-198],[67,-148],[428,-466],[72,-167],[55,-396],[115,-271],[-17,-170],[134,-166],[2534,-950]],[[81524,50631],[-936,-823]],[[75839,50543],[-1212,547]],[[74056,52176],[-131,286],[-131,85],[-457,587],[-420,343]],[[72748,53748],[-47,249],[92,545],[-61,150],[370,161],[195,160]],[[73297,55013],[301,113]],[[73598,55126],[353,221],[605,245],[722,183],[757,-43],[663,-113],[72,-88],[338,-881]],[[54717,54927],[66,24],[95,-83],[-245,-250]],[[54633,54618],[225,-17]],[[54858,54601],[-234,-304],[-251,-11],[-47,61],[-634,-183]],[[53692,54164],[-518,85],[-116,73],[-151,-36],[-429,265],[76,104],[518,24],[230,-36]],[[53302,54643],[-33,-144],[167,123],[207,-105],[488,595],[91,-4],[235,-177],[80,44],[180,-48]],[[67137,46859],[274,-338],[315,-265],[221,-278]],[[67947,45978],[342,-76],[100,-78],[1,-324]],[[68390,45500],[-148,-59],[-294,-273],[-88,-50],[-1165,-84],[-1151,55],[-145,-38],[-389,185],[-406,349],[-546,370],[-1319,-505],[-655,-186],[-1111,-493],[-307,-560],[-639,-545],[-128,-220],[-94,8],[-76,152],[-991,62],[-363,158]],[[58375,43826],[648,255],[726,981],[-72,214],[171,362],[36,196],[156,176],[541,1060]],[[60581,47070],[65,516],[161,445],[437,811],[309,320]],[[61553,49162],[217,-92],[259,-33],[1211,165]],[[63240,49202],[338,342],[157,30],[50,76],[466,254]],[[64251,49904],[506,103],[198,-38]],[[64955,49969],[110,-110],[148,-17],[216,-430],[350,-376],[71,-210],[23,-327],[310,-431],[195,-92],[177,-210],[582,-907]],[[45808,54416],[-130,-122],[156,-188],[-29,-16],[-139,29]],[[45666,54119],[-104,-33],[-221,64],[-101,-110],[-305,7],[-104,65],[-100,170],[-112,5]],[[44619,54287],[-145,78],[-21,356]],[[44453,54721],[-63,83],[-135,33],[38,161],[-76,152],[-221,152],[158,67],[63,149],[340,49],[22,267],[-46,63]],[[44533,55897],[276,-48]],[[44809,55849],[130,-287]],[[44962,55126],[204,-57],[428,58]],[[48071,67777],[40,-131],[171,-96],[45,-315]],[[48327,67235],[89,-58],[68,-21]],[[48484,67156],[142,124],[83,2],[261,232]],[[48970,67514],[110,-64]],[[49080,67450],[-31,-220],[52,-21],[-51,-88],[54,-174],[90,7],[234,-329],[-118,-99],[2,-127],[345,127],[71,-184],[104,-65],[-99,-103],[74,-17],[1,-78],[-209,-38],[-94,-69]],[[49505,65972],[2,-314]],[[49507,65658],[119,-51],[157,1]],[[49783,65608],[36,-70],[60,-8],[-78,-50],[-100,56]],[[49701,65536],[-120,-126],[-227,-107],[-16,-88],[-215,-182],[-152,-214],[4,-101],[-95,-67],[10,-169],[87,7],[104,119],[120,-9],[-11,-78],[-190,-157],[-22,-71],[44,-49],[-144,-164],[82,-76]],[[48960,64004],[42,-143],[138,7]],[[49140,63868],[107,-179]],[[49247,63689],[125,-38]],[[49372,63651],[-42,-291],[-257,-241],[-31,-153],[-175,-72],[-121,-197]],[[48746,62697],[-103,-55],[-142,-12]],[[48501,62630],[-423,84],[-135,-50],[-79,65],[-288,-253],[-50,-158],[-266,30],[-79,98],[-155,4],[2,-191],[-200,-72],[-150,48],[-119,233],[-85,59],[-247,52],[-53,130],[-344,51],[-155,100],[-57,257],[58,44]],[[45676,63161],[-16,191],[-95,298]],[[45565,63650],[-320,240],[-177,49],[-7,92],[64,39],[18,103],[-66,81],[107,176],[-16,206],[106,290],[-98,47],[-54,174],[65,371],[-52,59],[-144,31],[-133,183],[-261,79],[-100,-45]],[[44497,65825],[-199,85],[332,407],[182,390],[-5,355],[-101,257],[172,227],[539,343]],[[47329,67582],[85,38],[89,131]],[[47712,67851],[-4,130],[103,53],[102,-166],[158,-91]],[[70679,56384],[-19,-307]],[[70660,56077],[86,-99],[464,-173],[281,-50]],[[71491,55755],[593,31],[-428,-823],[-152,-187],[-32,-130],[-185,-195],[-169,-314],[-44,-229]],[[71074,53908],[-253,-29]],[[68883,54312],[-15,277]],[[68868,54589],[-1023,343],[-98,349]],[[67747,55281],[304,693]],[[68051,55974],[-151,199]],[[67900,56173],[121,1022]],[[68021,57195],[266,350],[-3,294],[147,195],[551,404],[102,3],[203,-284],[666,-166],[158,-640]],[[70111,57351],[215,-330],[104,-29],[58,49],[76,-165],[115,-492]],[[49840,72221],[146,-204],[423,-34]],[[53054,71992],[403,136],[193,168]],[[53872,72636],[55,121],[27,-131]],[[56920,72464],[48,-137]],[[56786,72121],[158,-56],[123,-7]],[[57122,72111],[38,-26],[27,-262],[-27,-48],[-144,-6]],[[55981,70992],[-136,-34],[-21,-155]],[[56295,69817],[-167,-159],[-214,-78]],[[55562,69206],[-548,-265]],[[53859,68686],[-8,-58],[-69,-59],[-135,-4]],[[53473,68426],[-160,23],[-123,270],[-265,217],[-179,-71],[-143,8],[-36,-59],[-112,58],[-90,-24],[-92,-184],[-112,-28],[-80,43],[-87,-21],[11,-33],[-88,6],[-72,205],[-57,1],[-266,-156],[-98,-158],[-78,-401],[27,-247],[-93,-93],[-97,14],[-104,-103]],[[50854,67615],[-48,-157],[75,-100],[-108,-28],[-193,-178],[-246,27],[-199,-127],[24,241]],[[50159,67293],[-96,-28],[-174,195],[60,72],[-47,198],[82,7],[-11,72],[74,10],[-19,56],[-117,82]],[[49911,67957],[-831,264],[-523,-146],[-196,25]],[[48361,68100],[-217,115],[-25,-79],[-324,-58]],[[47795,68078],[16,-44],[-110,-71],[11,-112]],[[47712,67851],[-209,-100]],[[47503,67751],[-49,-103],[-125,-66]],[[47329,67582],[-65,32],[-463,-35],[-17,-93],[-287,-75],[-202,-141],[-147,52],[-174,-19],[-196,67],[-129,119],[-101,14],[-39,244],[-92,142]],[[45417,67889],[62,17],[91,216],[126,23],[-26,124],[232,341],[125,33],[-26,112],[735,1057],[122,13],[52,166],[248,-21],[819,168],[172,5],[143,-100],[166,2],[80,535],[-94,172],[14,84],[408,1155],[349,513],[236,641]],[[49561,73025],[-20,-96],[90,-81],[73,-232],[97,-37]],[[61153,63905],[-47,-63],[119,-120]],[[61360,63308],[-149,-15],[-57,-70],[73,-60]],[[61145,62694],[257,-93],[-208,5]],[[61410,61652],[61,-69],[-184,-7],[-313,68],[-78,-87]],[[60823,59874],[-254,-129]],[[60569,59745],[19,-518],[-50,-241],[-240,-37],[-152,-76],[-186,89],[-35,-141],[-172,-154],[-174,107],[-106,179],[-134,-67],[-4,-173],[-54,-29],[-123,75],[-131,-84],[-81,84],[34,103],[-94,154],[72,18],[-94,55],[11,77],[83,96],[-23,115],[100,104],[29,155],[203,26],[-114,248],[-249,-38]],[[58904,59872],[-118,109],[-88,102]],[[59589,60612],[-15,111],[-182,64]],[[59175,60992],[158,117],[32,182]],[[59312,61487],[-87,-1],[8,75]],[[58683,61448],[-96,9],[-55,149]],[[57841,61569],[-103,-50],[-280,212],[-103,281],[20,244],[-416,136]],[[57540,63383],[422,-91]],[[58649,62884],[100,-81],[87,23],[152,94]],[[60276,64464],[122,-4],[32,-125],[299,118]],[[57540,63383],[51,-238],[-86,-150],[-5,-183],[63,-125],[-443,-191],[-217,0],[56,-104]],[[56959,62392],[357,-94],[72,-58],[-33,-228],[128,-325],[272,-173],[86,55]],[[57841,61569],[86,-49],[-28,80],[76,64],[53,-43],[345,49],[18,-79],[141,15]],[[58532,61606],[20,-136],[131,-22]],[[58683,61448],[0,99],[149,-76],[135,132],[66,-17],[35,41],[76,-69],[89,3]],[[59233,61561],[-25,-61],[104,-13]],[[59312,61487],[-61,-221],[114,25]],[[59365,61291],[10,-43],[-96,-200],[-104,-56]],[[59175,60992],[-57,26],[-63,-125],[52,-69],[181,17],[32,-77],[72,23]],[[59392,60787],[187,-85],[10,-90]],[[59589,60612],[-107,-64],[-87,59],[-129,-66],[-106,33],[-63,-41],[-71,-145],[-71,25],[6,-103],[62,-31],[-63,-95],[-109,141],[-189,-65],[121,-123],[-85,-54]],[[58698,60083],[206,-211]],[[58904,59872],[-121,-95],[-84,52]],[[58699,59829],[-143,-37],[-293,-332]],[[58263,59460],[-96,-233],[-360,223]],[[57807,59450],[-74,-74],[7,135],[-97,207]],[[57356,59706],[-88,59],[-239,-58]],[[57078,59980],[-289,-2],[-322,130],[-45,134],[116,204],[47,229],[155,135],[-21,54]],[[56538,60962],[-93,137],[-242,105]],[[55729,61386],[-199,38],[-210,-9],[-212,-115]],[[54820,61865],[-207,124],[-159,176],[376,97]],[[54830,62262],[149,145],[104,-8],[42,85],[67,-35],[303,194],[41,-41],[145,2],[89,52],[62,140],[89,-45],[105,11],[95,79],[-21,137],[117,77]],[[56217,63055],[20,124],[42,5],[14,205],[934,47],[313,-53]],[[56968,72327],[154,-216]],[[57122,72111],[-55,-53]],[[57067,72058],[-281,63]],[[56786,72121],[-23,115],[110,86],[95,5]],[[56975,72354],[-17,-2],[9,16],[8,-14]],[[56920,72464],[-162,-116],[-81,44],[-95,-65],[-342,-68],[22,73],[104,-2],[-5,64],[155,55],[39,70],[-258,6],[-42,44],[-39,-31],[-44,79],[-116,-129],[-51,40],[-169,-45],[-45,36],[-27,-138],[-139,-48],[-104,47],[-159,-62],[-92,38],[-96,-62],[-82,99],[-208,-112],[-197,97],[-328,-155],[-127,81],[-167,-35],[-27,161],[-55,4],[-80,120],[51,72]],[[53954,72626],[-25,271]],[[52651,74761],[-59,15],[21,66],[-141,156],[285,185],[402,-98],[412,166],[179,343],[60,54],[108,-35],[28,299],[172,202],[145,-15],[219,130],[103,-43],[12,-82],[45,18],[22,-99],[89,-36],[-8,-70],[75,-57],[172,-29],[162,-112],[162,62],[217,-40],[44,-175],[146,-83],[120,-221],[262,-126],[107,-378]],[[56212,74758],[254,-171],[27,-78],[103,-26],[-104,-26],[128,-66],[-106,-122],[11,-74],[-145,-58]],[[56380,74137],[-21,-101],[79,-110],[-109,-72],[33,-143]],[[56362,73711],[204,-175],[18,-72],[-239,-306],[118,-257],[238,-107],[114,-123]],[[56815,72671],[134,-213],[18,-90],[-47,96]],[[60634,68947],[213,41],[10,-221]],[[61337,67117],[83,47]],[[61491,67062],[-60,-95]],[[57138,66412],[-74,-11]],[[57060,66663],[48,89],[-281,235],[-12,241],[-111,136],[-134,61],[35,137]],[[56524,67635],[190,297]],[[56186,68732],[47,158],[65,45],[134,-52]],[[56946,68846],[228,66],[225,-77]],[[58368,68436],[56,-26],[99,28],[163,185],[265,401],[93,-98]],[[59600,69009],[227,4],[110,-203],[199,58]],[[41312,58102],[136,-123],[-108,-145],[62,-118],[-65,-26],[-14,-105],[-79,-22],[-88,-111]],[[41156,57452],[7,-152]],[[41163,57300],[170,-15],[-2,-161],[-250,-11],[-111,37],[-37,113],[-156,88],[-115,-348],[-241,107],[-568,-120],[-220,284],[30,129],[-138,43],[-133,-86],[-42,-186],[107,-159],[-50,-296],[85,-190],[-141,-35],[-73,-123],[51,-109],[99,12]],[[39428,56274],[-24,-316],[-54,-80],[-100,29],[-376,-129],[-85,113],[-438,142],[-191,-47],[-69,60],[-129,-36],[-164,264],[41,26],[-39,148],[115,97],[0,88],[139,57],[28,144],[111,-35],[5,126],[223,48],[-68,204],[124,112],[-92,59],[-18,119],[84,6],[-10,100],[77,26],[6,38],[-78,-12],[-15,83],[12,77],[81,3],[2,70],[57,-28],[137,86],[71,-46],[62,65],[275,-102],[347,135],[216,-7],[47,-60],[73,-3],[76,64],[203,-80],[48,-176],[129,-44],[135,16],[229,175],[125,16],[71,127],[161,49],[233,-31],[91,88]],[[61887,62552],[-469,17],[-41,72],[-232,53]],[[61145,62694],[60,111],[-35,159],[56,53],[-51,105],[52,41]],[[61227,63163],[-62,23],[1,83],[194,39]],[[61360,63308],[-129,68],[-6,346]],[[61225,63722],[-38,81],[-76,22],[42,80]],[[61153,63905],[-129,27],[-28,166],[-139,96],[143,108],[-132,-1],[-139,152]],[[60729,64453],[-212,-59],[-45,-64],[-62,22],[-8,128],[68,52],[-77,101]],[[60360,64764],[-47,117],[17,29],[160,-66],[198,54],[36,-42]],[[60859,64922],[62,-142],[136,39]],[[61248,64890],[45,-66],[-88,-117]],[[61501,65201],[-195,319]],[[61085,65987],[-159,96],[138,83],[200,41]],[[61664,66441],[-5,-260],[364,-280]],[[57356,59706],[287,12]],[[57643,59718],[101,-241],[-31,-174]],[[57713,59303],[-140,4],[81,-57],[-36,-130],[-144,21],[-6,-112],[-90,-22]],[[57378,59007],[-176,86]],[[57195,59205],[-352,204],[68,33],[-25,71],[50,0],[63,180],[313,59],[44,-46]],[[54359,50777],[218,-13],[173,-476],[233,-127],[-46,-162],[-227,-111],[-218,-31],[-45,-65],[56,-408],[-170,-357],[15,-300],[-163,-30],[-143,97],[-459,112],[-93,-23],[-58,-96],[-887,-317],[-507,164],[-354,-75]],[[51684,48559],[-368,37]],[[51411,49041],[107,203],[-50,193]],[[51347,49509],[-8,124],[154,409],[136,-7]],[[51629,50035],[102,69],[381,-4],[144,93],[202,-36],[117,63]],[[52575,50220],[320,-192],[288,306]],[[53183,50334],[322,111],[128,143]],[[53633,50588],[466,330],[260,-141]],[[56467,56214],[-120,-181]],[[56347,56033],[-161,-103],[-110,-223],[27,-164]],[[56103,55543],[-66,-83]],[[56037,55460],[-188,43],[-280,-104],[-53,50],[-103,-214],[0,-128],[-72,-4],[-22,-84],[-89,-11],[-62,-95],[-90,12]],[[55078,54925],[-9,175],[-85,94]],[[54984,55194],[108,311],[-213,31],[-85,220],[-187,11],[-126,-92],[-202,35],[-54,199]],[[54225,55909],[242,125],[-55,134],[169,62],[96,-134],[113,75],[134,212],[176,102],[149,286],[294,133],[25,-228],[394,80],[80,-152],[124,-45],[-28,-93],[329,-252]],[[72748,53748],[169,-271]],[[72917,53477],[504,-429],[373,-501],[171,-141],[91,-230]],[[74056,52176],[172,-238],[136,-84],[202,-374],[61,-390]],[[74627,51090],[95,-67],[1117,-480]],[[75839,50543],[582,-41],[764,-193],[2956,-221],[447,-280]],[[80588,49808],[-2252,-1977]],[[78336,47831],[-419,325],[-383,403],[-381,270],[-981,418],[-380,354],[-1018,298],[-174,176],[-396,271],[-189,26],[-329,-285],[-645,-210],[-829,49],[-186,-74],[-279,13],[-694,148]],[[71053,50013],[-382,138],[-24,40]],[[70647,50191],[939,957],[-317,42],[-288,94]],[[70981,51284],[-280,316],[-1502,255]],[[69199,51855],[-147,160],[-333,189],[-182,243],[-328,155]],[[68209,52602],[-16,126]],[[68193,52728],[190,307],[70,395],[292,345],[-17,127],[159,257]],[[68887,54159],[-4,153]],[[68883,54312],[247,20],[655,-266],[552,-130],[484,-57]],[[70821,53879],[305,16],[434,165]],[[71560,54060],[784,475]],[[72344,54535],[388,157],[62,-194],[-89,-563],[43,-187]],[[46308,56320],[114,-216],[175,-30]],[[46597,56074],[19,-237],[-78,-57],[78,-104],[-132,-137],[49,-321],[-214,-79],[-48,-125],[-71,-41],[36,-84],[-62,-363],[64,-51],[188,13]],[[46426,54488],[324,-74],[42,-62]],[[46792,54352],[-498,-137]],[[46294,54215],[-210,20],[-83,-26],[11,-90],[-178,-13],[-157,164],[131,146]],[[45808,54416],[-91,23],[98,146],[59,304],[-280,238]],[[45594,55127],[-338,-21],[-68,-46],[-226,66]],[[44962,55126],[53,95],[114,60],[-19,235],[-171,46]],[[44939,55562],[2,41]],[[44941,55603],[325,18],[35,148],[399,210]],[[45700,55979],[4,128],[54,62],[144,-38]],[[45902,56131],[95,147],[154,-21],[157,63]],[[56655,54116],[158,-44],[53,-44]],[[58388,52384],[104,-508],[-27,-130],[-113,-134]],[[58352,51612],[155,-267],[-329,-61]],[[58178,51284],[-250,62]],[[57928,51346],[-292,406]],[[57636,51752],[-392,310],[-172,-48],[-418,128],[-269,-2]],[[56385,52140],[-171,-56]],[[56214,52084],[-168,-204],[-64,172],[-297,29]],[[55685,52081],[-172,150]],[[55513,52231],[-306,-83]],[[55207,52148],[-53,191],[-84,-18],[-80,76],[-133,25]],[[54857,52422],[-120,117]],[[54737,52539],[-159,-77],[-170,73],[-24,130]],[[55120,53680],[218,110]],[[55839,54226],[121,-100],[218,-8],[72,-78],[139,-34],[139,9]],[[71181,62883],[-275,-180],[-297,-114],[150,-340],[-98,-284],[-143,-116],[-80,-141]],[[70438,61708],[-453,-140],[-517,-39],[-124,16]],[[69344,61545],[-300,183],[-128,1],[-93,-29],[-523,-444],[-532,187],[-219,-124],[-117,37],[-86,-49]],[[67346,61307],[-47,-473],[-217,-2],[-94,128]],[[66988,60960],[-344,-45],[-168,-121],[-616,131],[-234,-12]],[[65626,60913],[-317,-213]],[[64865,60507],[-473,-137],[-208,5]],[[64573,60644],[-127,125],[-161,43],[-503,-55]],[[65079,64300],[482,439]],[[67242,65112],[173,76],[457,-111],[230,14],[897,123],[563,12],[589,180],[413,40],[198,-40],[312,-185],[309,-49],[-496,-555],[-303,-495],[30,-252],[236,-494],[331,-493]],[[56186,68732],[62,-57],[69,-234],[55,-39],[94,20],[145,-110],[117,-27],[115,-135],[-26,-158],[-103,-60]],[[56714,67932],[-182,-244],[-8,-53]],[[56524,67635],[81,-73]],[[56605,67562],[-45,-114],[255,-220],[-3,-215],[296,-289],[-48,-61]],[[57060,66663],[4,-262]],[[57064,66401],[-186,-106]],[[56259,65423],[23,-110]],[[56282,65313],[-117,129],[-168,3],[-309,188],[-336,-25],[-143,63],[-278,-12],[-206,52],[-60,72],[-170,-22]],[[54495,65761],[-229,64],[-152,110],[-152,32],[-326,271],[-231,354]],[[52742,67305],[159,283],[18,-28],[122,50],[-53,161],[143,55],[101,159],[156,350],[-60,105],[94,22],[51,-36]],[[53473,68426],[-18,70],[99,-13],[93,82]],[[53647,68565],[113,-3],[88,52],[11,72]],[[53859,68686],[-69,0],[-172,132],[-65,-8],[17,36],[-53,22],[-29,65],[133,124],[120,-42],[152,105],[85,-62],[-4,-100],[82,-46],[-7,-162],[240,156],[256,-203],[-22,127],[-64,51],[32,64],[47,6],[-4,-45],[72,40],[47,-32],[240,115],[23,-78],[98,-10]],[[55014,68941],[92,74],[133,20],[323,171]],[[55562,69206],[352,374]],[[55914,69580],[171,71],[68,-367]],[[56307,69112],[12,-94],[-133,-286]],[[49516,51701],[-162,-194],[-66,-212],[264,115],[164,-22],[148,99],[371,50]],[[50235,51537],[174,-174],[-26,-97],[-148,-121],[106,-80]],[[50341,51065],[80,-422],[263,-6]],[[50684,50637],[97,147]],[[50781,50784],[242,127],[166,-71]],[[51189,50840],[147,-265],[-31,-566],[101,-215]],[[51406,49794],[-49,-62],[-10,-223]],[[51347,49509],[121,-72]],[[51468,49437],[43,-234],[-100,-162]],[[51411,49041],[-95,-445]],[[51316,48596],[-183,-13],[-226,-343],[-73,-276]],[[50834,47964],[-20,-695],[-88,-77],[-616,5],[117,-305],[-79,-69],[186,-404]],[[50334,46419],[-2241,29],[-283,178],[-605,630],[72,1017],[170,223],[-121,240],[126,155],[-104,84],[-298,109],[-16,497],[36,176]],[[47070,49757],[161,157],[169,32],[314,-46],[58,43],[46,225],[-53,224],[83,261],[-34,84],[99,72],[-77,216],[19,85],[-148,144],[135,121]],[[47842,51375],[-15,195]],[[47827,51570],[194,97],[38,190]],[[48059,51857],[314,246],[159,12]],[[48532,52115],[193,-112],[289,194]],[[49014,52197],[85,3],[105,-45],[21,-129],[180,-216],[3,-72],[108,-37]],[[57195,59205],[7,-112]],[[57202,59093],[71,-48],[-37,-5]],[[57236,59040],[-67,-292],[40,-295],[-104,-78],[40,-126],[107,-44],[2,-406],[-249,-233],[-72,-10]],[[56933,57556],[-39,194]],[[56894,57750],[-127,104],[-88,-14],[-51,54],[-165,36]],[[56463,57930],[-198,-65],[-158,-418],[-250,-100]],[[55857,57347],[-137,131],[15,201]],[[55735,57679],[-152,105],[-292,-39],[-138,47],[-245,-96]],[[54908,57696],[-130,41],[-135,-88],[-203,54],[-220,-122],[-158,-11],[-230,57]],[[53832,57627],[-105,-51],[-172,142]],[[53555,57718],[-183,-84],[-121,171],[-139,28]],[[54316,58920],[294,-225],[125,-27],[116,103],[210,-18],[118,54],[-58,195],[-119,64]],[[55004,59127],[97,39],[164,16],[307,118]],[[56331,59093],[389,366],[135,65],[56,-82],[-56,-56],[113,-24],[227,-157]],[[61431,66967],[-14,-81],[228,-315],[19,-130]],[[61664,66441],[-159,-45],[-241,-189]],[[61264,66207],[-339,-109],[160,-111]],[[61085,65987],[-4,-113],[93,22],[46,-106],[140,-54],[16,-75],[-70,-141]],[[61306,65520],[123,-223]],[[61066,64895],[-47,-31],[38,-45]],[[61057,64819],[-167,-28],[-31,131]],[[60859,64922],[-135,-66]],[[60724,64856],[-65,42],[-169,-54],[-177,53],[47,-133]],[[60360,64764],[173,-109],[-15,-37],[-63,47],[-62,-32]],[[60393,64633],[57,-50],[1,-86],[-175,-33]],[[60276,64464],[-425,-284],[-112,107],[-59,-31],[-31,-300],[80,-166],[-98,-110],[-111,-272],[-113,-115],[-254,-137],[-165,-236]],[[58988,62920],[-190,-115],[-149,79]],[[58649,62884],[241,329],[-81,15],[-63,-75],[-46,8],[-181,153],[-136,-42],[-139,155],[-124,-25],[-158,-110]],[[57962,63292],[-274,79],[-396,26],[-115,56],[-837,-62]],[[56340,63391],[-14,337],[-80,296],[41,129],[104,103],[9,238],[71,95]],[[56471,64589],[-72,163],[60,114],[-200,557]],[[56259,65423],[168,202],[200,132],[-20,105],[187,206],[84,227]],[[56878,66295],[260,117]],[[57138,66412],[251,-143],[157,45],[143,-28],[35,-78],[72,-5],[145,130],[202,12],[170,100],[628,162],[169,295],[520,10],[132,184],[126,52],[7,94],[131,-37],[38,-498],[252,-58],[6,-94],[426,34],[316,165],[159,139],[208,74]],[[59994,72591],[120,73],[85,-120],[170,151],[208,-117]],[[60577,72578],[-85,-273]],[[61187,70638],[178,-291],[-302,-104],[-211,-178]],[[60868,69102],[-45,-96],[-189,-59]],[[60634,68947],[-10,47],[-427,-35],[-61,-91]],[[60136,68868],[-141,-57],[-98,26],[-70,176],[-51,18],[-176,-22]],[[59600,69009],[-121,-82],[-435,-1]],[[59044,68926],[-134,138],[-72,449]],[[58186,71327],[36,180]],[[58222,71507],[171,109],[-14,116],[-80,49],[-96,-13],[68,96],[-119,152],[-16,240],[75,-31],[155,101],[265,-29],[330,63]],[[58961,72360],[172,-90],[208,397],[76,58],[142,-4],[67,57],[368,-187]],[[61429,65297],[72,-96]],[[61501,65201],[180,-97],[-110,-57],[34,-91],[215,-107],[-411,-108],[-115,26],[-89,-60]],[[61205,64707],[92,138],[-49,45]],[[61248,64890],[-182,5]],[[61066,64895],[18,172],[-96,47],[240,97],[51,47],[-56,53],[53,42],[153,-56]],[[57155,71694],[233,-43],[211,-108],[299,80],[14,-73],[140,-25]],[[58052,71525],[153,-137],[-19,-61]],[[58186,71327],[-197,-101],[73,-274],[180,-36],[99,-90],[200,-10],[394,-118],[69,-167],[94,29],[11,-41],[-110,-75],[100,-41],[-12,-53],[-121,-63],[43,-238],[-359,-128],[188,-408]],[[58838,69513],[53,-424],[60,-65],[-451,-603],[-132,15]],[[58368,68436],[-17,141],[-267,-16],[-24,216],[-444,91],[-217,-33]],[[57399,68835],[-178,74],[-275,-63]],[[56946,68846],[-356,70],[-158,-33]],[[56432,68883],[-116,32],[-9,197]],[[56307,69112],[-154,172]],[[56153,69284],[-58,306],[54,115],[146,112]],[[56295,69817],[-93,183],[46,198],[-441,61],[67,213],[-60,63],[42,134],[135,-34],[10,100],[-86,74],[-91,-6]],[[55824,70803],[13,138],[144,51]],[[55981,70992],[-11,131],[78,-7],[56,-66],[139,23],[-36,46],[39,77],[163,58],[13,144],[149,114],[-12,178],[353,10],[104,69]],[[57016,71769],[165,23],[-26,-98]],[[59546,54269],[278,636],[133,-185],[96,-11],[145,-147]],[[60198,54562],[48,-326]],[[60246,54236],[124,-9],[-244,-155],[288,-326]],[[60414,53746],[113,-59],[138,-263],[-450,-266],[-43,-181],[-312,-201],[-76,83],[-54,-29],[15,-108],[-225,-122],[-43,-123],[-134,10],[-93,-48],[-128,-278],[7,-125],[-192,-92],[-10,-77],[-131,-144]],[[58796,51723],[-306,130],[-102,531]],[[58388,52384],[-163,138],[37,112],[-337,-23],[-61,27],[26,96],[-50,34],[-327,55],[-67,82],[-255,-7],[-124,118],[-236,85],[14,117],[250,137],[-65,278],[66,97],[-13,62],[-111,-22],[11,123],[-148,51],[31,84]],[[56866,54028],[-117,82],[-94,6]],[[56655,54116],[-127,-101]],[[56528,54015],[-223,-2],[-127,105],[-141,-16],[-198,124]],[[55839,54226],[-68,-8],[-284,-406],[-149,-22]],[[55338,53790],[-160,-100],[-99,10],[-179,179],[77,434],[602,320]],[[55579,54633],[48,212],[133,96],[29,136],[336,152]],[[56125,55229],[-27,157],[130,113],[263,171]],[[56491,55670],[249,-25],[295,64],[302,-44]],[[57337,55665],[-2,53]],[[57335,55718],[241,58],[66,-123],[71,7],[-64,-140],[36,-50],[-58,-57],[49,-21],[-132,-281],[120,-73],[64,-177],[-40,-94],[80,-15],[16,-66],[178,-22],[531,131],[217,-95],[46,-128],[211,-20],[164,-86],[261,-273],[154,76]],[[52742,67305],[36,-40],[194,26],[26,-113],[137,-119],[-98,-69],[15,-85],[85,-51],[-96,-185],[364,-77]],[[53405,66592],[351,-482],[206,-143],[233,-83]],[[54195,65884],[-102,-32],[-28,-176],[-72,-41],[-714,-84],[-117,71],[-92,-88],[112,-98],[29,-195],[216,-23],[184,56],[89,97],[38,-40],[121,40],[-41,-115],[-113,-83],[-67,-418],[82,-214],[181,-33],[24,-52],[-451,-117],[16,-47],[-208,-275],[-92,53],[-46,-150],[-309,-183],[-496,-77],[-115,-218],[14,-64],[-101,-111],[-376,37]],[[51761,63304],[-411,-139]],[[51350,63165],[-113,83],[-277,-3],[-97,79]],[[50863,63324],[-211,-15],[-152,92],[-237,-29],[-21,-114],[-57,-10],[-213,145]],[[49972,63393],[-223,1],[-64,99],[87,164]],[[49772,63657],[-53,93],[255,124],[249,53]],[[50223,63927],[150,-92],[53,14],[26,149],[118,11],[156,125],[-32,102],[113,48],[203,-27],[53,154],[85,-47],[30,69],[45,-27],[114,95]],[[51337,64501],[37,-60],[18,45]],[[51392,64486],[134,36],[-3,70],[112,21]],[[51635,64613],[-25,73],[95,12],[21,84],[-50,36],[10,141]],[[51686,64959],[-103,96],[156,32],[7,37],[-90,110],[6,70],[-60,-57],[-56,121],[46,118],[-44,51],[23,124],[-118,84],[-131,-10],[6,69]],[[51328,65804],[-112,131],[-144,-1],[36,133],[-216,48]],[[50892,66115],[-259,243],[-223,90],[-311,-83],[36,116],[-483,92],[82,59],[39,118]],[[49773,66750],[544,424],[242,-28],[214,184],[90,7],[24,59],[-82,76],[49,143]],[[50854,67615],[225,78]],[[51079,67693],[124,111],[201,-69],[59,-129],[174,-115],[43,34],[-31,66],[80,46],[-30,-63],[63,-69],[332,79],[198,-87],[63,-65],[-32,-112],[184,-122],[-144,-19],[-70,-102],[56,5],[123,-111],[94,-5],[38,-109],[74,10],[35,293],[56,76],[-27,69]],[[65532,60862],[292,-665],[-175,-198],[224,-258]],[[65873,59741],[-22,-233],[-431,-696],[2,-121]],[[65422,58691],[288,-255]],[[65710,58436],[35,-347],[-52,-248],[55,-123],[122,-102],[241,-54],[288,-344]],[[66399,57218],[285,-235],[59,-131],[-23,-215]],[[66720,56637],[-131,-143],[9,336],[-82,134],[-692,78],[-441,-101],[-699,-442],[-517,-10],[-184,-36],[-124,-150]],[[63859,56303],[-519,-22],[-342,166],[-73,76],[16,107],[-163,108],[-57,262],[80,136],[-7,147],[-251,395],[-38,669],[-54,24],[-176,-119],[-192,-57],[-46,196]],[[62037,58391],[-388,28],[-89,54],[-35,117]],[[61525,58590],[146,145],[88,354]],[[61759,59089],[254,293]],[[62544,59927],[334,428],[247,203],[543,84],[131,124],[553,44],[221,-166]],[[64573,60644],[-123,-44],[-346,-8],[80,-217]],[[64184,60375],[107,-18],[574,150]],[[64865,60507],[143,97],[301,96]],[[65309,60700],[223,162]],[[54820,61865],[75,-249],[213,-316]],[[55108,61300],[296,131],[325,-45]],[[55729,61386],[260,-165],[214,-17]],[[56203,61204],[188,-76],[147,-166]],[[56538,60962],[181,-98]],[[56719,60864],[-9,-103],[-125,-86],[-156,-496],[38,-71],[227,-102],[384,-26]],[[57078,59980],[-119,-150],[70,-123]],[[57029,59707],[-93,-194],[-160,-10],[-445,-410]],[[56331,59093],[-95,63],[-178,-113],[-486,257]],[[55572,59300],[-568,-173]],[[55004,59127],[-2,-61]],[[55002,59066],[159,-132],[18,-127],[-52,-38],[-276,2],[-90,-90],[-105,-4],[-340,243]],[[54316,58920],[-229,-39],[-220,-139],[-423,-160],[-98,-138],[-125,-373],[-107,-139],[-2,-99]],[[53112,57833],[-123,-58],[-119,-263],[-47,8],[-633,775]],[[52190,58295],[-125,-1]],[[52065,58294],[-155,237],[-127,41],[9,82],[273,171]],[[52065,58825],[-52,245],[-76,47]],[[51937,59117],[-33,104],[-484,305]],[[51420,59526],[-14,299],[122,191],[301,144]],[[51829,60160],[211,-65],[149,-148],[173,-14],[569,417],[397,91]],[[53328,60441],[158,88],[50,81],[-142,539],[11,308]],[[53405,61457],[96,200],[-7,194],[90,102]],[[53584,61953],[88,-72],[143,11],[19,44],[228,32]],[[54062,61968],[260,172]],[[54322,62140],[102,-36],[41,32],[355,-271]],[[54467,62150],[-18,-1],[5,16],[13,-15]],[[45554,62126],[176,-161]],[[45730,61965],[48,-152],[188,-80],[-138,-56],[-35,-133],[143,-16],[195,-124],[288,74],[84,-88],[253,-87],[-20,-234],[214,-191],[183,-38],[42,-95],[-92,-106],[22,-228],[137,-43],[211,47],[173,-26],[130,-191],[278,-45],[74,-327],[-66,-34]],[[48042,59792],[8,-390],[-93,-124],[3,-96]],[[47960,59182],[-152,-28],[-280,-258],[84,-234],[-126,-57],[-36,-78],[-307,27],[-126,98],[-82,1],[-229,-133]],[[46706,58520],[-92,-8],[-377,138]],[[46237,58650],[-186,188],[-79,14]],[[45972,58852],[25,273],[-293,141],[-115,238],[-179,-14],[13,120],[-343,78],[-13,145]],[[45067,59833],[-228,373],[-163,105],[-384,137]],[[44292,60448],[-28,89],[-221,-358],[-342,-164],[-187,3],[-141,-75]],[[43373,59943],[-198,-20],[-76,-107]],[[43099,59816],[-219,89],[-381,-88]],[[42499,59817],[-177,150]],[[42322,59967],[333,134],[91,431],[-49,238],[206,-3],[-48,190],[83,77],[85,254],[125,2],[158,-122],[348,-122],[162,23],[94,220],[-50,304],[120,192],[129,50]],[[44109,61835],[94,175]],[[44203,62010],[-104,59],[71,17],[56,136],[130,-64],[153,181],[90,-4],[16,-190],[98,-32],[109,12],[25,82],[241,-6],[207,-66],[33,-92],[226,83]],[[52651,74761],[-23,-105],[182,-136],[59,4],[11,-111],[109,-96],[90,-14],[-36,-35],[33,-129],[162,-63],[51,-115],[112,-60],[-43,-70],[66,-159],[76,-13],[109,-158],[156,0],[122,-112],[9,-79],[114,-56],[22,-150],[-103,-207]],[[53929,72897],[25,-88],[-82,-173]],[[53872,72636],[-154,-141],[-68,-199]],[[53650,72296],[-211,-176],[-385,-128]],[[53054,71992],[-261,-35],[-83,57],[-68,-47],[-103,6],[-147,-179],[-139,-35],[-102,29],[-154,-113],[-159,121],[-268,40],[-147,119],[-391,67],[-319,205],[-195,-201],[-109,-43]],[[50409,71983],[-439,41],[-130,197]],[[49840,72221],[27,90],[91,59],[-123,99],[-34,110]],[[49801,72579],[-119,41],[22,60],[-73,168],[-97,101],[27,76]],[[49561,73025],[-110,120]],[[49451,73145],[162,223],[-123,356],[263,651],[8,150],[64,29],[-31,46],[257,88],[193,-33],[205,62],[289,-31],[105,32],[358,-88],[163,-105],[258,60],[29,206],[106,178],[315,100],[289,-17],[252,-210],[-32,-48],[70,-33]],[[54546,54065],[128,-134],[217,30]],[[54891,53961],[40,-122],[189,-159]],[[55120,53680],[-31,-264],[-233,-523],[-323,-275],[-149,47]],[[54384,52665],[4,-83],[-139,-24],[-192,-206],[3,125]],[[54060,52477],[-178,32],[-185,159],[-295,-35],[-176,78],[-111,-68],[-238,147],[-573,106]],[[52304,52896],[-209,-87],[-30,91],[201,406]],[[52266,53306],[120,56],[231,-4],[125,93]],[[52742,53451],[-34,290],[175,406],[231,144],[60,-42],[446,-57],[415,-168],[141,31],[122,-34],[93,57],[58,-43],[97,30]],[[53341,56519],[-28,-279],[-173,-525],[-152,-218]],[[52988,55497],[-179,-126]],[[52809,55371],[-149,339],[13,414],[107,262],[-158,124],[7,89],[334,69],[164,-181],[214,32]],[[67242,65112],[-1518,-20],[-93,-104],[-70,-249]],[[65561,64739],[-181,-157]],[[64850,65471],[-345,200],[-336,110]],[[63351,65550],[-165,200]],[[62023,65901],[-237,220],[-106,25],[-35,425],[-231,354],[77,137]],[[61491,67062],[-71,102]],[[61420,67164],[188,225]],[[63711,69926],[-91,45],[-82,155],[16,662],[278,133]],[[67805,71181],[298,-287],[262,-401],[1029,-1141],[-424,-601],[-471,-489],[-370,-556],[-385,-308],[-212,-274],[-96,-367],[-49,-1596],[-145,-49]],[[67805,71181],[50,-703],[-315,-125],[-673,-143],[-735,-89],[-642,-12],[-192,34],[-218,127],[49,307],[-49,358],[-1248,-14]],[[63832,70921],[-292,-142],[-101,130],[-229,69]],[[61401,70302],[-214,336]],[[61187,70638],[-212,196],[2,165],[-261,696],[-63,65],[-160,26],[74,163],[-41,79],[55,-14],[-89,291]],[[60492,72305],[67,251],[80,23],[341,-66]],[[60980,72513],[68,573],[-104,52],[-66,158],[-2,277],[-107,78],[94,83],[101,-25],[90,133],[-141,109],[-22,298],[-238,-41],[-396,140],[149,150],[214,-4],[1,107],[-106,74],[179,79],[-25,124],[98,38],[176,-57],[329,-19],[137,61],[-23,145]],[[61386,75046],[88,21],[152,135],[565,-24],[750,-330],[696,-384],[1233,-850],[677,-530],[330,-336],[1928,-1567]],[[65380,64582],[-301,-282]],[[65079,64300],[33,-231],[-509,-1620],[99,-182],[182,-65],[-582,-454],[-333,-398],[-168,-340],[-19,-253]],[[63782,60757],[-60,-77],[-134,-62],[-363,-30],[-194,-88],[-487,-573]],[[62544,59927],[-275,-229],[-26,-222],[-230,-94]],[[62013,59382],[-300,-324],[-192,-18],[-45,74],[87,102],[37,204],[-86,70],[-251,4]],[[61263,59494],[14,76],[-112,110]],[[61165,59680],[-33,181],[-106,37],[-203,-24]],[[60823,59874],[-15,100],[203,161],[-55,123],[98,-3],[-141,129],[-186,-29],[-133,187],[141,1],[-21,74],[122,63],[194,-49],[-21,168],[-118,123],[66,129],[-32,49],[99,36],[23,97],[-151,324]],[[60896,61557],[36,71],[88,12],[814,-190]],[[61997,61479],[265,-34],[-60,391],[34,112]],[[63484,64976],[137,16],[-35,207],[-235,351]],[[63351,65550],[547,74],[271,157]],[[64169,65781],[554,-208],[127,-102]],[[64850,65471],[108,-216],[171,-100],[251,-573]],[[63711,69926],[34,-406],[86,-100],[139,-58],[-115,-379],[36,-756],[-55,-235],[-72,-75],[-309,-126],[-1486,-212],[-361,-190]],[[61608,67389],[-271,-272]],[[61337,67117],[-154,104],[-166,223],[41,364],[-36,196],[-119,227],[69,100],[-112,33],[-97,272],[26,126],[68,5]],[[60857,68767],[-34,290],[45,45]],[[60868,69102],[-54,142],[163,161],[66,-16],[-55,43],[50,34],[-61,134],[-102,53],[-88,133],[87,109],[-22,170]],[[60852,70065],[246,197],[267,85],[36,-45]],[[61401,70302],[247,-6],[754,418],[808,264]],[[63210,70978],[148,-24],[178,-121],[26,-763],[149,-144]],[[62023,65901],[599,0],[564,-151]],[[63186,65750],[335,-442],[108,-278],[-55,-59],[-90,5]],[[63484,64976],[-378,145],[-84,0],[-96,-71],[-58,-536],[145,-329],[-292,-429],[-7,-206],[100,-453],[-120,-243],[-41,-479],[-133,-184],[-284,-243]],[[62236,61948],[-29,-205],[70,-190],[-15,-108],[-75,-15],[-190,49]],[[61997,61479],[-163,-29]],[[61834,61450],[-457,97],[-27,26],[136,24],[-76,55]],[[61410,61652],[67,177],[201,111],[-41,20],[17,109],[86,93],[-155,161],[-323,7],[-84,49],[70,139],[-54,88]],[[61194,62606],[693,-54]],[[61887,62552],[87,55],[-99,239],[90,240],[27,444],[-206,981],[217,144],[46,263],[-105,-3],[-86,120],[213,251],[23,203],[63,36],[-134,376]],[[49222,36426],[39,-140],[319,-164],[-286,-375]],[[48912,34301],[-111,-84],[-189,152],[47,43]],[[47175,34333],[-174,-49],[-61,150],[42,276],[-205,88]],[[46622,35350],[-61,94],[27,162],[109,90],[-55,104],[76,244],[-66,113],[34,380],[128,147]],[[46943,36979],[-43,165],[34,186],[-67,249]],[[46947,37704],[25,199],[141,135],[76,175],[-2,217],[1063,-1391]],[[46169,31509],[224,-68],[-392,-310],[-34,-145],[-187,-87]],[[45672,30900],[-310,-171],[-535,374],[-235,47]],[[44856,31398],[-142,282]],[[45844,31809],[44,42]],[[42042,32710],[14,-10],[-18,-1],[4,11]],[[41628,33035],[48,-12],[-23,-28],[-25,40]],[[41559,33082],[-10,-23],[-5,24],[15,-1]],[[41319,33307],[15,15],[4,-5],[-19,-10]],[[41181,33340],[70,-33],[58,23],[-46,-46],[-152,14],[70,42]],[[41470,33330],[41,-5],[-4,-23],[-37,28]],[[41280,33488],[15,3],[-8,-15],[-7,12]],[[42586,33477],[79,-286],[-88,0],[-30,-63],[-27,37],[-193,-43],[30,-63],[-9,-5],[-25,13],[-1,-4],[73,-52],[64,12],[75,-127],[-310,-269],[-21,-84],[-80,17],[69,82],[-158,121],[34,69],[-63,9],[72,116],[-80,55],[-137,-8],[-11,72],[-64,9],[31,68],[-160,-54],[-187,178],[79,18],[20,60],[46,-30],[69,28],[-133,22],[95,42],[4,117],[-105,-58],[-35,40],[-85,-20],[70,-57],[-93,-34],[50,-18],[-49,-30],[-13,130],[-110,-29],[-21,37],[31,-28],[110,130],[-61,9],[-30,-86],[-47,56],[-66,-13],[163,169],[263,94]],[[43754,35304],[-330,-297],[-75,-29],[-57,38],[-32,-55]],[[43176,34963],[-10,-71],[-33,99],[-97,44]],[[42850,35001],[-39,73],[-150,-60],[-74,36],[-93,-20],[-10,76],[73,26]],[[42420,35295],[7,125],[44,104]],[[42525,35848],[-129,60],[80,77],[192,22],[261,-106],[59,80],[177,-37],[181,22]],[[43797,36147],[93,-39],[14,-112],[529,210],[178,11],[20,-148],[134,-101],[2,-95],[-136,-56]],[[46070,32635],[462,-626]],[[46532,32009],[-688,-200]],[[45844,31809],[-307,22],[-354,-224],[-211,88],[-258,-15]],[[44714,31680],[80,32]],[[44734,31817],[27,140],[-49,102],[37,228],[280,101],[137,-84],[110,15],[-23,37]],[[41020,33998],[-13,-7],[-2,1],[15,6]],[[40865,33982],[29,20],[-19,-26],[-10,6]],[[42420,35295],[137,-163]],[[42557,35132],[-76,-30],[13,-94],[-63,-4],[-93,-101],[266,-149]],[[42433,34570],[-412,13],[-44,-60],[-105,-17],[-6,-72]],[[41719,34549],[-144,-168],[-22,-309],[-128,-40],[-101,-344],[-117,-73],[-92,193],[-95,41],[-39,96],[143,61],[36,123],[-47,15],[68,194],[140,144],[51,134],[80,18],[91,109],[-60,256],[40,24],[133,-51]],[[42120,35138],[-6,-64],[53,10],[180,164],[-9,90],[-90,47],[25,56],[156,-16],[-9,-130]],[[42850,35001],[120,-43],[66,77]],[[43036,35035],[89,-37],[42,-106],[-33,-94],[216,-108],[19,-42]],[[43458,34159],[6,-95],[-304,-35],[-97,-75],[-50,134],[-157,-45]],[[42680,34313],[-201,-111],[52,230],[-98,138]],[[42433,34570],[85,150],[86,34]],[[42604,34754],[-266,150],[206,145],[116,-35],[152,59],[38,-72]],[[43916,31779],[-69,8],[8,-66],[63,4],[440,-240]],[[44592,31150],[-323,-66],[-214,281]],[[43543,31623],[-207,62],[11,204],[59,76]],[[43488,31971],[88,123],[118,-5],[400,164],[23,-205],[62,-89],[-176,16],[-100,-137]],[[53225,32200],[-120,-121],[-185,-102],[-14,112],[-159,142],[-5,252],[-397,777]],[[52345,33260],[848,-612],[263,-82],[171,-112],[-32,-112],[122,-63],[-233,-106]],[[62063,28076],[-50,944],[-238,413],[111,-50]],[[63652,31110],[904,375],[238,-63],[-1,-111],[425,-516],[1496,-1654],[4,-205]],[[43543,31623],[149,51],[363,-309]],[[44055,31365],[223,-280],[-798,-169],[-174,19],[-65,298],[58,375],[42,71],[202,-56]],[[43406,31965],[-82,-166],[-113,38],[-158,-53]],[[42242,31239],[-416,325],[528,298],[26,105]],[[42534,32065],[48,114],[228,64],[99,109],[265,26],[158,-84],[-14,-164]],[[58051,39434],[444,-371],[281,-483]],[[58983,37919],[649,-1369]],[[57234,34237],[-77,-149],[-15,-204],[141,-400],[-169,26],[-80,62]],[[57011,33531],[-154,2],[-90,71],[-193,37],[-112,-133]],[[56263,33443],[-202,66]],[[56032,33647],[-256,264]],[[53268,34631],[-88,1],[-64,-183],[-364,91],[-99,-5],[3,-31],[-90,-41],[78,94],[-15,150],[-145,250],[51,197]],[[51043,35588],[-19,196],[59,70]],[[51533,35883],[106,61],[237,-128]],[[52045,35809],[130,69],[140,-120],[234,-385],[226,-23],[118,41],[212,-77],[341,89]],[[54514,37112],[-11,206]],[[57929,39704],[89,-95]],[[51823,28287],[114,-135],[162,-5]],[[52594,27897],[716,-375],[248,-7]],[[54350,25951],[97,-56],[25,-143]],[[54327,25423],[-159,-847],[-148,44],[-379,-38],[-68,352],[-515,284],[-5131,2442]],[[49741,30387],[-155,-330]],[[50156,29962],[31,-65],[270,-169],[237,11],[256,-88],[-37,-215],[177,91],[141,-64],[-72,-189],[524,-550],[124,-17],[41,-114],[-63,-167]],[[44404,34381],[-103,-120],[-111,23],[-157,-71]],[[43865,34156],[-388,-110],[-19,113]],[[43458,34159],[-75,11],[-53,86],[-98,-27],[-12,198],[77,79],[-14,75],[86,67]],[[43369,34648],[-235,150],[42,165]],[[43176,34963],[84,-2]],[[43260,34961],[35,56],[94,-29],[78,90],[214,-17]],[[43851,35190],[88,144],[266,74],[-154,-153],[185,-119]],[[46622,35350],[-40,-130],[153,-208],[42,-214]],[[46777,34798],[212,-103],[-49,-261],[50,-129],[-170,-126],[-283,1]],[[46171,35379],[-232,323],[310,5],[-42,407],[448,49],[65,-67],[-78,-293],[55,-107],[-105,-77],[-30,-144],[60,-125]],[[46093,33718],[221,17]],[[46687,33590],[27,-72],[-85,-66],[27,-54],[-83,-56],[4,-65],[33,-40],[105,25],[94,-38],[14,-72],[-145,-291]],[[46335,32950],[-197,-52],[-191,-71],[123,-192]],[[46070,32635],[-132,-101],[-261,1],[-102,-60],[-239,10],[-83,-129]],[[45253,32356],[43,-22],[-65,-25],[-202,79],[-367,-120],[41,150],[-121,162],[-15,147]],[[44722,32845],[45,230],[133,43]],[[45466,33256],[-151,136]],[[45915,33628],[32,75],[177,65]],[[50963,30480],[-54,-94],[50,-16],[-32,-37]],[[50841,30287],[-98,-71],[-143,66]],[[50269,30085],[-99,-167],[-14,44]],[[50156,29962],[-570,95]],[[49586,30057],[73,80],[108,330],[158,180]],[[49890,31030],[-90,20],[159,171]],[[50133,31504],[120,-7],[193,-176]],[[61320,24075],[-27,-31],[-29,14],[56,17]],[[61210,24048],[12,-6],[-3,-60],[87,16],[26,-62],[-333,-653],[-84,0],[-100,80],[-114,-16],[31,114],[-17,29],[-10,9],[-11,2],[-4,-150],[31,-12],[55,2],[23,-29],[-83,5],[38,-56],[216,3],[15,-103],[-86,4],[-19,-26],[99,17],[21,-51],[-323,-703],[-70,-45],[-105,9],[-78,35],[-4,53],[-166,-4],[0,-103],[-167,28],[-100,-120]],[[59143,23475],[-789,-11],[234,721]],[[59657,24182],[769,284],[126,34],[114,-85]],[[52240,31530],[-32,-90],[-40,85]],[[51915,31781],[-36,50],[32,127],[-117,101],[2,122]],[[52345,33260],[399,-793],[3,-236],[197,-208],[-38,-279],[76,-147],[-175,-1]],[[42715,33084],[10,-8],[-13,-1],[3,9]],[[42924,33129],[5,-51],[-78,-15],[32,58],[41,8]],[[42987,33157],[24,-8],[-25,-5],[1,13]],[[42764,33176],[15,-6],[-6,-5],[-9,11]],[[43065,33190],[5,-3],[-4,-1],[-1,4]],[[42982,33190],[13,-11],[-14,2],[1,9]],[[43034,33178],[-23,11],[12,7],[11,-18]],[[43200,33219],[52,16],[-41,-34],[-11,18]],[[44118,32989],[-14,-136],[-55,-11],[-20,59],[-79,18],[-92,195],[-123,108],[-58,-2],[-38,61],[55,160],[-94,-57],[-132,30],[-145,-73],[-44,-88],[-230,33],[0,-53],[-81,-27],[-77,-75],[-76,73],[-59,-21],[-45,45],[-45,-31],[-100,253],[181,127],[233,76],[102,-17],[9,-62],[121,153]],[[43499,33618],[132,55],[83,-76],[268,166],[-85,-117],[72,-30],[610,-4],[-6,-126]],[[56504,30648],[675,-79]],[[57960,30614],[100,-1713]],[[58060,28122],[-676,-1170],[-202,-71]],[[56792,26744],[1480,-1773],[-126,59]],[[56494,25161],[-120,-26]],[[54197,28663],[-62,184],[-220,306],[-262,244]],[[54024,29696],[-244,151],[-155,295],[-304,344],[-3,91]],[[53987,30467],[94,47],[166,-59]],[[48659,34412],[-125,-66],[68,-76],[-173,-49]],[[48311,33708],[-66,-46],[-295,118]],[[47691,33892],[162,-156],[-98,-191],[-116,-89],[-128,136]],[[47130,33054],[-95,11],[-42,41],[21,131]],[[46876,33481],[-136,-15],[-53,124]],[[46687,33590],[-170,82],[-130,-3],[-73,66]],[[46314,33735],[60,206],[111,-61]],[[46537,34180],[353,19],[99,105],[186,29]],[[47175,34333],[7,100],[59,26],[258,-69],[36,86],[117,59],[18,282],[228,47],[-35,-347],[728,35],[68,-140]],[[42538,30465],[670,84],[17,-137],[265,-179]],[[43635,29715],[-1225,572]],[[59032,20332],[-53,-4],[-4,31],[57,-27]],[[59251,20319],[159,34],[17,-36],[-176,2]],[[59871,20963],[-15,-7],[19,15],[-4,-8]],[[59143,23475],[92,-98],[35,-369],[114,-30],[-42,-195],[72,-55],[63,16],[258,-186],[167,-204],[-10,-104],[95,5]],[[59987,22255],[-70,-112],[-68,42],[61,-62],[-26,-22],[66,-10],[34,61],[12,-1],[-33,-51],[42,-76],[-164,-10],[162,-36],[6,-87]],[[60233,21797],[-101,-147],[-250,-666],[-23,82],[-73,13],[44,-115],[-16,-38],[-64,34],[-70,-110],[-101,-290],[-44,-13],[-34,90],[67,-6],[45,79],[-50,79],[-125,-140],[-106,20],[92,-282],[-311,26],[48,70],[-60,6],[29,94],[67,27],[-85,40],[38,-43],[-149,-51],[-119,57],[86,-104],[-141,-36],[17,-51],[-78,-47],[53,-53],[-65,-30],[-2564,1543]],[[58249,23132],[104,332],[790,11]],[[50973,35810],[83,-96],[-13,-126]],[[51043,35588],[-184,-184],[-17,-94],[1693,-156]],[[52535,35154],[-36,-277],[130,-170],[8,-178],[-102,-94]],[[52455,34215],[-164,-60],[-134,-188],[-16,37],[-44,-17],[-15,-71],[-467,-144],[97,-136]],[[51398,33558],[-163,-63],[20,-184]],[[50512,33383],[-368,-125]],[[50074,33389],[-271,42],[0,105],[89,90],[233,21]],[[49693,33826],[-40,114],[-153,148]],[[48810,33689],[-14,169],[107,153],[-118,204],[127,86]],[[48912,34301],[29,149],[-195,130],[79,49],[-106,301],[200,382],[-56,192],[237,83],[194,160]],[[49294,35747],[284,373],[-20,-91]],[[64085,26995],[8,-11],[-2,-10],[-3,6],[1,-4],[-3,-4],[-1,-1],[0,24]],[[64123,27138],[12,-4],[-21,-1],[9,5]],[[64010,27150],[-5,-7],[2,9],[3,-2]],[[63984,27166],[11,0],[2,-5],[-13,5]],[[64000,27164],[10,4],[-1,-9],[-9,5]],[[64101,27177],[-11,-45],[-25,2],[36,43]],[[64161,27184],[-8,-5],[9,8],[-1,-3]],[[64104,27188],[-6,0],[6,5],[0,-5]],[[63994,27188],[30,14],[-2,-10],[-28,-4]],[[64132,27201],[-23,-15],[50,36],[-27,-21]],[[63945,27216],[25,4],[-1,-15],[-24,11]],[[64134,27223],[-12,-20],[-11,-4],[23,24]],[[63881,27221],[-9,2],[3,5],[6,-7]],[[63885,27229],[8,-8],[-2,-2],[-6,10]],[[64193,27229],[-4,-3],[1,5],[3,-2]],[[64045,27236],[-7,0],[5,4],[2,-4]],[[64689,27246],[-4,2],[6,0],[-2,-2]],[[64450,27247],[74,-138],[-171,-15],[-163,-89],[16,150],[244,92]],[[64227,27259],[-8,-20],[-22,-6],[30,26]],[[64181,27284],[18,-6],[-26,-1],[8,7]],[[64578,27301],[12,-4],[0,-2],[-12,6]],[[64616,27314],[7,-11],[-1,-2],[-12,7],[6,6]],[[64759,27317],[27,-19],[-28,13],[1,6]],[[64723,27320],[57,-102],[-132,-157],[-119,-7],[29,75],[-3,-34],[18,38],[96,-25],[27,52],[-124,-4],[-86,162],[122,-42],[-23,-52],[22,-14],[28,88],[64,-30],[-43,-28],[22,-21],[51,24],[-6,77]],[[64959,27506],[61,8],[-6,-19],[-55,11]],[[64741,27547],[39,-9],[-46,-17],[7,26]],[[64880,27553],[30,0],[-8,-9],[-22,9]],[[64812,27698],[-10,-22],[-6,7],[-6,-2],[22,17]],[[65267,27695],[4,-30],[65,-31],[-86,10],[17,51]],[[65197,27810],[-13,-5],[1,8],[12,-3]],[[65109,27800],[258,-59],[-41,-63],[-98,52],[-71,-35],[24,-134],[-53,-4],[-48,11],[38,2],[10,66],[-97,-47],[46,-1],[-96,-13],[27,95],[-159,-67],[13,-46],[-149,70],[76,54],[44,-61],[3,57],[126,36],[49,-42],[48,3],[-40,42],[90,84]],[[65172,27818],[-5,-10],[-2,9],[7,1]],[[64717,27835],[-15,-25],[7,32],[8,-7]],[[65631,27844],[-6,-2],[6,5],[0,-3]],[[65641,27852],[-6,-1],[7,4],[-1,-3]],[[65656,27856],[-3,0],[3,2],[0,-2]],[[65651,27859],[6,8],[3,-2],[-9,-6]],[[65693,27874],[-2,0],[1,1],[1,-1]],[[64964,27884],[-12,-9],[10,12],[2,-3]],[[65025,27921],[-6,0],[6,1],[0,-1]],[[65059,27922],[-9,-1],[12,4],[-3,-3]],[[65493,27946],[3,-6],[-1,-1],[-2,7]],[[65506,27924],[30,5],[7,-18],[-37,13]],[[65379,27973],[20,13],[-10,-12],[-10,-1]],[[65433,27998],[-26,-11],[10,16],[16,-5]],[[65342,28030],[25,-30],[-64,4],[39,26]],[[65434,28027],[19,-18],[-9,0],[-10,18]],[[65853,28048],[-169,-175],[-21,-6],[81,101],[109,80]],[[65663,28078],[16,-16],[-23,13],[7,3]],[[65632,28079],[12,-8],[-19,8],[7,0]],[[65636,28085],[9,-7],[-15,7],[6,0]],[[65321,28073],[93,-16],[-106,-7],[13,23]],[[65623,28087],[-4,-8],[-6,10],[10,-2]],[[65754,28110],[6,-21],[-7,-11],[1,32]],[[65722,28111],[-14,-6],[-2,7],[16,-1]],[[65434,28105],[17,-10],[-4,-4],[-13,14]],[[65524,28166],[0,-14],[-7,2],[7,12]],[[65607,28171],[0,-13],[-7,18],[7,-5]],[[65960,28174],[21,-10],[-61,-48],[40,58]],[[65531,28182],[11,-9],[-14,2],[3,7]],[[65637,28182],[-5,3],[12,0],[-7,-3]],[[65972,28203],[20,-7],[-33,-6],[13,13]],[[65582,28205],[-6,-16],[-8,5],[3,5],[11,6]],[[65534,28192],[-18,3],[13,10],[5,-13]],[[66042,28218],[-49,-39],[42,47],[7,-8]],[[65610,28221],[-23,3],[25,6],[-2,-9]],[[66104,28280],[-25,-19],[20,23],[5,-4]],[[66129,28287],[54,71],[110,77],[-16,-36],[-148,-112]],[[66362,28494],[-20,-23],[13,28],[7,-5]],[[66550,28680],[-26,-34],[-40,-30],[11,35],[55,29]],[[66537,28695],[1,-17],[-8,19],[7,-2]],[[66718,28936],[-583,-579],[-81,-1],[78,-23],[-162,-128],[-94,-114],[-2,-24],[-46,14],[-75,-76],[20,85],[-14,42],[-142,-30],[50,114],[-43,-27],[-8,51],[-59,-25],[-3,51],[-335,-232],[-47,33],[-134,-52],[-13,-91],[-26,20],[-77,-107],[-70,-18],[-11,55],[-52,-23],[-33,58],[43,165],[-37,35],[97,111],[125,52],[-18,74],[-87,-83],[-49,22],[-38,-74],[-41,15],[35,-47],[-101,-66],[34,-113],[-76,-122],[46,-105],[-52,-36],[-13,76],[-82,58],[60,62],[-107,71],[-91,-11],[-10,103],[-39,-57],[-72,116],[3,-83],[-234,75],[142,-119],[194,-78],[-133,-23],[-16,-21],[250,20],[-11,-103],[-43,44],[-53,-32],[74,-53],[-46,20],[-99,-45],[60,-20],[52,42],[-25,-33],[72,9],[-8,-40],[58,-16],[51,-374],[-136,49],[8,39],[-21,8],[-48,-39],[48,-37],[-78,6],[67,-30],[-67,-29],[57,-1],[-166,-34],[46,36],[-149,-2],[-49,-84],[-23,66],[-60,-44],[-39,82],[-4,-60],[-59,82],[-5,-31],[-74,78],[-24,-14],[102,-103],[-89,-41],[82,-32],[33,32],[80,-146],[-112,101],[-121,-50],[57,-59],[177,-23],[21,-95],[58,-29],[-77,-100],[46,4],[74,156],[98,-82],[-4,-57],[-182,-176],[-355,-44]],[[62157,27855],[2317,921],[2244,160]],[[44184,35427],[-287,-121],[-46,-116]],[[43851,35190],[-91,-10],[-79,-119]],[[43681,35061],[-181,15],[254,228]],[[43754,35304],[157,66],[-25,55],[97,55],[87,158],[174,14],[56,45],[13,115],[160,43],[158,-38]],[[44631,35817],[134,55],[0,96],[-123,85],[-50,107],[38,94],[106,11],[153,-72],[44,25],[37,-182]],[[54035,31354],[130,13],[-92,-252],[110,-99]],[[54163,30926],[78,-30],[-74,-57],[-4,-152],[-176,-220]],[[53987,30467],[-204,126],[-465,-16]],[[53318,30577],[8,-127],[299,-308],[155,-294],[244,-152]],[[54024,29696],[51,-152],[-160,-116],[-262,-31]],[[53653,29397],[196,-195],[-114,-120],[-59,71]],[[53475,29144],[-149,103]],[[53169,29287],[-99,-3],[-122,65],[-172,-47],[-187,36],[-151,-118]],[[52047,28619],[-222,-22],[-24,118],[-118,9],[-521,546],[69,193],[-118,64],[-184,-88],[-36,23],[41,181],[240,-85],[-188,230]],[[51565,30016],[83,30],[-37,62],[212,67]],[[52388,31050],[-317,199]],[[52179,31291],[28,167]],[[52919,31133],[140,-69],[88,96]],[[53550,31266],[115,176],[155,11],[47,-122]],[[53169,29287],[73,-81],[84,41]],[[53326,29247],[65,-40],[84,-63]],[[53475,29144],[62,-168],[74,62],[2,107],[63,8]],[[53676,29153],[57,-71],[91,113],[91,-42],[246,-368],[36,-122]],[[54197,28663],[-58,-69],[181,-173],[-19,-55],[49,-14],[14,-113],[44,-3],[-32,-86],[157,-332],[33,-335],[188,57],[94,-64],[93,-265],[119,-67],[22,-83],[316,-121],[38,-126],[171,-67],[537,-1046],[-48,-64],[32,-111],[245,-313],[1,-78]],[[56374,25135],[-140,-19]],[[54597,25701],[-105,26],[-61,199],[-81,25]],[[54350,25951],[-174,279],[-857,838],[249,69],[18,166],[161,120],[-189,92]],[[53558,27515],[-254,10],[-710,372]],[[52594,27897],[-343,81],[-49,103],[-103,66]],[[52099,28147],[-150,1],[-66,51],[-60,88]],[[51823,28287],[32,84],[-70,55]],[[51785,28426],[61,163],[201,30]],[[52047,28619],[83,99],[117,-92],[75,43],[-47,99],[83,51],[206,-14],[136,47],[-262,368]],[[52438,29220],[159,120],[176,-39],[187,42],[209,-56]],[[61388,24065],[-23,-4],[25,8],[-2,-4]],[[61350,24118],[-18,-24],[6,30],[12,-6]],[[62058,25169],[2,-2],[-5,1],[3,1]],[[62033,25180],[-23,27],[4,6],[19,-33]],[[61985,25208],[-15,-10],[7,24],[8,-14]],[[62011,25388],[-25,-76],[8,-58],[-6,-11],[-11,59],[34,86]],[[62015,25470],[-3,-36],[1,37],[2,-1]],[[62054,25587],[-10,-8],[8,12],[2,-4]],[[62064,25631],[-7,0],[4,4],[3,-4]],[[62048,25641],[-4,-3],[2,6],[2,-3]],[[62016,25708],[11,-15],[-1,-12],[-10,27]],[[62004,25711],[10,-14],[-4,0],[-6,14]],[[61981,25714],[18,-1],[-5,-16],[-13,17]],[[62022,25722],[-3,-4],[1,5],[2,-1]],[[62033,25753],[-3,-20],[-9,2],[12,18]],[[62037,25774],[-3,-13],[-4,0],[7,13]],[[62061,25782],[-6,-5],[7,13],[-1,-8]],[[62056,25804],[8,1],[-8,-4],[0,3]],[[62069,25832],[1,-2],[2,-7],[-7,-8],[4,17]],[[62029,25828],[28,-8],[-31,-6],[3,14]],[[62089,25834],[5,0],[-31,-41],[26,41]],[[62014,25842],[-7,6],[7,3],[0,-9]],[[62011,25863],[9,-10],[-10,1],[1,9]],[[62008,25871],[-6,-4],[4,5],[2,-1]],[[62017,25894],[-4,-1],[3,3],[1,-2]],[[61210,24048],[-432,216],[-104,2],[-8,149]],[[60666,24415],[-106,85],[-903,-318]],[[59657,24182],[16,59],[-1085,-56]],[[58588,24185],[213,713],[2268,2175],[977,-1164],[7,-34],[-25,-30],[13,53],[-38,11],[-32,-44],[58,-81],[-27,-26],[-11,31],[-30,-102],[87,-72],[-59,-185],[-26,45],[-42,-94],[91,30],[-23,-60],[-49,1],[4,-32],[34,19],[-30,-171],[76,6],[-74,-47],[45,-32],[-44,-16],[16,-68],[99,103],[186,24],[-235,-170],[10,-71],[-63,-51],[24,-132],[-137,-179],[32,-171],[-68,-117],[-470,-262],[-3,38],[89,33],[-50,90],[47,53],[-157,-52],[17,-35],[-78,-64]],[[61555,42956],[-834,304],[-4,1009],[269,500],[1107,508],[1802,592],[139,84],[271,-94],[123,-93],[79,-172],[174,-42],[274,-184],[217,-200],[5,-58],[305,-143],[148,70],[291,-54],[230,69],[88,-48],[269,55],[51,-37],[112,86],[66,-47],[233,49],[134,-74],[137,98],[122,-28],[-4,-32],[141,27],[17,-71],[126,-39],[259,104],[-1970,-2368],[-1135,-943],[-5,-1855],[-199,6]],[[50696,31652],[248,-111],[291,-63],[357,-34]],[[51619,31499],[335,45],[9,-43],[247,-59],[-31,-151]],[[52179,31291],[-108,-42]],[[52071,31249],[125,-70]],[[50421,31656],[-104,36],[7,95]],[[46943,36979],[-129,-295]],[[46814,36684],[-100,-75],[-16,-294],[-43,-152],[-63,-15],[-92,21],[-293,-55],[-5,89]],[[45967,36380],[-256,24],[-6,162]],[[45364,36765],[-302,358],[582,-230]],[[46679,37414],[218,53],[46,-488]],[[56967,41252],[962,-1548]],[[57929,39704],[-1942,-964],[-148,-531],[-1336,-891]],[[54503,37318],[18,347]],[[50293,40882],[-47,580],[64,43],[-32,388],[-133,86],[-448,-5],[-24,62],[-229,131],[-185,195],[35,24],[-91,257],[-166,178],[-89,-9],[-55,208],[-244,197],[129,34],[17,97],[-180,457],[44,391],[132,52],[-28,58],[107,121],[-16,54],[-76,10],[-94,352],[-155,155],[110,74],[17,289],[101,185],[-17,111],[-116,61],[52,214],[-120,155],[106,137],[-7,174],[-116,-28],[-29,77],[1206,-18],[248,35],[127,-32],[613,26],[610,-218],[41,37],[326,-255],[2997,-1618],[326,-256],[844,-842],[99,-50]],[[54423,31901],[-101,-62],[21,-177],[55,-61]],[[54292,31381],[-257,-27]],[[54035,31354],[-12,35],[-54,-55],[-102,-3]],[[53867,31331],[-48,124],[-109,0],[-100,-43],[-60,-146]],[[53550,31266],[-120,20],[-139,-112],[-144,-14]],[[53147,31160],[-90,-95],[-11,39],[-127,29]],[[52919,31133],[-12,52],[-202,40],[-5,33],[-111,-21],[-180,42],[-72,120],[-130,59]],[[52207,31458],[33,72]],[[52240,31530],[132,15],[108,-69],[327,120]],[[52807,31596],[173,-1],[-62,63],[-18,162],[54,107],[-39,47],[310,226]],[[53225,32200],[259,-27]],[[53484,32173],[131,39],[21,56],[81,11],[-122,62],[24,78],[335,-13],[205,125],[96,159],[50,8],[6,-138],[155,-111],[-181,-292]],[[53718,33997],[174,-32],[33,-129]],[[54199,33763],[134,-89],[-132,-336],[-200,-131],[-109,31],[-114,-118],[-251,-50]],[[52347,33259],[-581,317],[-166,178],[386,112],[104,56],[18,70],[49,-25],[127,182],[171,66]],[[52455,34215],[80,220]],[[52535,34435],[118,100],[463,-86],[73,182]],[[55776,33911],[84,-43],[24,-106],[148,-115]],[[56032,33647],[29,-138]],[[56061,33509],[57,-23]],[[55974,33439],[-127,72],[-74,-14],[-123,123],[-139,9]],[[55424,33727],[-355,121],[-109,-78]],[[54834,33760],[-115,109],[-113,13],[-71,-43],[-31,37],[-171,-202],[-55,21],[-79,68]],[[54199,33763],[-274,73]],[[53925,33836],[-45,138],[-162,23]],[[53718,33997],[-529,634]],[[53189,34631],[79,0]],[[53268,34631],[78,80],[-19,132],[-55,37],[14,187],[812,235],[796,305],[387,-970],[65,-21],[1,-273],[339,-191],[37,-137],[70,-49],[-17,-55]],[[53527,33070],[249,49],[157,114],[73,-30],[-7,-96],[227,-279]],[[54320,32794],[7,-77],[-316,-284],[-282,-30],[-193,76],[-80,87],[-283,89],[-826,604]],[[52347,33259],[647,-95],[260,11],[273,-105]],[[42538,30465],[-128,-178]],[[42410,30287],[-936,452],[57,21],[-31,57],[-171,-66],[-33,65],[143,17],[-2,68],[191,-98],[-45,92],[49,15],[2,142],[162,167],[-4,42],[-115,-7],[-5,47],[-210,100],[46,54],[253,32],[99,59],[158,-167],[107,-25],[117,-115]],[[42242,31239],[182,12],[89,118],[227,-151],[18,98],[96,61],[-57,43],[177,138],[79,226]],[[43053,31784],[181,48],[90,-33],[17,-120],[-100,-446],[101,-307],[-175,-141],[131,-303],[-21,-93],[-52,23],[-26,141],[-297,-13],[-113,-66],[-251,-9]],[[60233,21797],[-56,27],[38,67],[-97,93],[-44,-84],[-65,-9]],[[60009,21891],[55,41],[-3,118],[128,5],[26,41],[19,-111],[30,38],[76,-28],[-107,-198]],[[60145,22295],[-8,-3],[1,7],[7,-4]],[[60144,22299],[130,44],[19,-94],[-149,50]],[[60118,22349],[-61,-89],[143,4],[34,-111],[105,-17],[-15,-30],[42,-75],[-62,-18],[-56,51],[7,78],[-215,-36],[-64,71],[9,125],[102,73],[31,-26]],[[60226,22434],[189,16],[35,-70],[-52,1],[-7,-4],[-1,-7],[247,-27],[-231,-287],[-72,59],[14,23],[-24,28],[17,1],[-1,13],[-46,-11],[5,201],[-54,-4],[-19,68]],[[57841,40566],[-25,-339],[74,-456],[-923,1481]],[[56967,41252],[-992,1871],[-28,133]],[[55947,43256],[-826,774],[199,31],[864,-48],[256,69],[-5,81],[68,-6],[121,-133],[124,16],[181,-53],[64,90],[103,-153],[644,-170],[183,10],[30,42],[171,-58],[32,55],[94,-16],[97,50],[362,-178],[370,-7],[77,72]],[[43829,36237],[34,-96],[-66,6]],[[43797,36147],[-331,-170],[-111,66],[-9,-77]],[[43346,35966],[-393,7],[-24,-72],[-357,106],[-24,51],[125,86],[24,117],[94,107],[72,359],[76,113],[173,-3],[36,143],[117,-140],[142,-54]],[[51710,31842],[167,27],[38,-88]],[[51915,31781],[71,6],[40,-71],[81,65],[112,-247],[-51,-9]],[[52168,31525],[35,-82],[-240,58],[-22,47],[-322,-49]],[[51619,31499],[-27,-55]],[[51592,31444],[-623,89],[-273,119]],[[50696,31652],[-50,-68],[-322,203]],[[50324,31787],[-7,223],[114,54],[208,1]],[[55974,33439],[144,47]],[[57470,31529],[490,-915]],[[57960,30614],[-397,-70],[-138,48],[-246,-23]],[[57179,30569],[-161,50],[-514,29]],[[56504,30648],[-79,-282],[-190,29],[-249,-74],[-206,21],[-25,-102],[-269,17],[-64,91],[-222,41],[-88,75],[-152,-36],[-39,-86],[-514,105],[-84,60],[-76,-52]],[[54247,30455],[-148,58],[-86,-21],[150,195],[5,153],[74,54],[-79,32]],[[54163,30926],[20,90]],[[54183,31016],[-105,143],[98,146],[-11,62],[127,14]],[[54292,31381],[106,220]],[[54398,31601],[-78,220],[103,80]],[[54423,31901],[-135,119],[-3,137]],[[54285,32157],[176,302],[106,51]],[[55601,33418],[125,117],[248,-96]],[[51009,30236],[29,-28],[304,-54]],[[51517,30243],[138,-172],[-90,-55]],[[51565,30016],[-5,-54],[-166,37],[-81,-29],[-27,56],[-70,-23],[31,-74],[-142,-35],[-119,-106]],[[50986,29788],[124,-115],[63,-118],[-397,169],[-347,14],[-261,177],[101,170]],[[50269,30085],[84,-8],[36,82],[60,-7],[34,52],[73,-23],[44,101]],[[50600,30282],[195,-64],[46,69]],[[50841,30287],[123,-10],[-37,56]],[[50927,30333],[57,36],[123,-39]],[[48646,32923],[29,-171],[24,-69],[116,30]],[[49767,31094],[33,-52],[90,-12]],[[49890,31030],[-24,-38],[91,-140],[-32,-205]],[[49925,30647],[-184,-260]],[[49741,30387],[-680,309]],[[47865,31888],[-125,218],[-132,23]],[[47373,32359],[-73,-28],[-54,57],[-85,-231]],[[46849,31832],[-133,-144],[-146,130]],[[46532,32009],[-585,818],[388,123]],[[46335,32950],[145,-63],[30,-77],[41,90],[39,-47],[88,8]],[[46678,32861],[71,85],[62,275],[-96,41],[-108,-24],[-40,89],[147,191],[30,-54],[132,17]],[[46876,33481],[15,-99],[123,-145]],[[47014,33237],[-16,-144],[132,-39]],[[47130,33054],[89,175],[-1,144],[54,37],[52,-56],[187,238]],[[47511,33592],[120,-134],[55,16],[141,178],[20,101],[-156,139]],[[47691,33892],[35,81],[71,-31],[13,-86],[117,11],[23,-87]],[[47950,33780],[308,-110],[53,38]],[[48311,33708],[-24,160],[73,-6],[69,359]],[[48429,34221],[165,39],[3,57],[-63,29],[101,5],[178,-157],[90,-183],[-109,-158],[43,-101],[-77,-395]],[[47373,32359],[-14,-80],[249,-150]],[[47608,32129],[139,-32],[118,-209]],[[47865,31888],[-106,-100],[-117,87],[-136,-12],[184,-188],[52,-23],[225,143],[57,-45],[230,113],[8,-107],[317,-254],[-17,-112],[-99,-94],[92,-221],[67,-54],[198,54],[241,-379]],[[49061,30696],[42,-365],[-1005,-908],[115,-248],[-100,-121],[-27,-91],[55,-139],[-83,-35],[33,-54],[-111,-219],[79,-46],[33,-101],[-79,-96],[58,-49],[1,-95],[-73,-254],[17,-150],[-89,1],[0,-66]],[[47927,27660],[-3330,1603]],[[44870,30439],[149,-4],[122,108],[-1,72],[96,-54],[89,155],[347,184]],[[45672,30900],[77,28],[31,-29]],[[45780,30899],[189,88],[32,144],[391,304],[-223,74]],[[46169,31509],[-182,121],[-99,221]],[[45888,31851],[644,158]],[[46532,32009],[38,-191]],[[46570,31818],[157,-130],[122,144]],[[46849,31832],[101,279],[102,66],[109,-20]],[[47161,32157],[81,229],[52,-3],[6,-47],[73,23]],[[44734,31817],[60,-105]],[[44794,31712],[-84,-43],[146,-271]],[[44856,31398],[-157,-147],[-76,17],[-31,-118]],[[44592,31150],[-234,335]],[[44358,31485],[-520,279],[78,15]],[[43916,31779],[-13,59]],[[43903,31838],[101,137],[175,-16],[-105,294],[546,257],[83,-92],[-42,-148],[81,-29],[-8,-424]],[[49500,34088],[193,-262]],[[49693,33826],[185,61],[88,-186],[111,32],[48,-86]],[[50125,33647],[-230,-19],[-102,-130],[71,-100],[210,-9]],[[50074,33389],[70,-131]],[[50144,33258],[84,-42],[-221,-409],[5,-130],[-45,-41]],[[50035,32541],[146,-201],[43,-332]],[[50318,31897],[-2,-203],[98,-234]],[[50358,31463],[3,-73],[-122,119],[-106,-5]],[[50133,31504],[-25,-21],[99,-18],[-177,-151],[-114,10],[43,-103]],[[49959,31221],[-158,-165],[-34,38]],[[49767,31094],[56,189],[-137,380],[79,34],[-81,205],[-28,44],[-148,-46],[-57,174],[-163,-20],[-56,417],[-88,141],[-88,-36],[-69,14],[-8,49],[-120,-68],[-44,142]],[[48815,32713],[-119,-27],[-50,237]],[[48646,32923],[112,42],[-115,147],[-38,192],[68,89],[87,-36]],[[48760,33357],[50,332]],[[48810,33689],[292,98],[19,-46],[244,74],[-82,41],[145,96],[72,136]],[[45298,33593],[17,-208],[93,-37],[58,-92]],[[45466,33256],[23,23],[10,-60],[167,-30],[39,-181],[-88,-27],[-158,34],[-220,205],[-247,32],[-92,-134]],[[44900,33118],[-135,-46],[-43,-227]],[[44722,32845],[-155,-118]],[[44567,32727],[-7,-193],[-176,-29],[-123,37]],[[44175,32546],[-221,41],[-42,102]],[[43847,32698],[-123,159],[112,28],[104,-135],[193,135],[-15,104]],[[44118,32989],[132,215],[-31,130],[-147,47],[12,73],[68,38],[421,-6]],[[44573,33486],[3,55]],[[51712,33636],[633,-376]],[[52345,33260],[-364,-824],[-84,-14],[-22,-203],[-79,-38]],[[51796,32181],[-4,-116],[115,-94],[-10,-90],[-187,-39]],[[51710,31842],[-236,140],[-213,63],[-346,-102],[-276,122]],[[50639,32065],[-227,7],[-92,-58],[-2,-117]],[[50318,31897],[-94,111]],[[50224,32008],[-46,339],[-143,194]],[[50035,32541],[25,45],[-93,50]],[[49967,32636],[47,187],[223,346],[-84,92],[359,122]],[[50512,33383],[223,15],[2,-94],[101,-18],[35,-91],[-109,-73],[54,-150],[349,-86],[40,68],[142,47],[24,184],[-118,126]],[[51255,33311],[-23,178],[166,69]],[[51398,33558],[172,182],[-3,-50],[124,-110],[21,56]],[[43847,32698],[65,-9]],[[43912,32689],[45,-104],[218,-39]],[[44175,32546],[87,46],[-1,-50]],[[44261,32542],[126,-37],[117,6],[82,64],[31,-60],[-909,-421],[-128,2],[-92,-125]],[[43488,31971],[-82,-6]],[[43406,31965],[-88,165]],[[43318,32130],[10,170],[-155,85],[-275,-20],[-219,195],[57,129],[271,70],[386,-81],[335,8],[25,57],[1,36],[-13,10],[-7,-3],[20,-19],[-3,-22],[-5,-12],[-58,100],[139,-61],[20,-74]],[[54521,37665],[-7,-553]],[[54514,37112],[279,-312],[58,-802],[105,-64],[-99,-12],[-133,71],[-325,-262],[-128,91],[-152,-183],[-286,-11],[-68,-56],[-124,21],[-178,-122],[-17,-68]],[[53446,35403],[-170,-23],[-10,-48],[-225,-12],[-148,71],[-273,-48],[-121,68],[-184,347],[-147,122],[-123,-71]],[[52045,35809],[-169,7]],[[51876,35816],[-227,129],[-107,-23],[-9,-39]],[[51533,35883],[-348,-66],[-102,37]],[[51083,35854],[-80,-86],[-30,42]],[[50973,35810],[-124,-2],[-169,333],[-74,38],[-126,-33],[-162,-125],[-706,-1],[-54,9]],[[49558,36029],[16,100],[-314,158],[205,292]],[[50294,39987],[21,184],[49,28],[7,84]],[[49966,40451],[-9,84],[75,74],[57,-55],[115,150],[83,19],[6,159]],[[50293,40882],[177,26],[297,-694],[176,-235],[81,-270],[-13,-228],[115,15],[157,-120],[362,-9],[262,-70],[42,-79],[258,-147],[131,-325],[151,-65],[771,-1078],[66,73],[75,-43],[99,69],[653,72],[32,95],[336,-204]],[[42680,34313],[15,-36],[-79,-54],[51,-62],[-54,-35],[193,-1],[-2,-41],[-86,-21],[72,-39],[-13,-39],[66,-4],[13,62]],[[42856,34043],[121,36],[72,-22],[21,-233],[-103,-187],[-228,-63],[-153,-97]],[[42586,33477],[-121,38],[-93,97],[-333,-58],[-102,41],[-29,63],[-169,0],[-118,168]],[[41621,33826],[-293,-125],[97,331],[94,45],[11,-29],[36,56],[-30,118],[41,162],[142,165]],[[41719,34549],[147,-115]],[[41866,34434],[7,73],[176,72],[413,-17],[69,-130],[-55,-225],[204,106]],[[41289,31566],[-14,-34],[-24,-14],[7,30],[31,18]],[[41488,32194],[-31,-19],[0,41],[31,-22]],[[41021,32310],[-14,-14],[-1,5],[15,9]],[[41631,32342],[-6,-1],[2,4],[4,-3]],[[41625,32350],[-3,-3],[-1,3],[4,0]],[[41494,32355],[-45,-45],[-21,-1],[18,34],[48,12]],[[40979,32383],[4,-13],[-12,7],[8,6]],[[40928,32385],[22,11],[-2,-10],[-20,-1]],[[41026,32440],[-14,7],[10,2],[4,-9]],[[42435,32451],[4,-9],[-10,1],[6,8]],[[41940,32467],[-8,-1],[5,4],[3,-3]],[[41264,32487],[103,-80],[3,-98],[-205,-32],[-181,69],[69,89],[52,-27],[159,79]],[[41961,32483],[-12,-3],[13,7],[-1,-4]],[[42534,32065],[-154,-98]],[[42380,31967],[-50,-123],[-484,-240],[-20,-99],[-315,-49],[-82,-60],[-12,188],[-45,31],[-63,-38],[-34,7],[98,60],[-45,206],[164,124],[-113,100],[104,-1],[71,95],[33,-41],[114,19],[19,168],[141,183],[42,-48],[129,3],[101,-109],[97,-23],[-43,45],[68,46],[90,-144],[78,148],[107,-22],[55,-121],[63,-11],[-65,-39],[-49,-157]],[[41938,32673],[-53,-147],[-162,-96],[-154,53],[5,45],[132,36],[-5,57],[146,-59],[32,95],[59,16]],[[41796,32668],[30,17],[-17,-24],[-13,7]],[[56234,25116],[260,45]],[[56494,25161],[356,-108],[74,-77],[371,-18],[117,-21],[-36,-20],[35,-25],[290,86],[283,-6],[162,58]],[[58146,25030],[202,-82],[138,93],[136,-133],[165,4],[-538,-1780]],[[58249,23132],[-294,147],[-125,-177],[341,-172],[-293,-584],[-1688,-511]],[[56190,21835],[-2232,1328],[-143,380],[-236,110],[-236,-42],[70,150],[-133,17],[-1,62],[323,241],[17,96],[89,33],[-68,374],[380,36],[98,-56],[68,24],[7,281],[54,4],[80,550]],[[54327,25423],[79,50],[66,279]],[[54472,25752],[125,-51]],[[54597,25701],[630,299],[345,-221],[300,-364],[362,-299]],[[57011,33531],[23,41]],[[57034,33572],[166,-87],[211,3],[423,-82]],[[58543,33345],[4,-61],[658,-6]],[[61593,29396],[182,37],[98,-227],[132,-159],[56,-335],[-45,-115],[47,-521]],[[62063,28076],[94,-221]],[[62157,27855],[127,-612],[0,-424],[651,-3],[748,-194]],[[63683,26622],[345,43],[-51,-73],[-438,-295],[-286,94],[-54,29],[60,41],[-87,7],[-1,-59],[73,-27],[-252,-37],[-357,-128],[-282,-164],[-219,-250],[-1065,1270],[-2270,-2183],[-185,22],[-118,128],[-148,-92],[-65,34],[-1491,1762]],[[56792,26744],[213,-1],[177,138]],[[57182,26881],[168,36],[489,776],[221,429]],[[58060,28122],[-11,278],[-126,411],[137,90]],[[58060,28901],[-104,1756],[-486,872]],[[57470,31529],[-1352,1957]],[[56118,33486],[145,-43]],[[56263,33443],[99,76],[100,-11]],[[56462,33508],[128,125],[177,-29],[93,-71],[151,-2]],[[42525,35848],[83,31],[35,-94],[-105,-15],[47,-197],[-114,-49]],[[42471,35524],[-24,-101],[-189,-4],[-9,-36],[89,-45],[-14,-122],[-192,-146],[-12,68]],[[42120,35138],[-117,-5],[-105,-39],[-43,-75],[-168,26],[-31,-73]],[[41656,34972],[-145,52],[72,46],[61,291],[162,61],[44,61],[262,42],[4,112],[117,44],[3,190],[159,37],[130,-60]],[[54834,33760],[126,10]],[[54960,33770],[107,78],[73,-20],[284,-101]],[[55424,33727],[87,-98]],[[55511,33629],[125,-2],[95,-90],[-130,-119]],[[55601,33418],[-73,26],[-98,-55],[-52,-113],[-65,-24],[-81,-236],[-162,-121],[-394,34],[-109,-419]],[[54567,32510],[-130,-47],[-126,97],[9,234]],[[54320,32794],[-94,34]],[[54226,32828],[-235,329],[8,56],[202,125],[249,514],[54,24],[43,-35],[59,41],[138,-23],[90,-99]],[[50421,31656],[41,-105],[202,-169],[347,-98],[59,-100],[208,-96],[145,-161],[98,51],[103,-62],[81,69],[97,-78],[43,80],[191,-78],[-22,137],[182,133]],[[52196,31179],[192,-129]],[[52388,31050],[51,-117],[65,36],[-28,-99],[203,-87],[47,-65],[-262,-235],[-201,150],[-242,-39],[-125,-104],[26,-141],[-92,-88],[-7,-86]],[[51823,30175],[-150,-74],[-73,15],[-83,127]],[[51517,30243],[-175,-89]],[[51342,30154],[-270,40],[-63,42]],[[51009,30236],[98,94]],[[51107,30330],[-194,47],[50,103]],[[50963,30480],[-105,19],[96,151],[-574,301],[50,53],[-22,54],[-233,79],[-43,132],[35,81],[75,39],[204,-68]],[[50446,31321],[-93,70],[5,72]],[[50358,31463],[56,-3]],[[50414,31460],[-85,228],[92,-32]],[[44870,30439],[-203,-216],[14,-228],[-48,-71],[-120,-22],[-6,-132],[94,-14],[158,-161],[-103,-86],[-59,-246]],[[44597,29263],[-962,452]],[[43635,29715],[-145,518]],[[43490,30233],[-207,161],[-24,224],[-92,167],[207,150],[108,-19],[1110,234]],[[44592,31150],[160,-33],[618,-394],[-56,-15],[-46,-132],[-128,39],[-57,-138],[-173,-66],[-40,28]],[[45062,37124],[302,-359]],[[45364,36765],[407,-157],[-66,-42]],[[45705,36566],[34,-71],[-50,-30],[69,-69],[-33,-67]],[[45300,36324],[-315,1],[-84,-131],[-93,67],[-120,10],[-784,-275],[-75,241]],[[43829,36237],[36,70],[-194,67],[-299,334],[35,78]],[[43407,36786],[-154,61],[-107,133],[218,79],[66,82],[419,40],[86,115],[297,64]],[[49966,40451],[405,-168]],[[50371,40283],[-77,-296]],[[50294,39987],[-323,-117],[-140,-155],[20,-127],[-77,-79],[-56,-208],[26,-178],[-91,-81],[43,-60],[-23,-93],[53,-36],[-71,-109],[54,-17],[-136,-157],[-76,-253],[-80,-1],[-152,-262],[-74,71],[-15,135],[-33,-68],[-67,22],[-148,-129],[-18,-201],[113,11],[80,-84],[160,11],[245,-126],[-28,-86],[-225,-155],[47,-45],[104,8],[56,-122],[-144,54],[-74,-38],[81,-19],[31,-68],[-93,-47],[-15,-116],[175,-7],[-14,-251],[56,-225]],[[49465,36579],[-74,-155],[-138,-103],[-31,105]],[[49222,36426],[-111,34],[-32,79],[-84,-8],[-487,515],[-258,-7]],[[48250,37039],[-1057,1392],[27,26]],[[45779,39211],[36,61],[-43,244],[-231,670],[-92,140]],[[45317,40415],[-27,512],[-199,367],[-102,38],[-105,-464],[-144,-9],[-101,109],[-63,6],[-22,-366],[-166,96],[-77,169],[-68,1],[-68,219],[-89,-61],[-228,243],[-79,117],[19,201],[-58,153],[-205,152],[-176,-25],[-56,116],[-134,52],[-80,503],[-94,112],[-108,31],[-80,-34],[-115,123],[-40,317],[-138,219],[-14,145],[55,69],[-97,127],[114,4],[89,73],[37,442],[-190,64],[-148,118],[-131,-27],[-59,-121],[4,74],[-208,205],[-254,-47],[61,73],[-121,43],[90,73],[148,2],[-30,142],[-434,-69],[11,78],[95,45],[47,170],[-246,140],[1,50],[97,28],[15,89],[-146,138],[53,69],[-56,109],[-215,134],[3856,3014],[441,561],[988,33],[202,-96],[630,-134],[165,-112],[-64,-218],[74,-175],[-147,-742],[6,-454],[458,-457],[101,-201],[-70,-131],[43,-153],[-114,-367],[47,-596],[-284,-537],[42,-184],[-30,-282],[-80,-195],[19,-296],[250,-182],[-57,-124],[58,-48],[90,48],[-59,147],[61,-3],[35,-628],[202,-94],[61,-144],[369,-126],[47,42],[-33,-181],[43,-210],[-95,-263],[26,-71],[406,-50],[15,41],[91,-214],[259,-83],[68,-64],[168,-345],[58,-31],[-26,-212],[264,-225],[75,-428],[64,-26],[123,39],[38,-144]],[[45967,36380],[-18,-86],[183,-21],[-45,-69],[115,-1]],[[46202,36203],[17,-65],[-39,-84],[55,-30],[23,-132],[-50,-52],[41,-133],[-311,1],[233,-329]],[[46171,35379],[-65,-427],[69,-130],[-41,-77],[94,-94],[-40,-244],[60,-69],[102,-7],[-70,-97],[187,24],[70,-78]],[[46537,34180],[-52,-300]],[[46485,33880],[-111,62],[-3,-116],[-44,-3],[-46,-110],[-188,5]],[[46093,33718],[31,50]],[[46124,33768],[-94,-23]],[[45702,34227],[80,11],[-97,65],[-81,-18],[-85,81],[-489,676]],[[44699,35299],[-648,-44],[133,172]],[[44184,35427],[94,-47],[272,137],[92,-70],[42,75],[157,-30],[231,91],[-35,476],[-67,-23]],[[44970,36036],[-31,107],[43,182],[318,-1]],[[45300,36324],[101,61],[178,-144],[81,123],[65,-35]],[[45725,36329],[35,71],[207,-20]],[[43678,33705],[28,-77],[-86,46],[-121,-56]],[[43499,33618],[2,43],[-289,66]],[[43212,33727],[-93,-143],[-36,-10],[-3,63],[-97,7],[87,180],[-22,121],[112,84],[333,15],[173,73],[35,-37],[164,76]],[[43865,34156],[51,-24],[2,86],[115,-5]],[[44033,34213],[163,70],[105,-22],[-17,-88],[-207,-138]],[[61555,42956],[796,-747],[753,-294],[8,-210],[87,-67],[-70,-166],[73,-67],[315,-672],[163,-94],[44,-147],[180,-163],[333,-75],[144,-179],[212,-140]],[[64593,39935],[201,-6],[2,-4913]],[[63142,34238],[-324,-26],[-297,61]],[[60536,35197],[-189,198],[-386,472],[-978,2052]],[[58983,37919],[587,173],[-160,74],[-313,292],[-321,122]],[[58776,38580],[-284,486],[-441,368]],[[58051,39434],[-33,175]],[[58018,39609],[-169,257],[-8,700]],[[57841,40566],[-156,407],[292,67],[54,51],[245,451],[9,413],[152,7],[119,193],[327,99],[340,229],[-12,556],[-149,486],[94,199]],[[59156,43724],[42,-106],[538,2],[65,-160],[137,-25],[113,249],[666,585],[12,-1029],[826,-284]],[[45317,40415],[132,-89]],[[45449,40326],[104,-171],[239,-708],[-13,-236]],[[45779,39211],[323,-239],[0,-103],[163,-126],[489,-63],[466,-223]],[[47220,38457],[-54,-59],[44,-50],[-71,-264],[-209,-276],[17,-104]],[[46947,37704],[-80,-125]],[[46867,37579],[31,-112],[-219,-53]],[[46679,37414],[-85,-68],[-94,40],[-121,-16],[-735,-477]],[[45644,36893],[-582,231]],[[45062,37124],[-219,-49],[-12,-42],[-141,78],[-102,169],[-362,-10],[6,90]],[[44232,37360],[-288,-63],[29,123],[-133,158],[36,35],[-56,112],[245,116],[20,208],[81,85],[159,42],[223,275],[-15,447],[88,305],[-139,162],[-231,1247],[124,99],[184,-101],[24,368],[157,-119],[152,16],[-11,124],[118,340],[143,-104],[136,-371],[39,-449]],[[60536,35197],[160,-91],[324,-102],[103,9],[218,-141],[291,-58],[393,-219],[214,-191],[282,-131]],[[62521,34273],[280,-60],[341,25]],[[63142,34238],[103,105],[173,-39],[217,51],[218,247],[128,74],[382,106],[433,234]],[[64796,35016],[-2,-3594],[-232,64],[-910,-376]],[[63652,31110],[-21,-225],[91,-172],[-25,-162],[85,-204],[-262,76],[-150,159],[-210,67],[-637,-962],[-637,-304]],[[61886,29383],[-162,60],[-131,-47]],[[61593,29396],[6,158],[-108,206],[20,350],[-43,5],[18,67],[-70,37],[-81,167],[-76,37],[-70,258],[-97,119],[29,72],[-48,15],[7,51],[-42,-19],[32,57],[-58,32],[-36,116],[27,108],[-58,-5],[3,139],[-55,6],[31,57],[-86,28],[50,86],[-54,21],[16,87],[-144,206],[24,58],[-134,75],[-128,-12],[-43,118],[-80,7],[22,48],[-192,228],[-57,280],[-177,191],[-104,-24],[-37,128],[-110,92],[-147,96],[-142,-2],[-108,110],[-49,-43],[-39,71]],[[59205,33278],[-653,4],[-9,63]],[[58543,33345],[-231,206],[-285,-17],[-33,-74],[-160,-54]],[[57834,33406],[-548,79],[-114,217],[-25,328],[87,207]],[[57234,34237],[-265,867],[-53,45],[147,-7],[62,51],[141,-38],[263,262],[462,39],[111,30],[130,167],[120,-23],[185,45],[117,87],[228,405],[116,27],[112,141],[129,70],[393,145]],[[59632,36550],[91,-111],[238,-572],[575,-670]],[[45702,34227],[-19,-127],[172,-121],[38,19],[137,-253]],[[46030,33745],[-115,-117]],[[45915,33628],[67,-157],[-177,-90],[-218,68],[-272,-57]],[[45315,33392],[-17,201]],[[45298,33593],[-93,29],[-149,-37],[-159,96],[-32,-110],[-93,-66],[-22,36],[-174,0]],[[44576,33541],[3,71],[-66,28],[-209,-49],[-396,40],[74,132],[-280,-151],[-24,93]],[[43678,33705],[96,-17],[99,75],[127,21],[77,251]],[[44077,34035],[89,78],[79,18],[68,-189],[130,-21],[120,23]],[[45031,34073],[125,59],[94,113],[64,-6],[-6,34],[248,46],[193,-38],[34,-58],[-81,4]],[[45031,34073],[-170,36],[-96,-72],[-153,16],[-49,-109]],[[44563,33944],[-227,-17],[-30,125],[-77,34],[82,202],[48,-2],[45,95]],[[44404,34381],[74,0],[-140,339],[40,-18],[22,51],[4,126],[-168,257]],[[44236,35136],[-183,118],[646,45]],[[44699,35299],[185,-64],[19,48],[122,-59],[88,31],[-83,-213]],[[45030,35042],[287,-423],[284,-300],[-270,-35],[-300,-211]],[[27632,27986],[35,108],[-60,76],[-19,165],[32,13],[151,-218]],[[27856,28157],[60,-61],[-97,-135],[83,-55],[47,-118],[-75,-25],[-58,47],[-105,-60],[-75,21],[-36,71],[108,88]],[[28578,28253],[13,-101],[-145,-75],[7,-57],[-86,-18],[-91,1],[-149,99],[-131,-46],[-140,101]],[[27856,28157],[-85,-27]],[[27771,28130],[-152,220],[58,79],[78,-76]],[[27870,28457],[122,46],[61,-20],[71,115],[269,-177],[159,-67]],[[28453,28020],[-46,-258],[-47,-24],[-120,148],[-291,-98],[-76,156],[-53,15],[96,137],[80,-40],[165,38],[117,-91],[175,17]],[[27600,27300],[-132,-384],[38,-86],[-88,-113],[-91,-32],[-255,-8],[-36,77],[64,14],[-5,39]],[[26755,26811],[-113,-7],[-56,40],[-61,-76],[-80,25]],[[26363,27139],[-55,103],[94,-30],[102,36],[70,-63],[53,15],[-7,64]],[[27161,27146],[184,7],[-17,143]],[[26645,25644],[76,224],[146,174],[-12,392],[263,223],[283,49],[105,124],[43,-252],[-85,-41],[-74,-168],[52,-242],[-144,-301],[-210,-100],[-84,61],[-116,-15],[-63,-131],[-180,3]],[[26584,26035],[217,-61],[-156,-330],[-178,66],[-108,-66],[-93,22],[-227,-78],[-119,79],[-162,13],[-228,-120],[-127,267],[73,46],[-87,138]],[[25457,26028],[64,130],[-95,145],[78,74]],[[26584,26035],[-43,93],[-96,-38],[-17,64],[-90,9],[28,124],[-102,93]],[[26413,26641],[173,203],[169,-33]],[[26755,26811],[196,100],[144,-104]],[[27095,26807],[-51,-109],[92,-31],[-281,-233],[-18,-184],[53,-70],[-70,-194],[-236,49]],[[26363,27139],[-116,-168],[63,-69],[75,49],[60,-158]],[[26445,26793],[78,-37],[-110,-115]],[[26413,26641],[-125,-46],[30,-83],[-70,-48],[16,-84]],[[26264,26380],[-182,58],[-268,-191],[-141,127],[-169,3]],[[25504,26377],[-53,-64],[-27,106]],[[25367,26513],[-195,73],[53,115],[163,58],[-35,66]],[[25440,26935],[-79,115],[79,79]],[[25583,27113],[117,88],[164,-18],[83,93],[193,118],[223,-255]],[[27600,27300],[-272,-4]],[[27328,27296],[19,-143],[-186,-7]],[[27161,27146],[-117,78],[-129,-60],[-132,114],[-163,-14]],[[26620,27264],[-14,-76],[-102,60],[-215,-18],[-115,137],[152,62],[-40,106],[55,94],[187,-6],[21,45],[47,-48]],[[26728,27646],[216,-98],[51,98],[274,33],[249,-283],[87,-4],[19,-43],[-24,-49]],[[26953,27679],[53,-65],[-56,-64],[-222,96]],[[26728,27646],[-132,-26]],[[26596,27620],[-23,47],[-45,-44],[-173,-4],[82,206]],[[26558,28264],[-53,464],[119,2],[77,-63],[103,14],[167,-279],[68,-14]],[[27250,28385],[329,-148],[88,-141],[-35,-110]],[[27632,27986],[76,-56]],[[27708,27930],[-107,-129],[120,-47],[5,-107],[-118,-101],[-8,-160],[-83,11],[-242,279],[-282,-36],[-40,39]],[[26953,27679],[46,17],[-36,86],[68,14],[-84,82],[74,50],[-50,43],[-45,246],[113,171]],[[27039,28388],[119,-58]],[[25583,27113],[-143,16]],[[25440,27129],[-66,-92],[-66,103]],[[25305,27301],[38,53],[-84,29],[-148,164]],[[24844,27545],[-27,336],[726,16],[190,-66],[104,51],[78,-97],[424,-26],[48,-34],[-17,-84],[-84,-106],[49,-86],[-81,-61],[-114,6],[-276,-211],[-163,19],[-118,-89]],[[26079,28098],[-62,-72],[167,-121],[-89,-98],[79,-36],[-259,14],[-80,98],[-102,-52],[-191,68],[-725,-18],[-107,371],[58,183],[153,184],[301,-3],[72,17],[33,85]],[[25515,28676],[20,47],[165,16],[81,-64],[6,-70],[-164,-59]],[[25649,29200],[43,-171],[-60,-27],[-8,-118],[131,-37],[-9,-64],[-116,-66],[-96,6],[-19,-47]],[[25515,28676],[-188,42]],[[25327,28718],[-39,-90],[-367,-9],[182,211],[-5,88],[228,195],[173,260],[122,4]],[[25992,28606],[-152,37],[-35,81],[-107,1],[57,122],[-131,36],[63,180],[-38,137]],[[25649,29200],[-84,21],[59,38],[-3,118]],[[25621,29377],[177,5],[166,-165],[203,-18]],[[26256,29136],[179,-1],[0,-372],[-77,-61],[-262,7]],[[26558,28264],[-48,-120],[43,-61],[-64,-48],[-109,1],[57,-211]],[[26437,27825],[-50,-104],[-123,68],[-165,9],[20,78],[69,19],[-170,131],[61,72]],[[26079,28098],[-181,108],[-73,125],[17,75],[-219,140]],[[25623,28546],[164,58],[-22,121],[54,-10],[30,-77],[143,-32]],[[25992,28606],[104,103]],[[26096,28709],[236,-18],[103,72],[68,-37],[49,-132],[-34,-230],[40,-100]],[[25091,26613],[224,-58],[52,-42]],[[25367,26513],[-11,-87],[68,-7]],[[25424,26419],[11,-152],[85,-106],[-63,-133]],[[25457,26028],[-68,-17]],[[25389,26011],[-9,83],[-206,100],[-152,-39],[-157,48],[-37,57],[-118,-43],[-132,54],[-120,-79],[13,-259],[-55,-99],[-153,129],[-98,-12],[-166,67],[-75,72],[35,28],[-43,244],[-105,103],[105,95],[-83,129],[8,87],[164,127],[146,-5],[47,-330]],[[27655,28937],[62,21],[-26,90],[41,35],[42,24],[61,-45],[79,-95],[-73,-49],[97,-135],[3,-119],[164,-67],[-48,-112],[-187,-28]],[[27870,28457],[-115,-104]],[[27755,28353],[-47,83],[-82,-32],[-28,-189],[-267,158],[28,147]],[[27254,28970],[-57,106]],[[27321,29142],[145,-17]],[[27107,29228],[147,-258]],[[27254,28970],[-20,-73],[194,-357],[-69,-20]],[[27359,28520],[-32,-158],[-77,23]],[[27250,28385],[-92,-55]],[[27158,28330],[-39,46],[-145,24],[-170,281],[-105,-13],[-74,62],[-135,-5],[-65,46],[-9,316],[31,56],[108,-10],[34,100]],[[26811,29155],[40,102]],[[26801,29451],[41,-61],[-31,-235]],[[26811,29155],[-222,78]],[[26589,29233],[-58,-117],[-144,40],[-131,-20]],[[26256,29136],[-89,63]],[[26167,29199],[-208,20],[-161,163],[362,333],[346,-9],[2,-165]],[[27507,29212],[-24,-92],[-162,22]],[[27321,29142],[15,-61],[-139,-5]],[[27197,29076],[-90,152]],[[27107,29228],[-172,-27],[-84,56]],[[26851,29257],[-50,194]],[[26801,29451],[-74,-31],[-98,100],[-121,21]],[[26508,29541],[-3,163],[250,152],[213,-92],[95,183],[125,-148],[73,11],[8,-190],[97,-169],[231,80]],[[28587,28452],[-99,-45],[-98,16],[-180,143],[-237,66],[-131,283],[72,52],[-140,140],[-83,-59],[26,-91],[-62,-20]],[[27655,28937],[-189,188]],[[27466,29125],[41,87]],[[27507,29212],[56,-61],[85,51],[-122,118],[115,52],[-67,47],[23,112]],[[27597,29531],[141,111],[97,-45],[6,98],[68,13],[63,-59],[136,-198],[20,-129],[140,23],[-63,-69],[28,-118],[311,-356]],[[29287,27813],[-160,-83],[-227,12],[-344,-158],[-73,172],[-82,37],[44,281],[147,79],[-14,100]],[[28578,28253],[-50,16],[24,85]],[[28552,28354],[-59,55],[150,62],[210,-149],[364,100]],[[28828,29409],[-118,-102],[-133,54]],[[28523,29450],[-380,-135],[-35,136],[-216,285],[114,30],[67,-36],[19,62],[138,51],[4,207],[134,-9],[275,248],[51,128],[126,38],[25,198],[259,-6],[65,50],[85,-28],[-74,-92],[27,-83],[59,-12],[-20,-102],[131,-40],[144,-233],[56,-241],[151,-37],[53,-98],[167,-27],[205,-185]],[[30153,29519],[23,-183],[314,-369]],[[29206,28635],[-133,-229],[-225,-84],[-198,147],[-63,-17]],[[28587,28452],[-97,311],[54,39]],[[28544,28802],[-233,237],[-104,200],[114,162],[202,49]],[[28523,29450],[54,-89]],[[28577,29361],[136,-54],[115,102]],[[28828,29409],[-5,-141],[159,-6],[42,189],[163,39],[63,-59],[273,56],[630,32]],[[30490,28967],[-59,-121],[32,-339],[-78,-362],[67,-97]],[[30233,27815],[-132,16],[-166,-188],[-156,-34]],[[29612,27791],[-325,22]],[[29287,27813],[-81,459],[80,16],[21,82],[-90,52]],[[29217,28422],[-143,-15],[132,228]],[[29206,28635],[-52,145],[75,121],[204,28],[-34,59],[413,126],[678,-147]],[[29874,27563],[-2,72],[63,8],[46,80],[64,-3],[37,102],[151,-7]],[[30233,27815],[219,233]],[[30452,28048],[243,-305],[-188,-366],[44,-310],[-129,-144],[-173,-81],[-175,103],[-192,-164],[-174,39],[-130,-57],[-198,52],[-134,101],[-38,133],[86,34]],[[29874,27563],[-56,-21],[68,-54],[-79,-71],[-30,27],[-150,-77],[-22,-152],[-218,-107],[-73,36],[-20,-61]],[[29294,27083],[-159,-62],[-153,47],[-85,-104],[-133,177]],[[28762,27389],[-163,-22],[-66,102],[36,118],[328,154],[230,-11],[76,71],[150,35],[73,-49],[186,4]],[[29612,27791],[-10,-88],[112,-18],[65,-76]],[[29779,27609],[92,17],[3,-63]],[[28762,27389],[43,-129],[-41,-119]],[[28764,27141],[156,-194],[-318,-57],[-127,45],[-147,-81],[-52,-117],[-193,-23],[-214,124],[-97,121],[-254,71],[105,311],[-24,180],[118,107],[4,126],[93,56],[101,-42],[324,118],[120,-148],[47,39],[77,-21],[27,-98],[55,-14],[16,-106],[-48,-69],[65,-102],[164,22]],[[25111,27547],[233,-193],[-39,-53]],[[25305,27301],[47,-124],[-44,-37]],[[25308,27140],[132,-205]],[[25440,26935],[-87,-110]],[[25353,26825],[24,-90],[-152,-34],[-50,-87],[24,-57],[-108,56]],[[25091,26613],[-301,-65],[-109,49],[11,-78],[-251,-103],[-36,-79],[-10,79],[-197,152]],[[24198,26568],[-50,389],[74,37],[60,130],[362,80],[200,341]],[[24844,27545],[267,2]],[[79442,39942],[0,1576],[439,86]],[[82136,41015],[-415,-372],[-1354,-692]],[[86965,55358],[1437,1257],[-212,0]],[[92010,55781],[-69,4],[-1791,-859]],[[81808,64559],[249,-24],[436,54],[377,-261],[299,-29],[450,124],[198,-1],[540,252]],[[85421,60747],[-878,-63],[-2804,1891]],[[83467,52406],[1187,1081]],[[86223,54847],[742,511]],[[86965,55358],[3185,-432]],[[90150,54926],[103,49]],[[72753,40544],[608,745]],[[77043,40802],[102,-745],[-3615,-1318],[-912,-387]],[[84812,59029],[-33,1684],[3947,205]],[[81908,43810],[67,114]],[[85204,43643],[-959,-904]],[[84812,59029],[3784,-178]],[[88900,57218],[-710,-603]],[[88190,56615],[-3061,3],[292,1602]],[[84813,58793],[-1,236]],[[72715,36377],[-1212,1502],[2042,865]],[[71877,45002],[-698,1034],[357,369],[152,353],[310,213]],[[81806,43781],[203,143],[-101,-114]],[[81908,43810],[2060,-631],[277,-440]],[[84245,42739],[-582,-499],[-795,-559],[-169,-224],[-250,-146],[-313,-296]],[[82136,41015],[-26,44],[-101,0],[-169,344],[-270,115]],[[69949,39083],[1461,-1144]],[[68659,37438],[-2426,-132]],[[71877,45002],[1822,298]],[[74263,44821],[-159,-94]],[[71976,44211],[68,516],[-167,275]],[[71909,42521],[67,1690]],[[71976,44211],[980,-287],[574,115],[338,315],[236,373]],[[74104,44727],[439,200]],[[75557,44727],[439,-803]],[[75895,43265],[-1858,-1375],[-676,-601]],[[73361,41289],[-304,-373]],[[75928,44039],[-371,688]],[[75557,44727],[-777,200],[-237,0]],[[74543,44927],[-280,-106]],[[74263,44821],[-564,479]],[[73699,45300],[-1182,1231]],[[72449,36689],[873,-1056],[-1113,-1000]],[[70659,34585],[-372,1260]],[[70645,34633],[14,-48]],[[70659,34585],[1550,48]],[[72209,34633],[-1586,-1422]],[[81975,43924],[-169,-143]],[[81806,43781],[-304,-773]],[[81502,43008],[-2175,-138]],[[87110,51688],[304,946],[676,458],[2026,-86]],[[92353,52606],[-234,-539],[-61,-478],[-487,-888],[-942,-1270],[-1191,-1328]],[[92447,58822],[402,-245]],[[92481,56673],[-3581,545]],[[88900,57218],[-270,86],[1723,1547]],[[67247,42291],[1081,1948]],[[71913,43024],[-4,-561]],[[70220,42492],[-197,-919]],[[84654,53487],[1569,1360]],[[86223,54847],[650,-552],[-1418,-1318],[-801,510]],[[74341,63177],[946,-459]],[[73494,60596],[-233,64],[-49,78],[-181,95],[-110,229],[-235,143],[-108,12],[-48,225]],[[92010,55781],[471,892]],[[92481,56673],[68,229],[-102,889],[402,786]],[[92849,58577],[510,-271]],[[94677,57561],[304,373]],[[95811,57554],[-92,-122],[-79,-266],[-520,-313],[-512,-456],[-59,-193],[48,-166],[64,-10],[-33,-144],[-192,-221],[-96,-265],[-319,-494]],[[92481,55756],[-471,25]],[[68530,44612],[-819,312],[289,280],[11,111],[110,115],[73,-6],[294,245],[1060,39]],[[69544,39283],[389,1859]],[[71976,41059],[1081,-143]],[[73057,40916],[-304,-372]],[[72753,40544],[-507,-1003],[68,-258],[304,-401],[0,-530]],[[72618,38352],[-1115,-473],[-1554,1204]],[[69949,39083],[-405,200]],[[86268,50174],[403,-520],[463,-1065]],[[87134,48589],[-3774,-167],[-1520,-315]],[[80725,48336],[-173,195]],[[90415,61031],[-4994,-284]],[[85421,60747],[878,1341],[68,745],[-1487,1318],[-523,523]],[[84357,64674],[492,294],[201,41],[66,90],[308,77],[164,217],[889,325],[431,9],[304,-187],[206,-70],[354,90],[376,0]],[[83022,44841],[20,984]],[[86774,46571],[1101,-455],[-1204,-1187],[-1467,-1286]],[[85204,43643],[-2182,1198]],[[71998,46971],[1041,462],[1265,308],[1165,138],[1471,-53],[294,-1438]],[[75928,46388],[-3411,143]],[[72517,46531],[-519,440]],[[96416,67039],[274,113],[177,142],[261,494],[221,123],[165,-18],[433,121],[-93,24],[-61,-39],[45,42],[79,-6],[205,-112],[388,-76],[281,-137],[297,0],[314,-108],[162,1],[-133,-343],[19,-127],[-430,-487]],[[83431,52377],[36,29]],[[83467,52406],[3643,-718]],[[87110,51688],[-842,-1514]],[[86268,50174],[-2165,311],[-174,257]],[[68659,37438],[311,585],[2440,-84]],[[71410,37939],[93,-60],[946,-1190]],[[72449,36689],[-2162,-844]],[[70287,35845],[-642,1633],[-986,-40]],[[93934,63807],[-541,-29]],[[91974,63348],[-33,1232]],[[91560,65901],[1130,177],[170,95],[442,9],[265,130],[138,177],[87,23]],[[72821,61773],[-203,-315],[-88,-16]],[[72530,61442],[-91,454],[-361,161],[-71,-37],[-145,62],[-208,410],[-464,397],[-235,369]],[[75746,63700],[277,-160],[317,-76],[134,30],[474,-64],[524,114],[676,-27],[206,93],[-93,11],[220,77],[139,103],[181,24],[313,126],[299,289],[482,12],[359,157],[86,122],[476,151],[110,122],[120,30],[155,-83],[28,-75],[102,-14],[-114,75],[63,-1],[338,-157],[190,-20]],[[81808,64559],[-69,-1984]],[[81739,62575],[-3074,258]],[[65864,42692],[1851,2208],[815,-288]],[[68530,44612],[-1283,-2321]],[[80725,48336],[1115,-229]],[[81840,48107],[642,143],[-68,-401]],[[79746,46216],[-1183,-315]],[[77478,45375],[-538,2451],[1313,-24],[1462,1756],[1010,-1222]],[[98184,62117],[-90,-181],[-92,-578],[-78,-198],[11,-196],[44,-84],[92,-38],[-1,-63],[-323,-449],[-312,-258],[-25,-300],[-62,-107],[-519,-389],[-192,-207],[-122,-442],[-184,-227],[15,-182],[-60,-127],[-258,-221],[-217,-316]],[[95811,57554],[-425,322],[-405,58]],[[94981,57934],[-135,-172]],[[70645,34633],[-628,-621],[-36,-374]],[[67686,33582],[-2894,-458],[0,4099],[4853,255],[676,-1719],[324,-1126]],[[77178,40114],[744,286],[1520,1118],[33,-29],[-33,-1547]],[[79442,39942],[202,-86]],[[79237,39404],[-533,-207]],[[68091,42119],[1932,-546]],[[70023,41573],[-479,-2290]],[[69544,39283],[-2567,-28],[-744,-1949]],[[66233,37306],[-1441,-83],[-10,3092]],[[72715,36377],[2741,1445]],[[76616,38024],[-897,-622],[-325,-258],[-8,-55],[-284,-158],[-82,-117],[-823,-513],[-875,-668],[-607,744]],[[77978,62174],[687,659]],[[78665,62833],[2724,-204]],[[81198,61715],[-3220,459]],[[74613,39109],[2532,948],[33,57]],[[77178,40114],[608,-917]],[[73494,60596],[1218,1349],[575,773]],[[75287,62718],[-203,115]],[[75456,63263],[1959,-1060],[563,-29]],[[77280,58829],[-1826,505],[-286,117],[-144,111],[-144,35],[-580,458],[-414,235],[-193,192],[-199,114]],[[79273,61973],[1925,-258]],[[81198,61715],[-169,402],[102,315],[258,197]],[[81389,62629],[350,-54]],[[81739,62575],[130,-88]],[[82549,57347],[-3242,908]],[[82414,47849],[64,378],[882,195],[3784,144],[-370,-1995]],[[86774,46571],[-2671,-469],[-1061,-277]],[[83042,45825],[-830,563]],[[82212,46388],[-135,888],[337,573]],[[65864,42692],[1383,-401]],[[67247,42291],[844,-172]],[[68091,42119],[-642,-1833],[-2667,29]],[[64782,40315],[-4,1484],[1086,893]],[[73545,38744],[1068,365]],[[74613,39109],[2059,-628]],[[76233,38080],[-777,-258]],[[75456,37822],[-1911,922]],[[69298,31796],[2,24],[-12,40],[86,58],[-46,-104],[-30,-18]],[[68265,30773],[64,81],[58,24],[-78,-113],[-44,8]],[[69081,31549],[55,73],[101,68],[-70,-70],[-86,-71]],[[65862,33267],[1824,315]],[[67686,33582],[2295,56]],[[69981,33638],[642,-427]],[[70623,33211],[-458,-385],[-90,-219],[-44,-26],[-10,7],[49,30],[-47,29],[-71,-28],[-145,-145],[-6,-109],[-59,28],[-326,-308],[-622,-707],[-220,-100],[-158,7],[-5,-60],[62,49],[63,-49],[-239,-268],[-25,-94],[-142,-92],[-52,23],[16,87],[-2300,2243]],[[68105,30557],[30,53],[44,-11],[-25,-23],[-49,-19]],[[67909,30322],[-7,45],[66,29],[-59,-74]],[[65862,33267],[-68,-143]],[[65794,33124],[2319,-2268],[-66,-274],[-93,-158],[-93,-33],[-92,-174],[103,60],[-115,-100],[-111,39],[-4,-99],[-175,-267],[-641,-763],[-25,-109],[-31,19],[-66,-62],[-1,182],[-1911,2190],[0,1817],[1070,143]],[[77478,45375],[849,125],[236,401]],[[78563,45901],[169,57],[1014,258]],[[79746,46216],[473,-172],[608,316],[1385,28]],[[82212,46388],[844,-573],[-34,-974]],[[83022,44841],[-1047,-917]],[[81975,43924],[-3040,-57],[392,-997]],[[79327,42870],[-493,23]],[[77651,44755],[-173,620]],[[81869,62487],[2674,-1803],[236,29],[34,-1858]],[[82347,58965],[101,516],[-579,3006]],[[93731,63778],[3040,459]],[[96602,66357],[946,28],[1472,261]],[[99020,66646],[1,-160],[-146,-339],[-19,-251],[101,-218],[257,-56],[-169,-309],[-49,-253],[38,-748],[142,-318],[-210,-61],[-19,-202],[-64,-55],[-175,-28],[5,-66],[39,-68],[314,69],[326,2],[-130,137],[-6,156],[365,-168],[290,9],[88,-105],[-133,-225],[-349,33],[-36,127],[-269,5],[-451,-73],[-481,-212],[-40,-163],[33,-243],[-63,-232],[49,-298],[-75,-216]],[[98184,62117],[-1244,-29],[-1419,-287]],[[90116,53006],[137,1969]],[[90253,54975],[1688,810],[540,-29]],[[92481,55756],[845,-343],[202,-29],[493,-480]],[[94021,54904],[-1105,-1341],[-368,-547],[-195,-410]],[[92353,52606],[-1629,85],[-608,315]],[[87134,48589],[2304,-486]],[[89438,48103],[-309,-386],[-730,-1115],[-524,-486],[-1103,444],[362,2029]],[[73132,66685],[-22,-60],[-26,-13],[48,73]],[[72314,63778],[-1216,-430],[-143,-90]],[[70955,63258],[-368,744],[35,199],[819,965],[999,1366],[86,8],[2,-9],[0,3],[22,-27],[5,-14],[4,-2],[-1,52],[67,-8],[-25,30],[22,-17],[67,-121],[49,19],[135,-146],[127,2],[108,-93],[80,5],[36,43],[-46,-12],[-43,-5],[152,36],[-64,-27],[-34,-94],[89,-332],[164,-105],[330,-510],[-43,-8],[27,-56],[21,58],[155,-177]],[[73159,66497],[-54,-89],[-21,60],[75,29]],[[73932,65025],[621,-555],[645,-409]],[[72888,63520],[-67,344],[-507,-86]],[[72314,63778],[-304,545],[1922,702]],[[72888,63520],[237,-86],[2073,627]],[[75198,64061],[113,-124],[136,-30],[299,-207]],[[75746,63700],[-290,-437]],[[75456,63263],[-372,-430]],[[75084,62833],[-743,344]],[[74341,63177],[-203,28],[-1317,-1432]],[[72821,61773],[-135,114],[202,1633]],[[77043,40802],[135,773],[-67,172],[169,688],[-102,573]],[[77584,43065],[979,-57]],[[79451,41520],[-1529,-1120],[-783,-305],[-96,707]],[[75895,43265],[101,144],[0,515]],[[75996,43924],[-68,115]],[[75928,44039],[0,2349]],[[75928,46388],[1306,0]],[[77234,46388],[417,-1633]],[[77651,44755],[-101,-458],[34,-1232]],[[77584,43065],[-406,-57]],[[77178,43008],[-169,57],[-675,-29],[-439,229]],[[88596,58851],[130,2067]],[[88726,60918],[3316,196],[68,-1233]],[[92110,59881],[-1183,-1030],[-574,0]],[[90353,58851],[-1757,0]],[[91974,63348],[507,488],[541,114],[371,-172]],[[93393,63778],[338,0]],[[93731,63778],[473,-1375],[1047,-602],[270,0]],[[95521,61801],[-101,-1518],[-473,-458],[-101,-258],[0,-1805]],[[94846,57762],[-169,-201]],[[94677,57561],[-203,573],[-338,144],[-777,28]],[[93359,58306],[-912,516]],[[92447,58822],[-236,372],[-101,687]],[[92110,59881],[-136,3467]],[[69933,41142],[287,1350]],[[70220,42492],[1114,-86],[575,57]],[[71909,42463],[0,58]],[[71909,42521],[67,0],[0,-1462]],[[71976,41059],[-2043,83]],[[96416,67039],[-118,-453],[-67,-86],[371,-143]],[[96602,66357],[-236,-688],[709,-945],[-304,-487]],[[96771,64237],[-2837,-430]],[[93934,63807],[945,831],[34,286],[-506,688],[-136,114],[-479,786]],[[93792,66512],[253,16],[139,58],[201,-62],[255,7],[301,125],[40,-25],[23,-4],[8,-25],[21,-12],[-21,41],[-54,20],[81,37],[426,-23],[178,94],[462,125],[311,155]],[[77280,58829],[0,1540],[473,1576],[225,229]],[[77978,62174],[1295,-201]],[[79273,61973],[34,-3718]],[[79307,58255],[-2027,574]],[[79237,39404],[407,452]],[[79644,39856],[723,95]],[[80367,39951],[-719,-376],[-411,-171]],[[76233,38080],[439,401]],[[76672,38481],[1114,716]],[[77786,39197],[918,0]],[[78704,39197],[-1172,-597],[-916,-576]],[[76616,38024],[-215,-30],[-168,86]],[[68328,44239],[202,373]],[[68530,44612],[440,-57],[578,1153]],[[69548,45708],[516,40],[503,154],[412,18],[200,116],[865,-1309],[-131,-1703]],[[71913,43024],[-3585,1215]],[[91560,65901],[381,-1321]],[[91941,64580],[101,-3466],[-1627,-83]],[[90415,61031],[107,2805],[-608,372],[-169,201],[-1351,916],[-246,235]],[[88148,65560],[818,20],[290,210],[239,57],[163,136],[388,40],[194,76],[239,-6],[206,50],[875,-242]],[[78563,43008],[271,-115]],[[78834,42893],[405,-29],[2263,144]],[[81502,43008],[68,-1490]],[[81570,41518],[-304,28],[-1149,-57],[-236,115]],[[79881,41604],[-430,-84]],[[79451,41520],[-719,886],[-169,602]],[[82347,58965],[2466,-110]],[[84813,58855],[0,-62]],[[84813,58793],[270,-28],[338,-545]],[[85421,58220],[-298,-1602],[-2574,729]],[[82549,57347],[-202,1618]],[[83431,52377],[498,-1635]],[[83929,50742],[-704,-142],[-608,-602],[-2065,-1467]],[[80552,48531],[-837,1027],[1467,1204],[2249,1615]],[[30492,44812],[447,196]],[[31194,44635],[167,-229],[-96,17],[-118,-123],[-163,-5],[-104,-81],[-33,-111],[-194,-209],[-84,-227],[-45,37],[41,219],[-211,97],[-2,154],[-72,69],[-48,-10],[-22,-119],[-83,-31],[-174,52],[-231,-111],[-182,69],[70,69],[-42,142],[44,103],[-64,189]],[[33378,45035],[115,97],[246,-546],[-240,-141],[-88,-112],[-146,23],[-449,-187],[-799,394],[-392,8],[-97,-57],[-164,566],[1211,426]],[[29247,47011],[145,65]],[[31745,45214],[-381,-134],[154,-574],[-156,-100],[-168,229]],[[31194,44635],[0,157],[-255,216]],[[30939,45008],[-145,-63]],[[28998,46899],[249,112]],[[29247,47011],[71,-209],[-100,-138],[355,-353],[-31,-131],[116,0],[131,-327],[-239,-125],[463,-248],[100,190],[255,-27],[8,-111],[339,-236],[16,-137],[-62,-7],[0,-72],[108,-45],[17,-90]],[[30794,44945],[-302,-133]],[[30492,44812],[7,-268],[-440,-26],[-239,144],[-272,-66]],[[29548,44596],[-111,155],[-205,-69],[-66,137],[-144,-42],[-61,118],[-152,51],[-143,-15],[-79,107],[-117,-68],[-101,8],[-65,271],[-110,54],[39,47],[-29,149],[-123,-30],[-230,70],[-117,222],[-162,-13],[-102,111],[67,164],[-220,132],[-196,-36],[-46,72],[-106,42],[17,390],[92,134],[-66,17],[491,247]],[[34757,49075],[-13,-442]],[[34832,46872],[88,-131]],[[34634,46527],[22,-597]],[[33612,45241],[-234,-206]],[[33378,45035],[-255,189],[-139,302],[-409,-20]],[[32575,45506],[-830,-292]],[[31745,45214],[-343,384],[-170,-112],[-54,393],[286,65],[162,-59],[39,144],[-201,79],[162,118],[-2234,850]],[[29392,47076],[78,373],[560,140]],[[30800,48754],[-22,371],[262,-327]],[[31107,50627],[3691,-171],[-41,-1381]],[[34757,49075],[-924,280],[-308,-982],[-1637,543],[-239,0],[-609,-118]],[[31040,48798],[-262,329]],[[29866,50152],[-1184,967]],[[33612,45241],[341,28],[407,186],[44,401],[175,-19],[77,93]],[[34656,45930],[-10,287]],[[37283,44879],[111,-270],[-540,-140],[-1037,-44],[-742,-420],[79,-98],[-55,-167],[-399,74],[3,83],[-109,88],[-338,-8],[-38,254],[-254,315],[-229,115],[-254,496],[131,84]],[[39802,44679],[-282,-245],[-1123,81],[-516,326],[-487,-232],[-312,764]],[[37965,46347],[354,-373]],[[40021,47597],[-85,-252]],[[40295,47032],[596,-1219]],[[38673,47763],[185,-198]],[[39287,47404],[40,-381],[619,-186],[549,-1058],[396,34]],[[40891,45813],[70,-141],[-1159,-993]],[[39802,44679],[-415,381],[-809,431],[160,220],[-419,263]],[[38319,45974],[-529,558]],[[34920,46741],[-38,57]],[[37700,46617],[265,-270]],[[37965,46347],[-365,-120],[110,-203],[-179,-110],[-200,144],[-30,-194],[-269,50],[179,-330],[-129,-211]],[[37082,45373],[201,-494]],[[37283,44879],[-172,-23],[-89,-211],[-439,178],[-430,617],[-698,178],[-809,599]],[[34646,46217],[-12,310]],[[34634,46527],[-198,112],[484,102]],[[40435,48817],[-414,-1220]],[[40021,47597],[-155,61],[-160,-279],[-100,135],[-319,-110]],[[39287,47404],[-240,228],[-189,-67]],[[38858,47565],[-190,203],[-439,956]],[[38843,50428],[1429,-173]],[[34744,48633],[54,1823],[4045,-28]],[[38843,50428],[-145,-773],[-469,-931]],[[38229,48724],[444,-961]],[[38673,47763],[-683,-672],[319,-440],[-279,-170],[-240,51]],[[37790,46532],[-90,85]],[[37700,46617],[-139,-51],[-140,389],[-270,77],[-249,-119],[-90,195],[-189,0],[-220,753],[-349,-59],[-60,-263],[120,-144],[-140,-304],[50,-466],[-589,144],[-553,29]],[[34882,46798],[-50,74]],[[34832,46872],[165,1015],[-253,746]],[[40272,50255],[1383,-169]],[[44586,50910],[-62,-117],[15,-197],[434,-604],[2,-168],[607,-361],[-43,-253],[48,-216],[354,76],[269,158],[163,10],[271,-55],[15,-61],[296,41],[45,-66],[88,9],[71,-75],[306,-85],[-9,-83],[-114,-123],[129,-225],[-156,-183],[17,-940],[427,-436],[-5316,13],[-1482,-1297],[-666,1360]],[[40295,47032],[-359,313]],[[39936,47345],[499,1472]],[[40435,48817],[-529,407],[366,1031]],[[31056,51764],[78,173],[232,209]],[[32310,52331],[324,-446]],[[33389,50522],[-2282,105]],[[31107,50627],[-1384,978]],[[31077,51841],[-21,-77]],[[31056,51764],[-197,-161],[-295,71],[0,-119],[-127,-54],[-310,6],[-404,98]],[[29723,51605],[-297,-456],[-744,-30]],[[27567,52020],[-71,173]],[[27510,52094],[57,-74]],[[27567,52020],[-21,-92]],[[26409,50813],[-206,-857],[-1875,114],[-659,288]],[[22670,51608],[-206,131]],[[24287,52688],[-31,175]],[[28409,54079],[29,-57],[472,-36]],[[28882,52838],[-823,-275],[71,-41],[-36,-144],[-133,-113],[-64,60],[-147,0],[-36,-150],[-175,48],[-43,-30]],[[27496,52193],[14,-99]],[[27510,52094],[-98,-26],[-63,-107],[-535,53],[-28,144],[-197,316],[-155,65],[-14,-95],[-113,6],[14,95],[-126,120],[63,131]],[[25541,52969],[-408,-131],[-226,232],[-77,0],[-91,-113],[-483,-94]],[[24256,52863],[-41,201]],[[24544,54960],[308,254]],[[24852,55214],[537,444]],[[27408,56032],[735,-1434]],[[26272,54568],[-1048,501],[-7,78],[-365,67]],[[25541,52969],[140,269],[317,65],[56,173],[-246,227],[485,626],[-21,239]],[[26272,54568],[479,60],[506,-78],[296,12],[147,-95],[141,0],[0,65],[302,66]],[[28143,54598],[266,-519]],[[28409,54079],[-195,-66],[-190,-322],[-204,0],[-218,-239],[-380,-286],[-295,12],[-197,-197],[-472,-185]],[[26258,52796],[-42,60],[-127,-48],[-176,107],[-98,-107],[-77,6],[21,137],[-218,18]],[[28910,53986],[558,-42]],[[31679,53199],[631,-868]],[[32310,52331],[-698,-54],[49,-60],[-197,-131],[-98,60]],[[31366,52146],[-289,-305]],[[31077,51841],[-281,155],[56,162],[-366,292],[92,149],[-268,233],[-190,36],[-330,-66],[-218,-167],[-289,-54],[-176,48],[-21,101],[-204,108]],[[28882,52838],[0,65],[-147,42],[91,209],[-77,310],[-7,328],[112,48],[56,146]],[[20559,58049],[-437,-44]],[[19000,58758],[287,-45]],[[20617,59238],[167,-109]],[[18943,58787],[57,-29]],[[19000,58758],[-100,-56],[-28,-125],[197,-179],[182,-36],[99,-274],[-49,-47],[42,-191],[98,-42],[112,161],[295,54],[56,65],[218,-83]],[[20122,58005],[127,32]],[[18662,57172],[-1833,-864]],[[15088,57225],[-221,1120]],[[18395,59386],[351,-190]],[[18978,59053],[-35,-266]],[[18943,58787],[-169,-91],[-112,17],[-29,-83],[-42,54],[-351,24],[-84,77],[-169,-214],[-484,190],[-169,167],[-42,208],[-189,215],[-92,18],[-14,-257],[-344,42],[-98,-59],[-281,113],[-147,-274],[-372,-78],[-485,-410],[-403,-101]],[[14867,58345],[-263,1335],[47,399]],[[14651,60079],[231,1968],[377,-809],[222,-136],[384,-104],[656,-118],[1076,325],[690,66]],[[18728,59239],[-333,147]],[[18395,59386],[-365,483],[-106,41],[-126,-77],[63,95],[-393,48],[-176,-155],[-133,78],[-337,-84],[-274,60],[-463,-221],[-422,96],[-309,-280],[49,339],[-301,167],[-451,103]],[[18287,61271],[2299,-42],[435,-763],[-587,-1109],[183,-119]],[[20617,59238],[-439,-137],[0,-102],[-175,-107],[-78,0],[15,84],[-120,29],[-140,-172],[-393,-120]],[[19287,58713],[-183,6],[-162,60],[36,274]],[[18978,59053],[-127,-24],[0,185],[-105,-18]],[[18746,59196],[-18,43]],[[18728,59239],[81,278],[-56,239],[-134,166],[36,114],[-113,178],[-232,203],[-91,274],[-91,71],[168,250],[-9,259]],[[29225,56555],[267,-384],[-121,-540]],[[29921,54820],[120,-456]],[[30041,54364],[-295,-36],[-278,-384]],[[29468,53944],[-1030,78],[-879,1710]],[[27851,56091],[136,219]],[[27816,56412],[178,-90],[-143,-231]],[[27851,56091],[-193,-121],[-99,-238]],[[27559,55732],[-151,300]],[[27408,56032],[-773,104]],[[26635,56136],[-106,1302]],[[28954,56945],[271,-390]],[[29225,56555],[-601,33],[-637,-278]],[[27987,56310],[-171,102]],[[27816,56412],[-36,286],[229,48],[78,400],[-221,109],[42,152],[108,12],[-43,128],[121,72],[65,249],[200,-30],[500,156]],[[28402,59245],[138,-500]],[[28749,58428],[-132,-214]],[[28617,58214],[-79,0],[-208,-194],[-250,-116],[-172,25],[-214,-49],[-93,-170],[-436,-133],[-422,67],[-214,-206]],[[26529,57438],[-27,332]],[[26328,59117],[229,-18]],[[27022,59129],[34,115],[309,-206]],[[26142,59135],[186,-18]],[[26328,59117],[-14,-218],[-86,-140],[-1024,-150]],[[25204,58609],[-598,978]],[[28986,60587],[-138,-136]],[[28365,59379],[37,-134]],[[28402,59245],[-265,-134],[-407,85],[-115,-164],[-250,6]],[[27365,59038],[-329,219],[-14,139]],[[27241,61066],[-126,-257],[-79,-400],[114,-230],[-57,-61],[-7,-170],[300,-412],[-150,-128],[-214,-12]],[[27022,59396],[0,-267]],[[27022,59129],[-236,-54],[-129,60],[-100,-36]],[[26557,59099],[-415,36]],[[26142,59135],[-221,328],[28,376],[-43,230],[-465,674]],[[26095,61630],[-654,-887]],[[25441,60743],[-107,42],[-479,-79],[22,-42],[-93,-55],[-301,0],[-86,-91],[-307,-127],[-462,-32]],[[23494,60490],[0,192],[164,227],[701,595],[183,126],[1553,0]],[[29365,60963],[-379,-376]],[[28986,60587],[-269,28],[-580,267],[-658,-18],[-238,202]],[[27241,61066],[-520,-75],[-178,103],[-448,536]],[[26099,62580],[1351,587],[195,6],[1806,-943],[992,-676],[71,-201]],[[24797,55168],[-253,-208]],[[24544,54960],[-721,-1049],[392,-847]],[[24215,53064],[72,-376]],[[24287,52688],[-52,-279],[-298,-359],[-361,-52],[-999,315]],[[22577,52313],[-21,1939]],[[22711,54995],[-553,439]],[[26561,57043],[74,-907]],[[26635,56136],[-556,-373],[-690,-105]],[[25389,55658],[-592,-490]],[[24797,55168],[-228,27],[-756,262],[-34,175],[-157,291]],[[26502,57770],[59,-727]],[[26561,57043],[-1148,86],[-157,-79],[-280,-358],[-137,-62],[-157,17],[-378,-192],[-118,-195],[-279,-225],[-285,-112]],[[23622,55923],[-191,91],[-388,-87],[-29,-112],[-147,-158],[-113,-63],[-299,-29],[-297,-131]],[[22158,55434],[-261,207]],[[21959,55990],[-481,609]],[[24837,59208],[367,-599]],[[25204,58609],[1298,-839]],[[21478,56599],[-65,81]],[[23246,59561],[1360,26]],[[24606,59587],[231,-379]],[[24837,59208],[-440,-219],[-1275,-433],[15,-216],[-226,-250],[-39,-395],[240,-383],[-78,-199],[-368,-25],[-241,45],[-377,-133],[-241,-183],[-206,-75],[-123,-143]],[[22450,58831],[-138,-79],[-19,-237],[-157,-79],[-123,-238],[-29,-183],[-314,-87],[-123,-104],[128,-216],[-69,-117],[-29,-457],[-108,-84],[34,-133],[-90,-137]],[[21413,56680],[-979,175]],[[20559,58049],[205,181],[-124,253],[258,140],[-114,506]],[[20784,59129],[-350,228],[264,498]],[[23628,60359],[-73,-577],[-309,-221]],[[23246,59561],[-291,-114],[39,-163],[-113,-66],[-24,-108],[-172,-117],[10,-112],[-245,-50]],[[22450,58831],[-5,266],[-206,54],[-123,-83],[-142,75],[-39,120],[-113,-49],[-64,104],[-422,79],[-157,149],[5,79],[-113,63],[-137,-79],[-167,37],[20,150],[-54,-4],[-35,63]],[[20698,59855],[323,611],[2473,24]],[[23494,60490],[134,-131]],[[17282,56521],[1064,502]],[[21009,53028],[-338,143],[-4986,-412]],[[21959,55990],[-83,-209],[21,-140]],[[21897,55641],[814,-646]],[[22711,54995],[-155,-743]],[[22556,54252],[13,-1185],[-1560,-39]],[[21009,53028],[71,174],[-56,179],[190,-12],[0,197],[-359,226],[-112,305],[176,656],[-22,400],[219,59],[-71,84],[-155,-54],[0,90],[176,47],[-112,54],[105,257],[-119,65],[-7,84],[-676,77],[-42,114],[-443,370],[-14,-215],[-127,-125],[-802,191],[-49,113],[84,113],[-133,197],[-247,155],[-138,194]],[[18346,57023],[316,149]],[[18662,57172],[1309,385],[278,480]],[[20249,58037],[310,12]],[[20559,58049],[61,-486],[-134,-149],[-52,-559]],[[20434,56855],[979,-174],[546,-691]],[[15088,57225],[1741,-917]],[[16829,56308],[453,213]],[[17282,56521],[-176,-795],[-183,-120],[-226,-453],[-98,-561],[-239,-263],[-155,-65],[-295,-418],[-29,-203],[-140,-161],[-92,-227],[85,-334],[-78,-107],[29,-55]],[[15685,52759],[-138,-11],[-177,126],[-359,42],[30,85],[-203,26],[-109,97],[-6,89],[-218,4],[-86,119],[29,117],[-176,88],[49,55],[-29,158],[-164,30],[-53,84],[-143,2],[-9,50],[-111,20],[20,51],[-56,43],[-183,24],[-58,53],[2,90],[-197,20],[-26,54],[-119,-24],[-53,59],[-149,4],[-31,55],[-131,-2],[-147,124],[-68,-1],[-23,56],[-203,-18],[-237,217],[-67,-44],[-125,63],[-55,206],[-95,15],[-83,119],[-301,62],[-1,144],[-98,121],[196,131],[206,52],[37,75],[-60,100],[21,266],[-64,-26],[-153,242],[-66,3],[-89,91],[-314,-40],[-189,161],[-217,84],[-67,150],[-135,26],[-69,289],[-76,92],[-53,-18],[-135,66],[-178,-33],[-69,75],[-113,-15],[-211,60],[-230,-70],[-95,17],[-273,213],[-218,-29],[-126,-72],[-57,63],[-363,58],[-64,81],[-110,28],[-98,201],[58,80],[-9,167],[135,62],[39,117],[141,90],[-119,184],[131,161],[202,108],[135,-23],[117,38],[40,167],[87,32],[77,-27],[-50,120],[327,107],[117,86],[6,131],[-92,88],[-32,167],[27,195],[89,136],[-74,199],[52,145],[144,106],[53,198],[134,80],[0,122],[116,102],[65,195],[125,88],[13,152],[-52,35],[27,133],[-41,66],[50,62],[122,10],[178,190],[185,69],[17,56],[39,-25],[41,58],[59,-2],[21,75],[105,-2],[-36,25],[55,153],[49,44],[60,-17],[-19,98],[121,40],[-61,104],[83,17],[-25,67],[102,8],[2,84],[-66,104],[-96,41],[85,48],[-42,17],[72,139],[-28,60],[87,58],[4,74],[63,42],[70,-43],[67,96],[126,-54],[-2,55],[110,24],[6,41],[202,-77],[12,81],[156,-22],[51,73],[127,-22],[47,55],[20,-50],[70,55],[72,-29],[18,42],[15,-49],[86,-20],[3,53],[87,-46],[23,61],[105,-29],[50,61],[68,-50],[31,47],[207,-21],[66,97],[20,-62],[76,-25],[9,34],[200,24],[22,47],[12,-58],[64,37],[56,-47],[36,40],[34,-49],[67,34],[77,-92],[115,57],[13,-98],[113,6],[-9,-566],[235,-73],[168,-113],[223,-350],[347,-284],[-278,-2367],[484,-2455]],[[25412,50004],[791,-48],[24,100]],[[28349,47188],[-428,-177],[-418,10]],[[27503,47021],[-530,-262],[-113,85],[-71,-53],[-116,134],[-305,122],[-71,-24],[-145,55],[-81,-37],[-127,117],[-29,-76],[-70,-19],[18,-233]],[[28538,50015],[732,-210]],[[29471,47449],[-78,-372],[-395,-178]],[[28998,46899],[-330,215],[-319,74]],[[28349,47188],[-224,168],[15,194],[-185,218],[63,25],[-165,485],[-145,91],[-262,312],[-476,33],[-92,453],[165,214],[-39,395],[124,112]],[[29664,50316],[202,-164]],[[29866,50152],[1230,-485],[-77,-540],[-241,0]],[[30778,49127],[22,-373]],[[30800,48754],[109,-140],[-87,-158],[-110,0],[-44,-196],[66,-140],[-165,-298],[-198,0],[-341,-233]],[[30030,47589],[-559,-140]],[[29471,47449],[-84,191],[-97,25],[43,111],[-271,506],[77,391],[-126,128],[126,271],[-87,264],[563,94],[-345,375]],[[29270,49805],[-466,128]],[[23929,50245],[399,-175],[1084,-66]],[[25412,50004],[-59,-239],[121,-262],[-133,-237],[67,-236],[127,-149],[43,-299],[-37,-257],[-60,-57],[127,-216],[-115,-108],[109,-118],[-43,-190],[61,-108],[-103,-129],[152,-206],[72,-5],[-12,-195],[134,-163]],[[25863,46830],[-87,-70],[5,-130],[-140,-114],[-129,-11],[-74,-217],[-128,-38],[-123,46],[-56,-129],[-133,-31],[-256,211],[-2,54],[-193,-5],[19,85],[-129,13],[-36,74],[-117,14],[-21,-44],[-184,-14]],[[22834,51101],[279,-44],[556,-699]],[[23669,50358],[260,-113]],[[23929,50245],[-44,-150],[-345,-350],[-443,-278],[-43,-226],[-91,-129],[-60,-499],[358,-550],[272,-52],[328,-329],[-42,-473],[200,-155],[6,-159],[-55,-82],[73,-67],[36,-222]],[[24079,46524],[-193,47],[-133,-27],[-49,63],[2,142],[-125,47],[-94,-71],[-137,1],[-1,-67],[-99,-48],[22,-58],[-99,-158],[-228,-30],[-93,-109],[-226,-8],[-62,-161],[-130,-109],[-276,15],[-62,315]],[[22834,51101],[-207,-170],[-114,-328],[30,-263],[-235,-348],[-515,-334],[-296,-431],[197,-308],[228,-142],[-61,-405],[129,-161],[-84,-199],[0,-843],[175,-51],[-144,-238],[-114,-45],[68,-77],[106,-26],[0,-141],[-113,-103],[30,-71],[182,-109]],[[22096,46308],[45,-116],[-34,-37],[-169,43],[-342,-34],[-93,96],[-140,53],[49,61],[-27,47],[-37,-35],[-82,45],[-100,-77],[-133,165],[14,229],[-218,-1],[-109,57],[-31,-72],[-217,14],[-104,111],[-163,59],[22,40],[-109,168],[590,483]],[[22566,51673],[104,-65]],[[22670,51608],[164,-507]],[[26227,50056],[182,757]],[[26409,50813],[535,314],[11,647],[216,8],[52,-140],[134,-26],[-42,166],[231,146]],[[27546,51928],[521,-32],[114,-332],[175,-227],[-52,-184],[378,-34]],[[28682,51119],[982,-803]],[[29664,50316],[-860,-383]],[[28804,49933],[-266,82]],[[28538,50015],[-30,-82],[93,-157],[-413,58],[-369,-111],[-9,-161],[-340,58],[-342,268]],[[27128,49888],[-764,69],[-137,99]],[[22577,52313],[-103,-33],[113,-341],[-123,-200]],[[22464,51739],[102,-66]],[[22566,51673],[-174,-86],[-288,26],[-425,-328],[0,-110],[-258,-199],[-174,-244],[0,-200],[-220,-90],[106,-424],[-121,-174],[91,-366],[-106,-71],[197,-103],[-106,-83],[83,-39],[-76,-71],[174,-57],[91,-431],[152,-20],[-15,-186],[152,-97],[-76,-347],[-470,-296],[-395,-70]],[[20708,47607],[-600,-480],[51,140],[-69,148],[-179,5],[-95,246],[-407,60],[-238,209],[-17,95],[-136,50],[47,219],[-136,95],[-54,130],[-224,109],[-259,382]],[[20291,50738],[144,174],[-235,405]],[[22576,52372],[1,-59]],[[20421,50937],[-130,-199]],[[20291,50738],[144,-167],[-30,-257],[387,-399],[-250,-566],[-698,-90],[-705,-238],[-747,-6]],[[18392,49015],[-54,298],[63,169],[98,87],[-36,82],[48,80],[-190,12],[23,119],[-75,97],[8,70],[-101,122],[-114,28],[9,60],[-80,6],[-120,98],[-119,-42],[-224,186],[-218,23],[-53,93],[-291,-13],[-41,265],[-72,-21],[-144,76],[-123,-13],[-6,47],[-191,-61],[-193,98],[-140,-1],[-89,97],[1,96],[-81,40],[-232,-118],[42,126],[203,127],[41,188],[-191,-8],[7,173],[-276,63],[-159,151],[-128,43],[-37,84],[57,95],[-95,132],[120,52],[13,105],[84,10],[-13,95],[98,12],[126,205],[2257,186]],[[17804,52934],[2867,237],[392,-166],[1506,62],[7,-695]],[[22576,52372],[-268,-58],[-326,-341],[-849,-373],[-933,-283]],[[20200,51317],[221,-380]],[[20421,50937],[-2131,406],[-501,1093],[-38,341],[53,157]],[[36167,50461],[-1369,-5],[-1409,66]],[[33389,50522],[-755,1363]],[[32634,51885],[-544,748]],[[33049,53191],[656,618],[1093,97]],[[38515,54348],[42,-442]],[[42988,53063],[-26,-39],[65,-27],[222,-34],[28,58],[92,-31],[83,-93],[97,-23],[34,-113],[177,-166],[329,41],[87,-30],[-1,-56],[166,-64],[63,-152],[44,12],[168,-170],[-36,-129],[-61,-38],[24,-121],[-111,-156],[-26,-148],[66,-160],[-50,-190],[123,-109],[41,-215]],[[44586,50910],[-2931,-824]],[[41655,50086],[-2812,342]],[[38843,50428],[-2676,33]],[[36167,50461],[-26,761],[-197,97],[-219,645],[52,247],[271,132],[-21,777],[187,327],[-104,203],[437,292],[-166,70]],[[33701,53806],[-652,-615]],[[33049,53191],[-531,-62],[-396,-300],[-32,-196]],[[32090,52633],[-411,566]],[[31679,53199],[-1638,1165]],[[30041,54364],[-53,203]],[[39577,55434],[-118,433],[291,-138],[174,55],[11,-43],[125,17],[68,-96],[165,-55],[-14,-55],[130,-65],[72,19],[118,-88],[124,-179],[273,-26],[-16,-109],[200,-149],[11,-108],[102,-71],[16,-235],[-102,-20],[34,-64],[66,-65],[112,-14],[93,-74],[8,-68],[291,-107],[17,-267],[83,-8],[46,-95],[81,29],[165,-100],[-53,-32],[10,-56],[300,-101],[37,44],[131,-53],[85,40],[173,-112],[6,-75],[50,11],[59,-127],[-41,-79],[28,-85]],[[42988,53063],[-724,-102],[-125,-150],[-781,106],[-760,212],[-229,-132],[-510,-27],[-261,159],[-21,97],[219,389],[-83,115],[-417,-89],[-739,265]],[[38557,53906],[-37,398]],[[29371,55631],[32,140]],[[33061,56722],[436,-308]],[[33288,55037],[-1218,-159],[-593,-265],[-104,53],[-1385,-99]],[[29988,54567],[-67,253]],[[29921,54820],[-550,811]],[[33382,57500],[63,168]],[[37016,54895],[-239,-344],[-396,-141],[0,-398]],[[36381,54012],[-73,-61],[-1374,79],[-136,-124]],[[34798,53906],[-1097,-100]],[[33701,53806],[-215,524],[-31,415],[-167,292]],[[33288,55037],[157,159],[31,485],[125,124],[-42,106],[-135,26],[73,477]],[[33497,56414],[-688,486]],[[37910,56581],[11,-57],[-132,-76],[57,-141],[-56,-52],[160,-174],[-3,-66],[157,35],[53,-64],[178,64],[164,-88],[53,-12],[28,44],[171,-118],[43,18],[88,-116],[199,101],[40,-36],[91,22],[17,54],[99,-55],[26,43],[104,-44],[119,-429]],[[39577,55434],[-208,-450],[63,-115],[-84,-53],[-177,0],[-135,-212],[-375,-80],[104,-97],[-104,-123],[-141,0]],[[38520,54304],[-5,44]],[[38515,54348],[-572,62],[-281,415],[-84,-53],[-562,123]],[[37016,54895],[-31,133],[-73,-35],[-417,88],[32,247],[-198,115],[198,212],[20,88],[-145,583],[-594,35],[-166,-106],[-52,18],[10,124],[-229,220],[-156,327],[-229,-18]],[[31185,59046],[1560,-209]],[[33424,57613],[-42,-113]],[[33382,57500],[-552,-476],[-21,-124]],[[32809,56900],[252,-178]],[[33061,56722],[-814,-281],[-260,-301],[-1093,-61],[-958,-336],[-533,28]],[[29403,55771],[89,400],[-538,774]],[[28954,56945],[-176,-9],[0,363],[136,645],[-55,50]],[[28859,57994],[-242,220]],[[28617,58214],[43,70]],[[32745,58837],[106,-21]],[[35854,59545],[-55,-270]],[[36590,57867],[-32,-375],[-396,-248],[-83,-9],[-229,292],[-94,-71],[-83,415],[-323,-53],[-219,-185],[-62,-451],[-115,-132],[32,-124]],[[34986,56926],[-157,-203],[-145,71],[-52,283],[145,468],[-72,70],[-313,-26],[-42,-230],[-270,-62],[21,89],[-292,238],[-364,44]],[[33445,57668],[-21,-55]],[[33424,57613],[-177,382],[-188,62],[-187,-9],[-177,185],[114,318],[-93,18],[29,268]],[[31637,60698],[943,-240]],[[33845,59126],[-994,-310]],[[32851,58816],[-1437,212]],[[30822,60905],[815,-207]],[[31637,60698],[-35,-89],[-313,-150],[229,-654],[-177,-282],[281,-318],[-208,-177]],[[31414,59028],[-229,18]],[[31185,59046],[-843,-424],[-771,-106],[-791,-265],[-120,33]],[[28660,58284],[89,144]],[[28749,58428],[-296,215],[87,102]],[[28540,58745],[-175,634]],[[28365,59379],[615,634],[-132,438]],[[28848,60451],[517,512]],[[29365,60963],[845,-70]],[[35799,59275],[64,459],[1198,79]],[[38519,57897],[15,-36],[-13,-81],[-85,2],[-15,-66],[25,-91],[74,22],[7,-46],[-87,-27],[19,-97],[-95,-15],[18,-112],[103,-56],[-133,-116],[78,-78],[15,-107],[-251,-61],[4,-138],[-121,35],[-24,-148],[-112,-23],[-31,-77]],[[37910,56581],[-694,0],[330,830],[-956,456]],[[36590,57867],[-417,1333],[-374,75]],[[41623,60048],[41,-1583],[-224,-29],[-193,-416],[-415,-14],[-89,-139],[-132,-12],[-193,-189],[-88,35],[-124,-24],[-83,42],[-49,174],[-120,48]],[[39521,58955],[-168,285]],[[37061,59813],[179,12]],[[39433,59105],[88,-150]],[[39521,58955],[-46,-46],[130,-298],[-53,-292],[161,-130],[160,-13],[107,-85],[-26,-150]],[[39954,57941],[-82,25],[-64,-81],[-97,24],[-26,64],[-216,20],[-62,-69],[-111,-36],[-78,25],[-87,-76],[-282,119],[-71,-80],[-69,65],[-92,-42],[-40,-69],[-58,67]],[[38519,57897],[-613,0],[-7,240],[-69,19],[0,163],[-77,-26],[-69,168],[69,85],[-497,610],[107,71],[-176,208],[-126,378]],[[37784,61688],[0,-215]],[[40829,60909],[707,1],[87,-862]],[[41623,60048],[-579,10],[146,-655],[-444,-215],[-620,-39],[-92,-123],[-191,-13],[-115,156],[-345,182],[-30,-111]],[[39353,59240],[80,-135]],[[39433,59105],[-218,-46],[-184,266],[-275,188],[-237,312],[-261,45],[-145,351],[-291,344],[-168,0]],[[33845,59126],[-255,596],[198,177],[-110,373],[-549,46],[-253,270],[-296,-130]],[[32580,60458],[-1758,447]],[[30822,60905],[-612,-12]],[[30210,60893],[18,338],[286,122]],[[30514,61353],[-63,187]],[[30671,61626],[1291,27],[168,59],[140,118]],[[33207,60759],[203,79]],[[32270,61830],[204,226]],[[33965,61408],[-8,-65]],[[33490,60870],[-283,-111]],[[33207,60759],[-192,240],[85,104],[-54,85],[-99,-13],[-46,45],[137,91],[-7,182],[-276,227],[-485,110]],[[33410,60838],[80,32]],[[33490,60870],[31,259],[436,214]],[[33957,61343],[46,182]],[[37248,62525],[397,-7],[139,-830]],[[37784,61688],[-130,-7],[-115,-110],[-38,-137],[168,-266],[-69,-337],[130,-156],[-76,-110]],[[37654,60565],[-284,-98],[-137,-415],[7,-227]],[[37240,59825],[-1377,-91],[-9,-189]],[[35854,59545],[-121,214],[-450,-484],[-561,-271],[-373,-344],[-440,316],[-64,150]],[[33845,59126],[426,4],[367,208],[-191,428],[0,266],[229,176],[-7,58],[-712,188],[23,78],[-570,306]],[[35388,62700],[-318,-419]],[[35070,62281],[-309,-308],[-184,-58],[-291,-266],[23,-124],[-161,-6],[-61,71],[-84,-65]],[[34003,61525],[-38,-117]],[[33965,61408],[-460,78],[-421,260],[-467,123],[-143,187]],[[32474,62056],[1224,1160]],[[37799,62823],[-153,-305],[-398,7]],[[37248,62525],[-145,110],[-146,-91],[69,-32],[-31,-195],[-260,-117],[-145,195],[-169,-32],[-160,-280],[-536,-45],[-207,208],[-448,35]],[[35070,62281],[356,478]],[[35518,64518],[414,240],[283,0],[712,-111]],[[37325,63550],[328,-213]],[[35993,64777],[-322,-142],[-153,-117]],[[35518,64518],[-23,-111],[-696,-519],[-8,-208],[77,-97],[329,13],[92,-143],[-23,-318],[160,-376]],[[35426,62759],[-38,-59]],[[35388,62700],[-650,162],[-46,-90],[-406,207],[-482,91],[-106,146]],[[33698,63216],[654,959],[558,283]],[[35711,67206],[-939,712],[2158,7],[-34,-194]],[[38059,64070],[-405,-734],[-329,214]],[[37325,63550],[7,163],[161,-33],[23,169],[-168,247],[114,110],[-23,208],[-160,130],[-352,103]],[[36927,64647],[-934,130]],[[35993,64777],[375,318],[199,52],[99,143],[16,351],[-92,415],[237,792],[253,383],[-31,227],[-153,273]],[[36896,67731],[79,381],[-95,641],[1916,-70],[-138,-132],[-275,-1212],[-136,-335],[440,-2283],[-157,-270],[476,-117]],[[37799,62823],[-146,514]],[[37653,63337],[406,733]],[[38059,64070],[947,264]],[[39006,64334],[415,-103],[639,-626],[408,-288],[367,-508]],[[41054,61790],[-154,-127]],[[40829,60909],[-137,64],[-23,-25],[261,-254],[-184,-32],[-115,-169],[-597,-39],[-184,124],[-46,233],[-321,201],[-413,-58],[-268,84],[-452,260],[-566,175]],[[37784,61473],[-139,1045],[154,305]],[[36534,78060],[269,-38],[49,-166]],[[36692,77202],[-457,25]],[[36042,77316],[45,367]],[[35945,77928],[-10,166],[488,83]],[[35139,79457],[497,-549],[238,7],[2,-260]],[[35973,78653],[-20,-227]],[[35000,80681],[355,-41]],[[36356,78441],[-205,-11]],[[36091,78472],[112,227],[10,353],[110,285],[-39,91],[27,453],[174,328],[-9,125],[268,58]],[[37135,80263],[1603,-245]],[[42454,78628],[-1331,228]],[[39893,78539],[-146,-287],[-34,-277]],[[38488,77295],[-128,-11],[-182,187]],[[38042,77502],[-459,-71]],[[36941,77844],[-122,36],[-16,142],[-107,47],[-32,83]],[[36405,78424],[-49,17]],[[36356,78441],[20,183],[212,4],[53,87],[293,51],[180,0],[540,-143],[-146,823],[23,91],[225,61],[232,-70],[263,25],[73,81],[-91,130],[24,57],[110,54],[29,-111],[342,254]],[[38738,80018],[524,-158]],[[36753,80494],[-9,-102]],[[36744,80392],[-290,-79],[31,-104],[-148,-209],[-53,-544],[43,-89],[-73,-122],[-40,-491],[-63,-161]],[[35971,78589],[2,64]],[[35973,78653],[-97,2]],[[35876,78655],[6,252],[-261,11],[-482,539]],[[35139,79457],[-198,-49],[-220,320],[-522,140],[-177,93],[-49,99],[-3,83],[49,30],[766,-84],[510,15],[72,172],[-12,364]],[[35355,80640],[1398,-146]],[[35971,78589],[180,4]],[[36151,78593],[-125,-456],[-107,-61],[26,-148]],[[35945,77928],[142,-245]],[[36087,77683],[0,-209],[-45,-158]],[[35613,77209],[-826,1453]],[[34787,78662],[561,-255],[605,19]],[[35953,78426],[18,163]],[[36151,78430],[254,-6]],[[36405,78424],[80,-196],[179,-76]],[[36664,78152],[52,-98],[-182,6]],[[36534,78060],[-111,117]],[[36423,78177],[-397,-40],[65,335]],[[36091,78472],[60,-42]],[[38866,95139],[130,-503],[-31,-106],[-204,-205]],[[38800,94056],[-97,-276],[55,-131],[326,-170],[250,-258]],[[40496,88614],[773,-1665]],[[35287,87819],[195,2163],[339,6738],[2523,2],[1324,-797]],[[36753,80494],[-1753,187]],[[35000,80681],[-974,659]],[[34026,81340],[894,1070]],[[39677,82545],[483,24]],[[42525,80406],[-189,4]],[[41896,79689],[-833,-145],[-1027,-63],[-451,163],[-323,216]],[[39262,79860],[-540,167],[-1587,236]],[[37135,80263],[-382,231]],[[36753,80494],[127,81],[22,116],[584,350],[227,71],[267,-113],[88,3],[146,58],[199,219],[251,146],[420,113],[126,-5],[150,128],[376,66],[211,200],[17,108],[99,50],[159,242],[-62,242]],[[40160,82569],[52,1],[257,-51],[401,-238],[1395,-934]],[[46910,82283],[-68,-1195],[-77,-185]],[[45961,80497],[-942,66]],[[42851,80396],[-326,10]],[[42525,80406],[-260,941]],[[42265,81347],[-1796,1172],[-345,76],[-43,-56],[-246,38],[-158,-32]],[[39677,82545],[-162,-265],[-4595,130]],[[34920,82410],[791,930],[-631,1482],[552,-295]],[[41321,84438],[811,2],[1848,726],[1161,-1166],[938,-632],[708,-368]],[[41616,84424],[-295,14]],[[41321,84438],[-72,-84],[-186,-9],[-66,-269],[-159,-99],[-86,2],[-130,-132],[-64,107],[-299,141],[-1627,149],[-537,-106],[-698,-276],[-1725,307],[-40,358]],[[35632,84527],[-599,320]],[[35557,85845],[211,173]],[[41269,86949],[299,-631]],[[43224,85780],[757,-614],[-1849,-726],[-516,-16]],[[41616,84424],[-4,118],[-542,-2],[-34,62],[-90,-58],[-1567,-27],[-25,558],[-1135,34],[-193,692],[-2258,217]],[[35768,86018],[849,653]],[[36617,86671],[516,-70],[847,32],[627,-188],[298,-43],[794,319],[348,-24],[126,370],[1096,-118]],[[28999,90108],[2554,4]],[[28889,90170],[257,-896],[480,117],[1927,721]],[[31553,90112],[3931,-26],[-2,-104],[-13,-110]],[[34433,88918],[-991,-1021]],[[19208,87315],[12,2905],[9669,-50]],[[23055,81034],[-3869,3],[22,6278]],[[19208,87315],[7855,-11],[161,16],[858,434],[292,0],[689,-256],[341,32],[132,-237],[3906,604]],[[33442,87897],[-722,-743],[-2581,-1230]],[[35227,82772],[-1201,-1432]],[[34026,81340],[-634,-297]],[[33392,81043],[-10337,-9]],[[23055,81034],[6725,4835],[231,142],[12,-41],[84,21],[32,-67]],[[30139,85924],[1923,915]],[[36617,86671],[-1060,-826]],[[35557,85845],[-251,-406],[-273,-592]],[[35033,84847],[678,-1507],[-484,-568]],[[35227,82772],[-2713,2389],[130,240],[-32,25],[-282,-78],[-124,45],[105,598],[-249,848]],[[32062,86839],[658,315],[1713,1764]],[[34433,88918],[1036,954]],[[35469,89872],[-182,-2053]],[[35287,87819],[1330,-1148]],[[17321,81040],[5734,-6]],[[23055,81034],[7702,0]],[[24264,73468],[-409,-81],[-248,6]],[[21322,73675],[-231,78],[-18,108]],[[21174,73966],[-264,192],[-58,-54],[7,-140]],[[19144,73750],[-1129,-20],[242,1376]],[[32835,74414],[96,-407],[109,-179]],[[33691,73440],[173,-430]],[[29344,74136],[-49,-68]],[[29585,73852],[9,-97],[-53,-178]],[[28749,72330],[-30,45]],[[27523,72609],[-95,-12],[-113,-72],[-257,-55]],[[24639,72905],[-387,89],[-407,166]],[[23845,73391],[0,1],[419,76]],[[24264,73468],[0,179],[384,257],[157,215],[151,18],[401,-247],[138,78],[144,-9],[56,73],[148,47],[97,-76],[70,129],[163,51],[-100,101],[80,90],[59,210],[4,113],[-129,98],[21,101],[165,66],[267,-63],[397,48],[42,384]],[[34787,78662],[814,-1483],[-1044,-363]],[[34656,76633],[-98,-57],[-301,-1]],[[34001,75975],[-391,-269]],[[33087,75563],[-69,-498],[-196,-381],[13,-270]],[[32835,74414],[-135,10],[-275,263],[-339,63],[18,77],[108,86],[-211,286],[-533,16],[-145,191],[-131,0],[-39,-111],[-85,30],[-59,-85],[-179,205],[-396,-3],[-173,-91],[-18,-69],[-65,23],[-506,-184],[-124,-76],[-62,-140],[-131,-70],[-195,-19],[-44,-226],[-97,-131],[-76,-20],[-183,242],[71,277],[-119,51],[-193,-95],[-79,201],[-1248,373],[-213,-157]],[[26979,75331],[-549,218],[115,119],[463,276],[-80,460],[-668,477],[-475,238],[0,328],[1213,745],[-334,924],[475,552],[984,402],[826,-89],[1634,507],[174,546]],[[30757,81034],[2635,9]],[[33392,81043],[1039,-1968],[356,-413]],[[20358,72938],[-102,-331],[-186,-156],[-130,-34]],[[19657,72465],[-324,-559]],[[20858,69945],[149,-72]],[[17968,70470],[22,204],[82,135],[662,615]],[[19144,73750],[-84,332],[86,-12],[54,74],[932,1],[172,-173],[124,42],[63,-42],[-55,73],[153,-5],[-3,-55],[177,-35],[96,14]],[[20859,73964],[5,183],[77,8],[233,-189]],[[21174,73966],[-101,-105]],[[21073,73861],[53,-120]],[[40075,74101],[38,115],[-74,59],[-22,116]],[[39909,74610],[-128,156],[-88,11],[1,-52],[-93,21]],[[39222,75444],[72,36],[57,-84],[51,20]],[[39268,75496],[-46,-52]],[[39222,75444],[181,-385],[-71,-184],[183,-9],[61,58],[25,-178]],[[39601,74746],[196,7],[112,-143]],[[39909,74610],[-7,-140],[115,-79]],[[40017,74391],[104,-212],[-91,-195],[-133,-84],[77,-158],[-23,-75],[-117,-6],[76,-120],[-9,-143],[-229,-64]],[[39901,73117],[-222,-71],[12,-51],[207,-49]],[[39478,73311],[-57,-42],[-13,51],[-254,-6],[32,178]],[[38624,74007],[31,154],[-61,152]],[[37981,75122],[240,56]],[[41230,74693],[-364,-471]],[[41010,73970],[105,-153],[-195,5],[-666,202]],[[40254,74024],[173,34],[-3,87],[-135,22],[70,282],[-36,-10],[-325,359],[-15,165],[-132,200],[-236,-19],[-9,112],[-151,50],[-53,110]],[[39402,75416],[196,32]],[[41794,76459],[393,-499]],[[40177,77569],[1042,-368],[575,-742]],[[41794,76459],[-835,-559],[-795,-10],[-228,-351],[-331,-5],[-7,-86]],[[39598,75448],[-247,-52],[-295,375],[-13,154],[-93,47]],[[38874,75897],[-4,128]],[[38508,76428],[110,236],[-206,147]],[[37864,77464],[178,38]],[[38042,77502],[136,-31]],[[38178,77471],[114,-155],[196,-21]],[[38488,77295],[26,216],[181,82],[138,196],[204,-26],[536,247],[140,-35]],[[37648,76448],[106,-52],[536,-95]],[[38536,76502],[-28,-74]],[[38508,76428],[104,-163],[127,-72],[131,-168]],[[38870,76025],[-26,-94],[30,-34]],[[38874,75897],[76,75]],[[38950,75972],[56,-7],[50,-194],[212,-275]],[[39268,75496],[-113,49],[-123,-74],[5,-68],[90,-65],[-35,-67],[68,-142],[-99,-15],[-65,57],[-47,-87],[-97,7],[-81,-63],[-199,186],[-145,68],[-43,-58],[-60,38],[-103,-84]],[[38221,75178],[-198,9]],[[36203,75625],[-207,35]],[[36168,77002],[7,98],[64,136],[459,-104]],[[37864,77464],[64,-121],[188,-97],[163,-221],[142,-74],[-9,-140]],[[38412,76811],[46,-60],[160,-87],[-82,-162]],[[38536,76502],[-164,-76],[25,-57],[-107,-68]],[[38290,76301],[-642,147]],[[37648,76448],[-130,269],[-55,-4],[-88,168],[47,41],[-40,64],[-395,-128],[-174,103],[-115,171]],[[36698,77132],[-157,62],[151,8]],[[36692,77202],[-36,261],[146,50],[-100,232],[120,35],[-22,61],[52,15]],[[36852,77856],[89,-12]],[[36941,77844],[123,-166],[292,-80],[227,-167]],[[37583,77431],[281,33]],[[37981,75122],[95,-60],[44,-140],[-63,-183],[691,-331],[-85,-6],[-69,-89]],[[38594,74313],[69,-251],[-39,-55]],[[38624,74007],[-159,-19],[-103,-64],[-363,-2]],[[37152,72530],[-71,111],[-188,54]],[[36713,72912],[22,88],[95,72],[-159,299]],[[35606,75665],[182,93],[163,-16]],[[35957,75661],[246,-36]],[[36203,75625],[51,29],[179,-111],[24,-93],[104,88],[37,-22],[-37,-66],[185,33],[277,-28],[-23,102],[-111,15],[43,155],[101,173],[271,197],[138,-85],[43,-111],[128,-25],[31,-58],[-5,-194],[64,-115],[-80,-92],[-21,-163],[103,-6],[131,-159],[187,98]],[[38023,75187],[46,-17],[-88,-48]],[[39880,70085],[417,554],[32,135]],[[40931,70946],[56,141],[146,-101]],[[41790,69727],[-132,-163],[37,-70],[225,-100],[-240,-333],[-243,-198],[-189,6],[-936,140]],[[38624,74007],[248,-190],[124,-279],[190,-46]],[[39186,73492],[-14,-195],[207,27],[57,-55],[42,42]],[[39478,73311],[6,-123],[-139,-335],[18,-98],[56,8],[35,-95],[314,-63]],[[39768,72605],[260,-130],[92,-117],[-52,-291]],[[37593,72937],[261,242],[193,65],[118,-50],[-150,155],[-16,573]],[[37999,73922],[341,-2],[284,87]],[[40225,70531],[-345,-446]],[[39880,70085],[-132,-616],[259,-288],[283,-70],[22,-102]],[[40312,69009],[1125,-146],[-474,-298],[-270,-60],[-2309,-1171],[274,1217],[138,134],[-142,6]],[[38156,71061],[795,458],[470,155],[210,240]],[[42689,69686],[-347,-190]],[[42145,69496],[-225,-102],[-246,123],[0,83],[116,127]],[[41790,69727],[-162,177],[23,127],[-52,152],[63,96],[-189,94],[-151,200],[-51,24],[-102,-65],[58,212],[-117,87],[23,155]],[[41133,70986],[-145,87],[110,214]],[[40248,71971],[-156,65]],[[40254,74024],[1014,-263],[122,-170],[-12,-86],[122,-227],[98,-44]],[[42056,73001],[166,35],[31,-137],[-203,-95],[-768,-209]],[[40629,72470],[-186,-299],[-351,-135]],[[40092,72036],[-45,60],[73,262],[-170,185],[-182,62]],[[39768,72605],[4,90],[134,154],[-8,97]],[[39898,72946],[-223,75],[51,68],[175,28]],[[39901,73117],[-212,140],[-17,77]],[[39672,73334],[57,38],[105,-20],[85,80],[-18,136],[-70,64],[143,74],[-62,226],[118,52],[45,117]],[[40075,74101],[152,-7],[27,-70]],[[40068,72067],[180,-96]],[[40248,71971],[-6,-115],[139,68],[268,-191],[128,110],[-20,-127],[278,-148],[-87,-164],[98,-27],[52,-90]],[[41098,71287],[-167,-341]],[[40931,70946],[-389,-8],[-127,-137],[-86,-27]],[[40329,70774],[20,-42],[-124,-201]],[[40225,70531],[-284,51],[-126,182],[-68,339],[125,295],[-144,23],[45,192],[-142,301]],[[39631,71914],[233,143],[204,10]],[[36056,72888],[-187,-38],[-127,2],[-126,109]],[[35329,72887],[-6,-57]],[[34972,72326],[-295,-33],[-380,82]],[[33984,72727],[-293,713]],[[33691,73440],[-651,388]],[[33040,73828],[-199,463],[-19,393],[170,330]],[[34445,74514],[65,262]],[[34521,74926],[-76,-412]],[[34445,74514],[-637,194],[-234,216],[-582,90]],[[32992,75014],[95,549]],[[33087,75563],[280,181],[7,51],[236,-89]],[[33610,75706],[329,220],[62,49]],[[34001,75975],[77,273],[-24,86],[126,-6],[77,247]],[[34257,76575],[225,0],[240,-151],[568,-70]],[[37593,72937],[76,-791],[-178,-452]],[[36534,72215],[-46,283],[39,125],[500,38],[125,-131]],[[37152,72530],[71,28],[198,262],[45,187],[127,-70]],[[36499,72581],[35,-366]],[[36534,72215],[-105,-305],[-160,-65],[94,-119],[98,21],[-28,-126],[73,-91],[439,-164],[88,9]],[[37171,70053],[-107,-154]],[[35770,70699],[-209,85],[-3,226],[-27,34]],[[35307,72719],[22,168]],[[35329,72887],[287,74]],[[35616,72961],[147,-115],[293,42]],[[33359,69735],[-65,397]],[[34531,72303],[441,23]],[[34972,72326],[44,156],[144,68],[-3,184],[166,96]],[[35323,72830],[-16,-111]],[[35307,72719],[91,-133],[-216,-304],[10,-181],[-185,-161],[-67,-403],[-109,-112],[179,45],[129,-53],[90,-296],[127,-90],[175,13]],[[35531,71044],[30,-260],[136,-55]],[[36042,77316],[193,-89]],[[36235,77227],[-67,-225]],[[36168,77002],[142,-153],[-68,-215],[80,-395],[-76,-220],[-147,-149],[-103,-210]],[[35996,75660],[-39,1]],[[35957,75661],[36,59],[-42,22]],[[35951,75742],[-227,-4],[-118,-73]],[[35606,75665],[-8,-161],[203,-198],[30,-316],[245,-378],[-149,-240],[297,-476],[-34,-89],[36,-84],[305,-201],[136,24],[4,-175]],[[36671,73371],[147,-257],[-105,-202]],[[36713,72912],[94,-10],[86,-207]],[[36893,72695],[62,-26],[-256,-53],[-155,16],[-45,-51]],[[36499,72581],[-303,164],[-140,143]],[[36056,72888],[47,139],[-37,136],[-357,133],[-57,80],[-143,-77],[-73,8],[-2,267],[109,207],[-39,104],[-338,410],[-73,167],[-215,196],[28,104],[-59,104],[-69,12],[-268,-102]],[[34510,74776],[11,150]],[[34521,74926],[402,382],[34,147],[-117,211],[111,159],[34,211],[97,77],[180,24],[42,82],[-14,135]],[[35290,76354],[-374,30],[-367,117],[-67,74],[174,58]],[[34656,76633],[-3,113],[-93,4],[-3,66]],[[34557,76816],[1056,393]],[[35613,77209],[269,-11],[27,110],[133,8]],[[38156,71061],[14,-97],[247,-230],[-313,-489],[-85,-304],[305,-460],[107,-275],[127,-108],[-28,-144],[124,-263]],[[38654,68691],[-1712,59]],[[37139,69416],[-78,494],[91,64],[19,79]],[[37171,70053],[-8,154],[-73,68],[13,194],[-77,121],[90,43],[74,436],[-62,10],[-75,113],[-20,183]],[[37033,71375],[458,319]],[[37491,71694],[263,-300],[202,70],[98,-31],[3,-71],[-217,-102],[151,-203],[165,4]],[[46970,77607],[113,-218]],[[46504,77167],[-575,613],[-417,655]],[[47997,76577],[-146,75],[78,33],[13,100],[202,153]],[[48796,77313],[405,562],[50,-90]],[[49378,77845],[-50,149],[-119,34],[-79,107]],[[49221,78268],[-164,428],[579,-32]],[[50310,78783],[-252,-655],[24,-91],[-352,-711],[-344,-178],[208,-1562]],[[48719,80978],[-127,4],[-12,163]],[[48405,82512],[2082,-104],[824,199],[49,-153],[-115,-135],[78,-98],[-8,-292],[92,-104],[-149,-102],[22,-93],[-119,-133],[-207,-50],[33,-88],[-71,-263]],[[52159,90085],[61,46],[-113,-111],[-3,-170],[88,-229],[121,-118],[-40,-40],[131,-330],[-55,-81],[56,6],[37,-83],[-40,-141],[-707,568]],[[54617,85939],[-877,-95],[-311,-219]],[[52972,83330],[73,-162],[-85,-126],[71,-56],[-134,-68],[-61,-144],[-62,-79],[-83,-16],[-56,-127],[-270,129],[-609,-107],[-105,81],[-247,43],[-93,-91],[-47,-12],[-322,-79]],[[51803,85726],[72,1337],[-24,283],[-175,382],[-158,649],[1033,9],[176,-500],[-42,-119],[166,-166],[62,-266],[413,-128],[107,117],[174,24],[19,-66],[137,-12],[-104,-136],[155,-65],[72,14],[-46,100],[-88,10],[85,44],[158,-162],[531,-120],[313,-327],[329,-172],[-131,-62],[-43,-105],[44,-220]],[[38836,94404],[157,170],[-7,133],[-120,432]],[[38866,95139],[-203,195],[1005,591]],[[39668,95925],[1512,139],[496,1241],[1811,270],[872,1610],[856,-213],[1428,1027],[112,-198],[34,-223],[179,-243],[9,50],[114,-16],[127,-178],[-96,-17],[34,-46],[72,-37],[16,82],[37,-165],[404,-235],[-10,-65],[37,59],[39,-62],[66,26],[659,-120],[88,28],[11,-48],[232,-113],[188,-365],[363,-163],[40,-195],[463,-187],[497,-376],[174,11],[236,-246],[183,-56],[-17,-150],[-73,-84],[-91,-10],[75,-49],[-34,-30],[106,-30],[-91,-157],[73,-100],[-200,-35],[133,0],[-46,-78],[134,71],[11,-116],[-71,-8],[69,-9],[26,-84],[-132,3],[-37,-68],[76,-3],[-7,-39],[111,56],[18,-86],[-142,-36],[163,3],[66,-226],[-147,7],[47,-70],[112,30],[-30,-70],[98,-69],[-16,-39]],[[51135,95425],[103,-158],[-115,-33],[139,0],[100,-185],[-44,-53],[84,22],[78,-162],[-170,-6],[208,-43],[609,-683],[-20,-183],[-138,2],[-7,-52],[-86,243],[74,-92],[83,-14],[-166,228],[-51,-43],[-29,28],[22,167],[-66,40],[-117,-97],[55,-75],[-100,-145],[29,-68],[-87,19],[-32,-76],[242,-701],[45,-438],[85,-62],[119,-272],[-3,-188],[-83,-56],[-2,45],[-33,-15],[79,-154],[-55,-101],[-24,-451],[150,-448],[-91,-66],[32,-81]],[[45826,87858],[-663,-79],[-469,122]],[[40753,88049],[-257,565]],[[40496,88614],[-400,532],[-34,230],[71,786],[-288,1032],[207,1229],[-304,435],[-82,236],[-332,127]],[[39334,93221],[-184,209],[-392,219],[-40,63],[82,344]],[[38800,94056],[-39,269]],[[38761,94325],[75,79]],[[38836,94404],[482,-119],[361,4],[533,-188],[663,-61],[321,-160],[247,24],[274,181],[126,-10],[163,77],[337,346],[60,154],[508,327],[15,225],[189,232],[346,281],[-68,340],[-211,197],[47,343],[67,131],[625,-3],[132,-352],[331,-92],[155,-122],[287,-37],[288,-350],[328,5],[220,-112],[152,-15],[158,67],[321,-66],[204,29],[99,124],[68,263],[268,132],[185,-2],[133,-68],[233,68],[496,29],[161,111],[92,-57],[197,73],[-13,-298],[157,-135],[28,-110],[137,-26],[98,-214],[-33,-64],[384,-76],[264,132],[207,-94],[162,50],[147,-110],[143,41],[225,-87],[693,93],[107,-30]],[[52197,88994],[235,-156],[-30,-198],[117,-132],[32,-122],[-990,5],[-111,470]],[[51952,91018],[26,-150],[57,-24],[98,-221],[-12,-68],[82,-17],[-45,-171],[20,-258],[43,25],[-62,-49]],[[52159,90085],[-478,-2],[14,-681]],[[51695,89402],[502,-408]],[[52197,88994],[-747,-133]],[[51450,88861],[35,-148]],[[49843,88845],[-741,-118]],[[48001,88288],[-761,-530]],[[44754,87800],[724,4],[348,54]],[[45826,87858],[190,81],[8,126],[-115,195],[68,114],[-102,81],[-40,249],[-83,95],[42,417],[259,116],[112,170],[220,473],[118,446],[-383,838],[617,513],[246,331],[0,163],[59,45],[839,-273],[64,20],[146,-217],[866,-98],[211,-106],[114,21],[122,-53],[171,-212],[449,47],[54,-129],[-33,-35],[378,111],[101,70],[133,10],[314,-158],[231,-283],[750,-8]],[[44754,87800],[413,-233],[370,-114],[-45,-78],[86,-114],[400,22],[165,-207],[85,-39],[97,55],[37,93],[293,184],[-57,37],[40,59],[-191,115],[-22,89],[105,38],[121,163],[589,-112]],[[47240,87758],[711,499],[-2,-72]],[[50778,86443],[1054,-92],[-29,-625]],[[51803,85726],[-300,-106],[-85,-68],[-46,-154],[11,-341],[74,-286],[162,-207],[-303,-272],[146,-326],[183,-89],[71,-108],[-474,-266],[-405,-338],[189,-422],[-67,-85],[-17,-142]],[[50942,82516],[-455,-108],[-415,15],[-117,277],[-67,722],[21,1029]],[[45405,84780],[-1289,309],[-892,691]],[[43224,85780],[-539,236],[-1117,302]],[[41568,86318],[-815,1731]],[[40753,88049],[264,60],[728,332],[274,203],[396,103],[538,-136],[413,-295],[213,-48],[885,13],[230,-380]],[[44694,87901],[315,-79],[-255,-22]],[[52972,83330],[153,1351],[304,944]],[[53429,85625],[131,117],[277,126],[780,71]],[[54617,85939],[421,130]],[[55038,86069],[143,-99],[50,16],[-13,-57],[97,-7],[5,64],[27,-70],[124,-10],[77,47],[-35,74],[124,21],[-41,62],[36,19],[62,-81],[39,39],[-32,-46],[54,-25],[-175,-10],[54,-50],[-45,-99],[95,-52],[185,-38],[47,8],[-56,62],[82,15],[143,-104],[-34,-54],[73,39],[-39,105],[72,-37],[82,41],[10,-59],[-57,-13],[101,-84],[8,58],[87,-61],[-6,-68],[211,-162],[-7,-73],[60,0],[31,-58],[-470,-342],[-360,-720],[-217,-68],[-53,-181],[-92,-28],[-81,31],[-59,-54],[-64,106],[-220,-54],[-11,-249],[-129,19],[-37,241],[-121,-58],[-70,36],[-106,-148],[16,-50],[-211,-92],[-162,-3],[-93,133],[-172,-26],[-52,-29],[40,-117],[-83,-175],[-502,-17],[-281,-93],[-74,-70],[-41,16]],[[46614,73737],[-181,23]],[[45757,76436],[1874,127],[-45,-299]],[[47586,74616],[141,-91],[429,-141]],[[49668,74529],[133,7],[-328,-791],[135,-404],[-161,-184],[-231,-652],[-206,-288]],[[49010,72217],[-154,-253],[-176,-531],[-764,503],[-353,317]],[[47524,73122],[-134,-34]],[[46418,73762],[196,-25]],[[46614,73737],[76,46],[433,18],[86,-73],[314,-25],[436,93],[136,-132],[42,59],[313,-445],[-37,-6],[457,-491],[-100,-393],[240,-171]],[[46998,70556],[-278,917]],[[48067,71842],[613,-409],[-247,-657],[108,-129],[-46,-588],[-201,-17],[-7,57],[-82,30],[-283,15],[-887,-184],[-526,163]],[[46185,70818],[-604,-139]],[[43635,72512],[171,-59]],[[44100,72957],[381,184],[137,-91]],[[45515,73903],[188,-255],[-236,-7],[-250,-115],[-596,-478],[-140,93],[-304,-134],[-98,73]],[[45498,75253],[653,-315],[429,-416],[-147,-762]],[[46433,73760],[-403,-87]],[[45668,73702],[-153,201]],[[45515,73903],[-113,453],[-682,78],[-773,-193],[-45,-550],[177,-611]],[[44079,73080],[102,-72],[-81,-51]],[[43788,73365],[-502,483],[-127,808]],[[41588,74610],[-84,33],[585,600]],[[48067,71842],[-1347,-369]],[[46720,71473],[-258,1042]],[[46614,72855],[910,267]],[[47524,73122],[-187,-340],[36,-247],[76,-33],[114,-249]],[[47563,72253],[504,-411]],[[26206,64630],[872,-856],[384,-604],[-1426,-625]],[[23618,62962],[-341,1789],[-160,528]],[[25411,65390],[143,-301]],[[30350,66163],[-464,482],[472,233]],[[32032,67053],[200,220],[318,-2]],[[34950,67786],[761,-580]],[[35711,67206],[30,-1366],[75,-226],[186,-281],[-1092,-875]],[[34910,64458],[-514,-240],[-702,-1008],[-962,-886]],[[32732,62324],[-509,-542],[-214,-119],[-1338,-37]],[[30671,61626],[-220,-86]],[[30451,61540],[-1007,693],[-1799,940],[-190,7]],[[27660,63376],[1296,1304]],[[29189,64697],[292,98],[513,-14]],[[30207,66286],[143,-123]],[[30350,66163],[-5,-124],[474,-99],[556,-443],[360,-195],[124,-21],[86,-132],[154,-630],[114,-1157],[250,-772],[149,-258],[120,-8]],[[29189,64697],[-233,-17]],[[28956,64680],[-624,-651]],[[27102,65061],[333,347]],[[27758,65535],[524,-45]],[[28859,65542],[93,-189]],[[29316,64806],[75,-31],[-202,-78]],[[25536,67221],[-232,22],[-299,159],[-2,120],[146,167],[17,223]],[[26197,68621],[-6,81]],[[26765,68742],[403,-48],[341,-96]],[[30207,66286],[2,-998],[-89,-83],[-126,-424]],[[29994,64781],[-563,-9],[-115,34]],[[29316,64806],[-154,212],[-113,363],[-97,-28]],[[28952,65353],[-145,288],[-371,451],[161,104],[181,275]],[[29891,66643],[316,-357]],[[28859,65542],[-577,-52]],[[28282,65490],[-1412,192],[-452,96]],[[25887,65957],[26,132]],[[25851,66327],[-108,316]],[[27813,66377],[623,-285],[423,-550]],[[27758,65535],[-323,-127]],[[27435,65408],[-987,-1005],[-242,227]],[[26206,64630],[-652,459]],[[25554,65089],[-153,335],[3,110]],[[25825,65865],[62,92]],[[25887,65957],[531,-179]],[[26418,65778],[1340,-243]],[[28332,64029],[-672,-653]],[[27660,63376],[-100,-43],[-105,-153]],[[27455,63180],[-377,594],[-630,629],[654,658]],[[27102,65061],[615,-461],[615,-571]],[[24277,61403],[-656,-524],[-59,-150],[-100,-93],[34,-157],[-2465,-15],[-697,1119]],[[25606,67034],[245,-707]],[[25851,66327],[-29,-137],[91,-101]],[[25913,66089],[-22,-158],[-66,-66]],[[25825,65865],[-80,-2],[-42,-99],[-174,-62],[-125,-168]],[[25404,65534],[7,-144]],[[25411,65390],[-489,-172],[-567,-15],[-415,95],[-267,-66],[-556,47]],[[23117,65279],[-59,369],[155,939]],[[29885,67414],[6,-771]],[[29891,66643],[-591,-51],[-522,-121]],[[28778,66471],[-202,-298],[-151,-87],[-337,194],[-275,97]],[[27813,66377],[-292,26],[-476,-46],[-521,216],[-781,70]],[[25743,66643],[-207,578]],[[25536,67221],[656,330],[718,472],[599,575]],[[27509,68598],[289,75]],[[29146,68639],[450,-144],[12,-375],[110,-505]],[[41902,67162],[214,-136]],[[42383,66536],[82,-490],[-257,-67]],[[39473,64184],[-51,52],[-888,215],[154,271],[-53,251]],[[41592,66936],[161,233]],[[41715,67114],[-123,-178]],[[41592,66936],[-306,-192],[-189,83],[-711,-260],[-91,17],[-281,-161],[-1379,-1450]],[[38635,64973],[-370,2037],[119,324],[1910,979],[968,411]],[[2789,69845],[-93,124]],[[4844,70281],[4,-268]],[[1344,70792],[-101,-211]],[[1184,70388],[111,-144],[9,-142],[-158,-109],[-688,-138],[-124,135],[-87,23],[-11,86],[-93,58],[5,110],[-148,109],[119,94],[106,321],[167,206],[5,82],[257,184],[23,72],[193,13],[72,60],[151,22]],[[3711,66871],[-334,-25],[-148,-313],[-91,74],[-286,81],[-330,331],[315,185]],[[4911,68540],[-168,-466]],[[4294,67587],[-178,-118],[-55,-239]],[[11576,70850],[-119,11],[-382,-95],[-265,10],[-109,14]],[[11497,72150],[1271,107]],[[12803,71058],[-64,-239],[-737,35]],[[12229,73583],[79,-63],[150,-37]],[[13808,73659],[689,-643]],[[13565,72391],[-933,-155],[-1135,-86]],[[11497,72150],[-365,-564],[-570,-664]],[[10562,70922],[-240,90]],[[9431,73155],[27,75]],[[2463,71947],[-167,-313],[-15,-566],[84,-171],[-258,-58]],[[1398,70852],[-54,-60]],[[1344,70792],[34,427],[-55,162],[-230,49]],[[1093,71430],[132,164],[-6,58],[263,155],[166,164],[0,60],[-259,247],[25,221],[-296,235],[-93,162],[50,77],[-22,63],[-177,129],[42,38],[226,-7]],[[18214,74863],[-199,-1133],[-1421,3]],[[14744,72792],[-936,867]],[[17321,81040],[437,-4163],[169,-457],[268,-328],[257,-813],[-195,-173]],[[18257,75106],[-43,-243]],[[18214,74863],[-2692,696]],[[11718,77204],[-2559,25],[165,558]],[[8490,81009],[-1092,-39],[-5,10038],[11830,-1],[-37,-9970],[0,0],[-1865,3]],[[4491,74824],[1247,-156]],[[7223,74136],[46,-77],[863,-288]],[[6533,72623],[-223,211],[-353,-170],[-382,3],[-249,123]],[[5275,72876],[-107,-33],[-141,29],[-304,249]],[[4536,73528],[294,231],[15,69],[-134,274],[43,172]],[[4540,74256],[-173,173],[124,395]],[[18161,70895],[-171,-221],[-39,-963]],[[17779,69180],[-5,-598]],[[14256,68674],[-206,19],[-62,208]],[[14445,69255],[-27,260]],[[15048,70528],[52,384]],[[2631,68248],[-186,-14],[-145,-97],[-60,11],[46,446],[-48,140],[-122,132],[-57,326],[352,-77]],[[2959,69264],[122,-260],[-3,-195]],[[2937,70342],[-56,-160],[-169,-121],[-16,-92]],[[2696,69969],[284,-536],[-21,-169]],[[2959,69264],[-548,-149]],[[2411,69115],[-346,74],[-205,156],[217,211],[121,333],[-520,161],[-359,173],[-135,165]],[[1184,70388],[113,85],[-54,108]],[[1243,70581],[155,271]],[[1398,70852],[709,-13]],[[2107,70839],[208,55],[138,-348]],[[4731,74155],[99,-396],[-317,-260],[-107,-303]],[[3283,72971],[-130,105]],[[2448,73624],[-184,237],[-389,14],[112,79],[149,-2],[153,155],[142,15],[114,210],[-71,150],[-148,30],[-100,-30],[-141,152],[3,68],[79,39]],[[9458,73230],[-274,-445],[-49,-260],[10,-120]],[[9353,72135],[-387,0]],[[8224,71699],[-398,15],[-95,-87]],[[7077,72057],[-544,566]],[[6533,72623],[519,239],[360,257],[720,652]],[[8132,73771],[1326,-541]],[[4406,73196],[-57,-106],[364,-102]],[[4524,72613],[-47,-55],[25,-74]],[[4637,71785],[-354,-111],[-143,8],[-20,-193],[-276,-260],[78,-117],[-107,-87],[-208,-42],[108,-96],[-56,-130],[-352,-129],[-25,-87],[-345,-199]],[[2937,70342],[-387,125],[-97,79]],[[2453,70546],[-14,98],[-109,130],[-21,104],[56,19],[-93,289],[35,515],[156,246]],[[2463,71947],[-155,330],[359,163],[-110,263]],[[2711,72710],[441,366],[131,-105]],[[3283,72971],[397,184],[308,10],[241,60],[177,-29]],[[15105,71957],[0,-1131],[-57,-298]],[[15048,70528],[-138,-253],[-186,-99],[-28,-260],[-278,-401]],[[14418,69515],[-290,193]],[[12716,70561],[87,497]],[[12803,71058],[-35,1199]],[[12768,72257],[797,134]],[[13565,72391],[155,173],[68,229],[709,223]],[[14497,73016],[247,-224]],[[4491,74824],[-124,-396],[173,-172]],[[4540,74256],[214,18]],[[4754,74274],[-23,-119]],[[4731,74155],[-528,97],[-537,251],[-295,222],[-255,-61],[-949,77]],[[2167,74741],[-64,235],[30,215],[-143,94],[-64,-7],[88,240],[1028,280],[-168,403],[137,144],[182,27],[-24,161],[102,89]],[[11468,74359],[-165,31],[-622,-45],[-125,-344],[-212,-107],[-22,-95],[-78,-59],[-369,-85],[-51,-237],[-112,-112],[-254,-76]],[[9458,73230],[-1427,580],[-762,249],[-55,188],[31,351]],[[8309,75445],[195,246]],[[9169,77219],[2549,-15]],[[11718,77204],[0,-506],[-119,-720]],[[15522,75559],[-1714,-1900]],[[13808,73659],[-837,22],[-479,-128],[-34,-70]],[[12458,73483],[-98,20],[-131,80]],[[12229,73583],[43,107],[-186,111],[-112,131],[9,78],[-163,117],[-206,26],[-146,206]],[[11468,74359],[82,334],[49,1285]],[[11599,75978],[513,-160],[1187,146],[172,-73],[205,-304],[91,8],[291,223],[286,32],[338,-32],[515,-105],[325,-154]],[[6493,68913],[-153,-472]],[[6481,68069],[101,-288],[-11,-131]],[[6477,67489],[-52,-243],[88,-828],[-525,-552],[-267,-135]],[[4061,67230],[30,153],[71,143],[132,61]],[[4294,67587],[86,250],[363,237]],[[4743,68074],[169,469],[97,35]],[[8455,71016],[40,-309],[-60,-195]],[[7729,70453],[-905,-86]],[[6828,72010],[162,-6]],[[7077,72057],[406,-169],[248,-261]],[[7731,71627],[86,73]],[[8894,71286],[-83,30]],[[8649,71027],[45,-118]],[[8489,70870],[-34,146]],[[8455,71016],[-126,110],[-115,-8],[-121,210],[-216,207],[-60,165]],[[7817,71700],[407,-1]],[[8224,71699],[71,248],[671,188]],[[8966,72135],[730,39]],[[9802,72043],[-257,-393],[-632,-302]],[[7077,72057],[-87,-53]],[[6990,72004],[-257,25],[-84,37]],[[4767,72168],[-142,103],[20,149],[-143,64]],[[4502,72484],[-25,56],[47,73]],[[4524,72613],[94,9],[-11,305],[106,61]],[[4713,72988],[-364,103],[164,408],[23,29]],[[4536,73528],[342,-149],[-167,-204],[12,-54]],[[4723,73121],[356,-273],[196,28]],[[5275,72876],[51,-86]],[[5326,72790],[388,-145],[243,19],[144,101],[247,66],[729,-774]],[[3153,73076],[-442,-366]],[[2711,72710],[-154,-7]],[[2557,72703],[-499,145],[-342,33],[-572,315]],[[1144,73196],[-227,8],[515,471],[211,22],[90,131],[142,47],[321,-1],[112,-32],[140,-218]],[[2448,73624],[617,-171],[88,-377]],[[16594,73733],[2550,17]],[[19144,73750],[-83,-693],[289,-293],[9,-265],[-86,-151],[-448,-431],[-25,-303],[-99,-99],[33,-91]],[[18734,71424],[-573,-529]],[[18161,70895],[-1007,-37],[-2054,54]],[[15100,70912],[5,1045]],[[15105,71957],[-361,835]],[[14744,72792],[784,257],[-97,205],[-10,203],[101,190],[259,89],[606,72],[207,-75]],[[4848,70013],[53,-66],[232,25],[78,-46],[256,30]],[[6632,69571],[43,-210],[-182,-448]],[[6493,68913],[-597,216],[-224,-18],[-21,-163],[-55,-53],[-392,-47],[-195,-270]],[[5009,68578],[-98,-38]],[[4911,68540],[-713,-29],[-330,-353],[-247,-116],[-297,-472],[-237,-73],[-250,-293]],[[2837,67204],[-316,-172],[-23,206],[283,1012],[-150,-2]],[[2631,68248],[447,561]],[[3078,68809],[26,93],[-133,293],[9,238],[-191,412]],[[2789,69845],[298,61],[112,-52],[493,-65],[95,65],[440,-20],[621,179]],[[6828,72010],[12,-507],[-159,-255],[173,-146],[-196,-195],[65,-21],[-63,-38],[164,-481]],[[6824,70367],[201,-7]],[[6666,70059],[-34,-488]],[[6632,69571],[-661,39],[-395,317],[-109,29]],[[5467,69956],[-175,-36],[-159,52],[-254,-16],[-35,325]],[[4844,70281],[102,166],[-169,299],[34,134],[256,286],[-133,263],[-222,173],[-75,183]],[[4637,71785],[51,298],[79,85]],[[4767,72168],[128,6],[389,200],[70,-5],[129,147],[196,27],[449,-199],[481,-128],[40,-150]],[[6649,72066],[179,-56]],[[15353,66080],[-489,-47],[-94,114],[-116,-47]],[[12636,66344],[6,208]],[[14107,68688],[149,-14]],[[14256,68674],[150,-292],[300,-48],[169,-271]],[[9371,67718],[125,-137],[190,-573],[-62,-90],[-366,-241],[-90,-120],[-113,-25],[37,-68],[-131,-153],[25,-200]],[[7765,66128],[-174,107],[24,727],[134,463],[324,326],[10,66],[-207,577]],[[8328,68208],[228,155]],[[8888,69368],[-122,-48],[124,-410],[-130,-378]],[[8610,68459],[-26,-72],[-256,-179]],[[8328,68208],[-452,186]],[[7719,68526],[-292,-87]],[[6632,69784],[34,275]],[[6666,70059],[225,73],[10,146],[124,82]],[[7025,70360],[-32,19],[736,74]],[[7729,70453],[172,85],[534,-26]],[[8435,70512],[54,358]],[[8489,70870],[205,39]],[[8694,70909],[126,-134]],[[8923,69980],[47,0],[-82,-612]],[[8811,71316],[1138,-108],[329,-177]],[[9717,70157],[-794,-177]],[[8923,69980],[-103,795]],[[8820,70775],[-171,252]],[[8649,71027],[78,222],[84,67]],[[10278,71031],[284,-109]],[[10562,70922],[139,-132]],[[10701,70790],[230,-17]],[[9939,69568],[69,-206],[64,-59],[444,-106],[8,-599]],[[10410,68543],[-780,-78],[-118,184]],[[8888,69368],[43,502],[39,110],[747,177]],[[9717,70157],[307,549],[254,325]],[[12111,68895],[-163,-190],[-145,-51]],[[11689,68791],[-174,60],[-53,105],[-218,169],[-122,318],[-151,44],[-104,111],[-38,342]],[[11443,70858],[133,-8]],[[11576,70850],[87,-63],[339,67]],[[12002,70854],[226,-29],[102,-891],[-171,-220]],[[10500,65905],[190,355],[14,233]],[[11118,66548],[495,245],[163,41],[239,-430]],[[12622,66091],[-25,-404],[-322,-136],[-1218,-332],[-812,-135],[233,438]],[[7427,68439],[-199,-60]],[[7049,68298],[-284,-122],[-79,-58]],[[6527,67938],[-46,131]],[[6481,68069],[54,95],[-155,88],[-40,189]],[[6340,68441],[335,920],[-43,423]],[[6632,69784],[377,-38],[112,-729],[110,-45],[196,-533]],[[16545,65940],[-1167,359],[-33,517],[70,490],[-89,416]],[[16289,67626],[443,-217],[209,-52]],[[7876,68394],[197,-643],[-243,-204],[-173,-372],[-66,-940],[-57,13]],[[6835,66547],[-322,-129],[-93,711],[57,360]],[[6477,67489],[-34,81],[128,80]],[[6571,67650],[-44,288]],[[6527,67938],[192,29],[-33,151]],[[6686,68118],[264,154],[99,26]],[[7049,68298],[164,-56],[15,137]],[[7228,68379],[94,45],[397,102]],[[7719,68526],[157,-132]],[[8986,66111],[-72,-164],[64,-7],[72,-184],[84,-17],[-36,-16],[6,-262]],[[9196,65227],[48,-60],[-192,-16],[-132,-171]],[[8604,64270],[-221,-126]],[[8019,63712],[-405,-365]],[[7712,65250],[53,878]],[[7765,66128],[144,78],[475,-44],[320,91],[282,-142]],[[17495,61182],[-833,-280],[-141,-22],[-533,91],[-669,213],[-177,235],[-285,679],[-322,233],[-294,408]],[[14654,66100],[63,54],[110,-37],[37,-84],[489,46],[60,-321]],[[11803,68654],[-86,-101],[100,-450],[-80,-968],[-825,38],[-502,112],[-287,226]],[[9982,67879],[-352,586],[549,58],[-40,-232],[97,-301]],[[10605,68238],[-72,101],[-16,858],[377,-11],[275,63],[332,-385],[188,-73]],[[11689,68791],[114,-137]],[[14654,66100],[-285,-46],[-159,-174]],[[12847,65793],[106,187]],[[12699,66173],[-63,171]],[[12636,66344],[1402,53],[422,-151],[194,-146]],[[10410,68543],[114,55]],[[10524,68598],[26,-324],[-357,2],[-50,34],[36,213],[231,20]],[[13547,68029],[225,-768],[-53,-112],[-1077,-597]],[[12642,66552],[5,-276],[52,-103]],[[12699,66173],[235,-139],[19,-54]],[[12953,65980],[-108,-181],[165,-146],[-221,-90]],[[12680,65576],[-98,166],[40,349]],[[12622,66091],[-122,109],[-485,204]],[[12015,66404],[-227,348],[-56,463],[80,650],[-44,460]],[[9512,68649],[470,-770]],[[9982,67879],[141,-368]],[[10123,67511],[119,-120],[168,-106],[355,-93],[972,-57],[39,-301],[-258,-73],[-33,-65],[-367,-148]],[[11118,66548],[-414,-55]],[[10704,66493],[-52,-333],[-190,-279],[-669,-147]],[[9100,65727],[30,18],[-80,11],[-63,80],[-9,104],[-65,12],[58,44],[-9,318],[78,42],[52,108],[-39,64],[115,29],[251,251],[205,110],[70,152],[-157,299],[-58,248],[-108,101]],[[9371,67718],[-71,309],[-635,217],[-109,119]],[[8556,68363],[54,96]],[[8610,68459],[150,73]],[[8760,68532],[104,218],[26,160],[-116,442],[114,16]],[[8888,69368],[99,-67],[167,-347],[358,-305]],[[10605,68238],[-40,-84],[-329,-164]],[[10236,67990],[-93,320],[148,-59],[259,23],[55,-36]],[[6651,77860],[-79,-197],[-340,-1313],[277,-873],[-17,-131],[-99,-99],[-487,-323],[-426,-200],[-844,115],[-145,-15]],[[4491,74824],[-96,180],[-351,370],[-364,-127],[-287,161]],[[4332,75800],[240,133],[62,141],[-91,428],[-104,1113]],[[3973,77852],[-182,138],[-45,85],[16,181],[233,123],[421,345],[814,-62],[818,202],[717,-38],[183,-66],[435,-45],[-146,-269]],[[17727,67475],[-308,-26],[-309,-95],[-243,12],[-578,260]],[[16289,67626],[-963,96]],[[15326,67722],[-480,186],[29,155]],[[14875,68063],[1508,231],[818,240],[573,48]],[[17774,68582],[-33,-218]],[[10322,71012],[-373,196],[-1055,78]],[[8894,71286],[19,62]],[[8913,71348],[572,251],[317,444]],[[9802,72043],[-106,131]],[[9696,72174],[-343,-39]],[[9353,72135],[-208,270]],[[9145,72405],[39,380],[247,370]],[[9431,73155],[855,-105],[217,-100],[149,-171],[1,-205],[125,-354],[2,-183],[-64,-293],[-394,-732]],[[3393,75408],[201,965],[-323,249]],[[3271,76622],[118,150],[135,42],[18,87],[220,31],[35,233],[116,45],[87,112],[-27,530]],[[3973,77852],[276,-44],[190,-193]],[[4439,77615],[183,-1626],[-290,-189]],[[4332,75800],[-939,-392]],[[10120,65086],[-206,-163],[-111,30],[-405,-97],[-794,-586]],[[8604,64270],[157,329],[168,185],[-9,196]],[[8920,64980],[154,186],[164,-13],[380,186]],[[21007,69873],[165,-56]],[[23279,68949],[-291,-722]],[[23048,68047],[-198,-129],[-500,-60]],[[20485,67069],[-790,-687]],[[18357,66391],[-93,1007]],[[18264,67398],[-125,335],[-398,631]],[[17741,68364],[59,388],[-21,428]],[[17779,69180],[172,531]],[[17951,69711],[17,759]],[[17968,70470],[558,-246],[197,-358],[162,-178],[432,-29],[156,-151],[190,-42],[399,273],[281,56],[280,-72],[384,150]],[[22570,65127],[676,-274],[321,-1451],[51,-440]],[[23618,62962],[1855,-279],[563,-138]],[[26036,62545],[63,35]],[[26099,62580],[-4,-950]],[[26095,61630],[-1485,11],[-159,-70],[-174,-168]],[[24277,61403],[0,1424],[-3931,-5],[-12,-1239]],[[20334,61583],[-1360,2562],[-207,505]],[[22570,65127],[-1771,115],[-735,180],[-544,-212],[-753,-560]],[[18767,64650],[-393,1121],[-17,620]],[[18357,66391],[173,-84],[82,-103],[489,-13],[594,191]],[[19695,66382],[253,219]],[[21593,65579],[977,-452]],[[23571,67664],[-410,-1296],[-103,-720],[188,-795],[-1653,726]],[[21593,65579],[-1645,1022]],[[19948,66601],[537,468]],[[20485,67069],[462,786],[11,107],[84,54],[122,5],[50,-61],[516,11],[376,-208],[119,83],[90,-41],[35,53]],[[22350,67858],[553,80],[145,109]],[[23048,68047],[-60,180]],[[22988,68227],[336,835]],[[23934,69529],[122,24],[240,-124]],[[24296,69429],[629,-441],[358,-98],[699,-5],[139,-158],[69,-15],[7,-91]],[[26197,68621],[-168,-89],[-65,-116],[-100,-18],[-64,-76],[-228,-16],[-115,-210],[-166,-29],[-125,-155]],[[25166,67912],[-32,-260],[-131,-130],[29,-146],[272,-133],[224,0],[78,-209]],[[25606,67034],[-1677,-373],[-716,-74]],[[23213,66587],[358,1077]],[[23571,67664],[385,808],[33,610],[-53,118],[200,180],[160,49]],[[29365,68965],[220,-207],[21,-266],[-460,147]],[[29146,68639],[-726,103],[-622,-69]],[[27798,68673],[-274,-75],[-759,144]],[[26765,68742],[-574,-40]],[[26191,68702],[-210,174],[47,211]],[[26448,69425],[481,778],[503,19]],[[28005,69346],[268,160],[862,180],[-188,-154]],[[32260,67273],[-228,-220]],[[32032,67053],[-146,-76],[-851,-125],[-677,26]],[[30358,66878],[-456,-223],[-17,759]],[[29885,67414],[-167,201]],[[29718,67615],[-53,224],[-80,919],[895,49]],[[30857,69183],[247,-31],[316,-718]],[[34767,67917],[183,-131]],[[34950,67786],[-662,-249],[-1185,-197],[-375,-127],[-178,58]],[[32550,67271],[-290,2]],[[32260,67273],[-174,323],[-92,370],[-206,254],[-368,214]],[[31420,68434],[-248,534],[-52,186],[96,212],[-17,429],[423,14],[99,-39]],[[32477,69947],[881,-267]],[[37064,69899],[75,-483]],[[37139,69416],[-197,-666]],[[36942,68750],[-50,-4],[84,-637],[-60,-186],[-2149,-6]],[[34767,67917],[-620,672],[-295,7],[-494,1084]],[[33358,69680],[1,55]],[[33359,69735],[306,149],[261,-9],[261,-93],[525,72],[674,397],[311,478]],[[35697,70729],[73,-30]],[[35770,70699],[70,92],[10,202],[364,-299],[245,-57],[-65,-170],[-162,82],[-191,-95],[-88,-136],[25,-145],[353,-71],[534,-192],[199,-11]],[[33864,73010],[120,-283]],[[33984,72727],[269,-193],[44,-159]],[[34297,72375],[171,-8],[63,-64]],[[34531,72303],[-40,-170],[-137,-105],[146,-449],[-107,-181],[-173,-19],[-322,-137],[-221,-207],[-139,-63],[-18,-165],[-167,-251],[31,-257],[-90,-167]],[[33294,70132],[60,-460],[-877,275]],[[32477,69947],[-206,-104],[-44,68],[-101,0],[-37,-57],[-32,37],[-321,-85],[-15,-36]],[[31721,69770],[-48,36],[-471,-4],[14,-436],[-78,-210],[-281,27]],[[30857,69183],[-139,-218],[-122,79],[-143,-200],[27,-37]],[[30480,68807],[-886,-50],[-82,32],[-147,176]],[[29365,68965],[-191,398],[-227,169]],[[28947,69532],[267,212]],[[28928,70165],[-205,281],[136,98]],[[29438,71474],[-47,280],[-101,149]],[[29044,71812],[-295,518]],[[28749,72330],[197,116],[75,-67],[96,4],[34,62],[148,37],[38,39],[-38,147],[228,227],[-133,63],[7,92],[196,93],[3,45],[-69,115],[-138,74],[-42,112],[190,88]],[[29541,73577],[44,275]],[[29585,73852],[-290,216]],[[29295,74068],[1,45],[48,23]],[[29344,74136],[265,-220],[147,17],[126,102],[194,-141],[167,71],[143,-94],[245,65],[262,-69],[76,-77],[-144,-400],[64,-99],[-105,-31],[-18,-94],[149,52],[16,71],[51,11],[65,-67],[444,-109],[230,250],[157,-67],[-19,-271],[56,-233],[143,-149],[188,-18],[166,174],[158,-9],[1294,209]],[[28719,72375],[325,-563]],[[29044,71812],[246,91]],[[29290,71903],[136,-257],[12,-172]],[[29438,71474],[-243,-157],[62,-127],[-398,-646]],[[28859,70544],[-135,-88],[204,-291]],[[28928,70165],[256,-199],[30,-222]],[[29214,69744],[-192,-103],[-791,-147],[-226,-148]],[[28005,69346],[-211,-52],[-16,488],[-111,142],[20,184],[-255,114]],[[27432,70222],[-481,-22]],[[26060,71955],[99,-27],[-38,83],[211,-124],[270,-44],[82,88],[144,19],[253,188],[208,-64],[49,55],[-145,131],[61,98],[-169,54],[-27,58]],[[27058,72470],[465,139]],[[27523,72609],[59,-58],[277,2],[25,116],[148,60],[23,-41],[545,-46],[49,-112],[-14,-295],[72,5],[12,135]],[[26060,71955],[-24,-285],[87,-443],[140,-35],[688,-992]],[[26951,70200],[-503,-775]],[[26448,69425],[-420,-338]],[[26028,69087],[-65,-230],[-680,33],[-444,135],[-627,460],[-271,111],[-230,15]],[[24181,73037],[458,-132]],[[24639,72905],[379,-390],[167,-65],[-29,-75],[414,-191],[451,-81],[39,-148]],[[23845,73391],[0,-231]],[[23845,73160],[336,-123]],[[24181,73037],[-81,-88],[-45,-929],[-83,-59],[-52,-268],[97,-233],[-72,-175],[-348,-157],[-240,-214],[213,-352],[27,-295],[-68,-272],[55,-277],[127,-107]],[[23711,69611],[140,7],[187,-69],[-104,-20]],[[23934,69529],[-446,-459],[-164,-8]],[[23324,69062],[-45,-113]],[[23279,68949],[18,145],[-81,126],[-275,-217],[-464,-61],[-227,267],[-424,-148],[-61,64],[-79,310],[-127,55],[-303,-8],[-84,335]],[[21172,69817],[-314,128]],[[20858,69945],[-15,512],[62,211],[133,-48],[69,-101],[99,42],[136,-48],[477,444],[110,2],[250,492],[-30,96],[-666,18],[23,215],[71,129],[-256,192],[-312,-108],[-242,-162],[-757,124],[-677,-49]],[[19333,71906],[107,242],[217,317]],[[19657,72465],[167,73],[116,-121]],[[19940,72417],[209,88],[173,221],[36,212]],[[20358,72938],[-41,158],[342,374],[467,271]],[[21126,73741],[196,-66]],[[21322,73675],[245,39],[190,161],[1170,-367],[129,-109],[106,22],[115,-24],[23,-47],[75,19],[49,-107],[69,-3],[114,134]],[[23607,73393],[238,-2]],[[44411,70858],[60,-108],[116,-11],[70,51],[164,-134],[167,23],[209,-162],[26,-72]],[[46456,70199],[124,-111],[330,-104],[-110,-86],[-709,-997],[-614,-984],[-609,-368],[-156,-216]],[[43386,69544],[-697,142]],[[42689,69686],[-97,196],[-97,55],[148,78],[-131,139],[137,55],[-65,48],[17,151],[-70,33],[-11,94],[-284,108],[-16,77],[-753,636],[-163,284],[-365,396],[-163,330],[-147,104]],[[40629,72470],[470,155],[183,-30]],[[41282,72595],[774,211],[345,-447],[664,-644]],[[44712,67333],[136,-274],[-15,-326],[-112,-298],[-388,-542],[-339,18]],[[43001,66532],[-232,226],[-227,137],[-99,147],[-10,113]],[[42553,67421],[-112,103],[-18,235],[-77,155]],[[42331,68802],[42,263],[-19,89]],[[42150,69217],[-194,182],[189,97]],[[42145,69496],[197,0]],[[42342,69496],[348,190],[696,-142]],[[43386,69544],[432,-260],[454,-1345],[440,-606]],[[18491,65399],[483,-1254],[1100,-2127],[483,-787],[-2571,38],[-491,-87]],[[17495,61182],[-476,1384],[-522,606],[-205,443],[-492,1453],[-387,690]],[[15413,65758],[-60,322]],[[15353,66080],[623,-147],[569,7]],[[18264,67398],[110,-1627],[117,-372]],[[18491,65399],[-753,16],[-108,35],[-68,86],[-20,149],[-292,41],[-705,214]],[[16545,65940],[105,600],[190,187],[101,630]],[[16941,67357],[786,118]],[[17727,67475],[338,-11],[199,-66]],[[11454,63311],[-59,-43],[-135,33],[-162,-58],[-235,-399],[103,-150],[-98,-142],[8,-109],[-81,18],[-20,-107],[-179,-192],[-325,-170],[-148,-210],[-160,-113],[-81,16],[-62,-71],[66,-93],[-25,-244],[71,-125],[3,-183],[-51,-106],[-482,-303],[99,-159],[-204,-390],[-75,-349],[122,-398],[-177,-227],[-484,-158],[-471,-406],[-55,-15],[118,153],[-48,59],[-154,-66],[-411,-38],[-91,15],[-98,90],[-249,-77],[-350,112],[-459,-107],[-255,207],[-60,-110],[-80,99],[-230,-30],[-24,269],[134,70],[182,319],[-173,215],[-98,-221],[-307,111],[81,65],[-42,53],[58,270],[83,62],[61,-47],[90,41],[254,172],[21,128],[-64,175],[137,2],[8,148],[127,118],[-37,39],[-87,-18],[-124,96],[8,109],[-50,37],[340,439],[-90,623],[-786,1079]],[[7489,63203],[530,509]],[[8019,63712],[364,432]],[[8383,64144],[200,103],[623,491],[265,151],[398,72],[45,-37],[-49,-39]],[[14241,62739],[-332,128],[7,554],[-124,125]],[[13899,63693],[-2,239],[-528,569]],[[12914,65614],[96,39],[-163,140]],[[12847,65793],[1363,87]],[[14210,65880],[2,-574],[-68,-123],[57,-49],[192,-1137],[0,-315],[-152,-943]],[[12914,65614],[230,-238],[37,-125],[-74,-187],[262,-563]],[[13369,64501],[528,-568],[2,-240]],[[13899,63693],[-107,-147]],[[13792,63546],[-280,60],[-86,-79],[-275,13],[-50,-51],[-222,-7],[-306,-102],[-244,38],[-211,-36]],[[11118,65242],[1117,297],[362,148],[83,-111]],[[12680,65576],[109,-13]],[[12789,65563],[125,51]],[[12118,63382],[-205,-73],[-288,43],[-171,-41]],[[11454,63311],[-960,1064],[-581,233],[-48,277]],[[9865,64885],[255,201]],[[10120,65086],[998,156]],[[11118,65242],[367,-489],[35,-215],[151,-60],[105,-120],[-15,-138],[122,-96],[-62,-95],[23,-95],[274,-552]],[[7675,64372],[8,-549],[-69,-476]],[[7614,63347],[-125,-144]],[[7489,63203],[-1483,-18],[-514,-66]],[[5492,63119],[-409,563],[-156,71],[-451,371]],[[5721,65731],[-1558,-1399],[-123,45],[-328,498],[-129,111],[184,510],[196,335],[-18,243],[-161,56],[26,302],[-522,-56],[-58,159],[84,217],[147,125],[250,-6]],[[3711,66871],[350,359]],[[4061,67230],[120,-45],[312,92],[65,-32],[-9,-298],[210,-316],[322,-279],[114,-11],[526,-610]],[[9169,77219],[-9,-815],[87,-258],[-124,-190],[-404,-51],[-462,-137],[34,-59],[213,-18]],[[8504,75691],[-29,-76],[-166,-170]],[[8309,75445],[-411,-35],[-57,-69],[47,-218],[-288,-248],[-221,-109],[-134,-168]],[[7245,74598],[-22,-462]],[[7223,74136],[-1485,532]],[[5738,74668],[-258,56],[664,345],[249,178],[121,160],[-282,943],[419,1510]],[[6651,77860],[586,586]],[[7237,78446],[147,269],[14,2259],[1092,35]],[[8490,81009],[408,-93],[298,-356],[128,-1621],[0,-1152]],[[9324,77787],[-155,-568]],[[35614,92369],[-130,-2283],[-6485,22]],[[28999,90108],[-110,62]],[[28889,90170],[-604,8],[-9065,42],[3,787],[-8448,8],[-10,1367]],[[35614,92369],[-24849,13]],[[10765,92382],[-4,4344],[21304,-2],[58,8],[94,291],[84,103],[332,245],[142,-116],[-229,-222],[-134,-309],[3409,-4],[-207,-4351]],[[42891,64752],[-146,-87],[-238,-385],[-322,-276],[-54,-131],[79,-206],[-31,-184],[165,-520],[-4,-129],[-39,-155],[-317,-181],[-60,-441],[-180,-346],[-213,-607],[14,-195],[-716,0]],[[40829,60909],[-44,283],[41,237],[74,234]],[[40900,61663],[151,117],[3,10]],[[41054,61790],[90,300],[10,434],[-84,88],[-3,158],[-232,39]],[[40835,62809],[-363,504],[-426,297],[-573,574]],[[39473,64184],[200,8],[975,361],[677,21],[-257,445],[-181,197],[201,96],[82,273],[534,115],[89,72],[276,89],[139,118]],[[42208,65979],[252,66]],[[43994,65911],[444,-41],[133,-126],[-190,-696],[45,-5],[49,-138],[-375,-278],[-30,-138],[-272,-132],[57,135],[-127,1],[-522,441],[-315,-182]],[[42891,64752],[0,452],[93,80],[294,745],[-818,16]],[[42460,66045],[-77,491]],[[42383,66536],[-267,490]],[[42116,67026],[-76,53]],[[42398,67380],[80,117],[75,-76]],[[42553,67421],[-120,-266]],[[42433,67155],[33,-159],[535,-464]],[[43001,66532],[207,-124],[244,-69],[43,-124],[145,-150],[159,3],[195,-157]],[[7534,66248],[202,-67],[44,-93],[-68,-838]],[[7712,65250],[-215,-530],[128,-142],[50,-206]],[[7675,64372],[-1093,420],[-458,-41],[-448,-104],[-657,-239],[-543,-284]],[[4476,64124],[-313,208],[1507,1374],[318,160],[478,540],[369,141]],[[6835,66547],[-20,-164],[92,91],[75,0],[61,-151],[270,-173],[221,98]],[[9939,69568],[-22,426],[45,130],[255,227],[578,118],[136,304]],[[10931,70773],[144,-7],[368,92]],[[11443,70858],[-365,-403],[-249,-515]],[[10829,69940],[26,-325],[116,-128],[178,-73],[20,-165],[-516,-64],[-581,118],[-133,265]],[[12716,70561],[636,-273],[191,8],[89,-52],[496,-536]],[[14128,69708],[327,-238],[-10,-215]],[[14445,69255],[-244,14],[-161,-70],[-177,26],[-94,-62],[30,-91],[189,-171]],[[13988,68901],[20,-150],[99,-63]],[[14107,68688],[-177,-301],[-383,-358]],[[13547,68029],[-494,133],[-363,155],[-922,8]],[[11768,68325],[-24,297],[162,51],[205,222]],[[12111,68895],[48,819]],[[12159,69714],[181,273],[-55,151],[-57,687],[511,-6],[-23,-258]],[[10478,65522],[-233,-439],[-125,3]],[[10120,65086],[-61,104],[-353,149],[-88,0]],[[9618,65339],[-381,-186],[-41,74]],[[9196,65227],[26,139],[-118,95]],[[9104,65461],[-4,266]],[[9100,65727],[693,7]],[[9793,65734],[707,171]],[[10500,65905],[30,-89],[-52,-294]],[[42150,69217],[204,-63]],[[42354,69154],[-23,-352]],[[42331,68802],[44,-113],[-188,-219],[53,-94],[-17,-173],[165,-257],[-42,-32]],[[42346,67914],[123,-444],[-71,-90]],[[42398,67380],[-138,50],[-220,-351]],[[42040,67079],[-138,83]],[[41902,67162],[-149,7]],[[41753,67169],[-38,-55]],[[41715,67114],[-133,96],[352,602],[-672,912]],[[41262,68724],[418,337],[289,345],[181,-189]],[[51485,88713],[100,-699],[266,-668],[-19,-996],[-1054,93]],[[50778,86443],[-625,306],[-324,75],[-106,-18],[-279,-184],[-297,90],[-289,222],[-320,98],[257,224],[-846,929]],[[47949,88185],[52,103]],[[48001,88288],[308,123],[271,23],[83,74],[93,-3],[236,121],[110,101]],[[49102,88727],[467,86],[274,32]],[[49843,88845],[474,-156],[459,32],[484,-121],[127,7],[98,106]],[[48405,82512],[21,-1168],[154,-199]],[[48580,81145],[36,-85],[-40,-87]],[[49104,79191],[-73,-377],[190,-546]],[[49221,78268],[-91,-133]],[[49130,78135],[74,-102],[-39,12],[-2,-77],[-241,145],[-28,83],[-1309,1291]],[[46808,81017],[102,1266]],[[46910,82283],[-79,233],[-44,484]],[[46787,83000],[1148,-470],[470,-18]],[[45405,84780],[754,70],[355,122],[179,-5],[166,79],[1751,382],[986,-39],[9,-140],[93,-118],[211,-680]],[[49909,84451],[-27,-828],[47,-715],[26,-208],[146,-278],[-2166,108],[-1402,576],[-801,475],[-727,528],[-951,999],[1351,-328]],[[47956,77854],[-762,-119],[-179,221]],[[45736,80528],[225,-31]],[[45961,80497],[147,38],[422,199],[235,169]],[[46765,80903],[43,114]],[[46808,81017],[777,-1530]],[[47585,79487],[1500,-1504]],[[45736,80528],[173,-225],[162,-50],[74,-109],[-28,-106],[99,-99],[38,-210],[143,-15],[10,-80],[147,-130],[48,-302],[-12,-70],[-101,-48],[67,-46],[28,-304],[86,-64],[-2,-280],[73,-33],[70,-159],[236,-182],[-32,-60]],[[47015,77956],[179,-196],[-224,-153]],[[46970,77607],[54,107],[-180,300],[-158,45],[-38,115],[53,76],[-166,141],[0,249],[-233,606],[-301,-25],[-294,-96],[-105,-185],[-90,-505]],[[45512,78435],[398,-630]],[[44921,77909],[-1382,185],[-496,217]],[[41838,78718],[616,-90]],[[42454,78628],[-153,476],[-405,585]],[[41896,79689],[440,721]],[[42336,80410],[515,-14]],[[42851,80396],[884,106],[1284,61]],[[45019,80563],[717,-35]],[[45910,77805],[594,-638]],[[46504,77167],[242,-116],[226,-33],[127,61],[124,199],[-140,111]],[[47083,77389],[-114,222],[222,118],[-46,-170]],[[47778,76943],[151,-258],[-96,-88]],[[47698,76642],[-106,-100],[-2562,-145]],[[43474,77683],[70,410],[1377,-184]],[[44921,77909],[414,8],[575,-112]],[[41838,78718],[256,-161],[143,-18],[161,-155],[645,-73]],[[43043,78311],[482,-202],[15,-210],[-66,-216]],[[43474,77683],[1065,-478],[234,-525],[257,-283]],[[45030,76397],[727,39]],[[45757,76436],[153,-798],[-412,-385]],[[45498,75253],[-1496,-171],[-344,30],[-254,180],[-565,163],[-152,-25],[-164,-109],[-434,-78]],[[42089,75243],[-609,-624],[-298,16],[48,58]],[[41230,74693],[-101,68],[19,49],[129,-41],[63,54],[761,908],[86,229]],[[42187,75960],[-963,1237],[-1047,372]],[[40177,77569],[-207,-9],[-85,291],[-172,124]],[[39713,77975],[1,125],[179,439]],[[39893,78539],[153,104],[160,-3],[917,216]],[[41123,78856],[715,-138]],[[42517,73132],[-295,60],[-161,-22],[-153,37],[-19,41],[-389,30],[-199,465],[-194,75],[-97,152]],[[41010,73970],[-89,24],[85,66],[-57,47],[-49,-22],[30,42],[-64,95]],[[40866,74222],[316,413],[406,-25]],[[41588,74610],[1571,46]],[[43159,74656],[123,-802],[-87,102]],[[43195,73956],[593,-591]],[[43788,73365],[312,-408]],[[44100,72957],[-134,-123],[-160,-381]],[[43806,72453],[-763,208],[-94,-230]],[[42872,72067],[-165,-17],[-651,756],[197,93],[-15,132],[-182,-30]],[[42056,73001],[-47,64],[-84,-43],[-116,70],[-114,-13],[-116,113],[19,42]],[[41598,73234],[-79,28],[-19,16],[-1,2],[1018,-148]],[[42517,73132],[234,270],[255,437],[189,117]],[[43635,72512],[-90,-186],[76,-119],[86,-34],[263,-507],[1099,-415],[265,-12],[247,-560]],[[45581,70679],[-444,-111],[-98,34],[-51,77],[-206,-7],[-27,73],[-53,-13],[-45,58],[-143,-62],[-103,130]],[[44411,70858],[-153,19],[-179,214],[-177,86],[34,73],[-92,68],[0,99],[-58,-27],[-47,82],[-97,-43],[-90,56],[9,-74],[-35,72],[-173,-22],[-85,129],[-65,-23],[90,75],[-72,-37],[-34,65],[-71,-43],[-7,43],[-49,-10],[5,55]],[[43065,71715],[-347,334],[154,18]],[[42872,72067],[-38,125],[195,102],[-14,108],[-66,29]],[[42949,72431],[74,106],[5,111],[607,-136]],[[47390,73088],[-776,-233]],[[46614,72855],[-152,-340]],[[46462,72515],[163,-725],[373,-1234]],[[46998,70556],[-489,-433]],[[46509,70123],[-53,76]],[[46456,70199],[-54,-68],[-30,32],[-46,-39],[-150,63],[-107,-41],[-397,60],[-183,178],[-95,-9],[-54,57],[-117,13]],[[45223,70445],[-86,123],[1048,250]],[[46185,70818],[-400,1589],[-599,-143],[-207,42],[-274,355],[-87,389]],[[44618,73050],[404,347],[401,232],[280,19],[-35,54]],[[45668,73702],[264,15],[98,-44]],[[46030,73673],[388,89]],[[46418,73762],[142,-146],[86,-274],[75,-73],[153,-74],[516,-107]],[[49378,77845],[-127,-60]],[[49251,77785],[-89,185],[3,75],[163,-51],[47,-66],[3,-83]],[[47833,76597],[111,32],[-10,-47],[63,-5]],[[47997,76577],[15,-98],[113,-61],[129,-206],[266,-85],[63,-105],[86,-37],[20,30],[150,-49],[154,-161],[356,-178],[96,17],[149,-58]],[[49594,75586],[93,-794],[119,-256],[-138,-7]],[[49668,74529],[-83,-84],[-76,7],[-262,51],[-81,116],[-131,-44],[-66,58],[-107,3],[-305,-170],[-79,12],[-49,-76],[-96,55],[-177,-73]],[[48156,74384],[-491,170],[-79,62]],[[47586,74616],[0,108],[-173,76],[124,165],[50,201],[-97,102],[108,176],[-59,82],[-9,239],[180,288],[-124,211]],[[47586,76264],[3,170],[109,208]],[[47698,76642],[135,-45]],[[49085,77983],[78,-15],[21,-135],[-388,-520]],[[48796,77313],[-480,-326],[-172,-49]],[[48144,76938],[-241,-197],[-125,202]],[[47778,76943],[-114,120],[-63,5],[-32,104],[-167,64],[-57,151],[-200,172]],[[47145,77559],[45,175],[149,48],[617,72]],[[47956,77854],[907,9],[169,48],[53,72]],[[50310,78783],[-239,-87],[-435,-32]],[[49636,78664],[-581,32],[-16,244],[65,251]],[[49104,79191],[-135,288],[25,150],[110,130],[3,112],[-116,258],[-6,132],[-409,712]],[[48576,80973],[143,5]],[[48719,80978],[519,213],[778,17],[388,-203],[512,91]],[[50916,81096],[11,47],[59,-224],[204,-139],[-48,-183],[-66,-33],[48,-176],[56,-28],[-225,-175],[-435,-1119],[-210,-283]],[[54230,16458],[-80,73],[73,120],[-224,171],[226,-5],[206,140],[149,-15],[106,-73],[25,42],[164,-12],[52,44]],[[56721,16572],[85,-25],[87,91],[135,-21],[74,75],[267,-77],[-46,-279],[108,-178],[26,20],[139,-162],[-83,-416],[104,-210],[105,-35],[67,-131],[258,-76],[72,-54],[134,-1],[-22,-42],[236,-168],[-121,-76],[-53,-111],[-154,58]],[[58071,14886],[-205,55],[-259,-200]],[[57539,14737],[5,-125],[-129,43],[27,209],[-46,39],[-167,-228],[-157,-37],[24,-50],[-78,-49],[-66,-201],[-67,-50],[-97,33]],[[55801,14565],[-394,-82],[-165,48],[-115,64],[-313,36],[-131,157],[9,1061],[116,70],[135,-2],[-69,67],[-289,34],[-58,160]],[[55242,14531],[0,0]],[[58088,15114],[0,0]],[[57458,15296],[0,0]],[[57355,15078],[0,0]],[[57168,15509],[0,0]],[[56657,16513],[0,0]],[[56020,16143],[0,0]],[[55950,15136],[0,0]],[[55948,15220],[0,0]],[[55939,15287],[0,0]],[[55808,15277],[0,0]],[[55676,15258],[0,0]],[[55275,14751],[0,0]],[[54808,14685],[0,0]],[[54798,14677],[0,0]],[[41721,27237],[217,-149],[219,-5],[110,-163]],[[43677,26597],[1624,-54],[-97,-500]],[[41430,25532],[-9,-91],[166,-249],[-23,-76],[-39,6],[-174,158],[-399,201]],[[40631,25597],[-75,-32],[-88,26],[-68,333],[-476,205],[-30,87],[19,162],[114,98],[399,-136]],[[40861,26857],[342,479],[53,41],[219,-157]],[[40770,25534],[0,0]],[[38853,13808],[366,-41],[177,45],[246,-41]],[[41185,12396],[44,59],[594,125],[18,-355],[231,-273],[-78,-476],[-238,-67],[-1069,-47],[-108,-89],[-34,-335],[-533,-361]],[[39865,10240],[-9,-272],[297,-197]],[[40047,9013],[-156,-189]],[[38286,8792],[-69,138],[-127,103],[-88,-25],[-178,-264],[-302,90],[-339,-48],[-688,270],[-19,99],[168,275],[184,38],[128,-44],[57,66],[-460,578],[-491,498],[-912,530],[-550,231]],[[36473,13717],[571,-8],[34,92],[68,30],[122,13],[77,-47],[167,146],[83,-6],[133,87],[318,-6]],[[33798,25968],[-28,19],[22,20],[6,-39]],[[34688,26524],[-10,-8],[4,16],[6,-8]],[[35319,26233],[284,8],[560,-95],[-2,-59],[-324,-67],[-59,-157]],[[36369,25302],[-208,-52],[-265,136],[-100,-17]],[[35922,24477],[-161,-121]],[[35586,24165],[-212,79]],[[35125,24626],[-266,106],[-96,-7],[-230,-221],[-135,36],[-347,-21]],[[34133,25360],[-303,296],[65,50],[-68,66],[35,99],[-28,8],[-17,15],[-8,18],[-11,9],[0,3],[82,92],[96,-28],[-5,-193],[47,126],[102,-23],[-44,72],[38,57],[-94,56],[37,59],[11,-57],[159,2],[-42,-109],[108,8],[-14,-48],[52,-9],[8,-193],[188,4],[-7,60],[-102,66],[31,103],[-270,268],[21,36],[225,1],[-34,66],[55,73],[-91,140],[82,46],[59,-82],[18,112],[14,-49],[12,-50],[8,-7],[60,29],[58,-93],[94,59],[-8,-66],[52,-44],[41,49],[24,-65],[64,32],[-12,46],[130,7],[0,44],[67,17],[54,-124]],[[35150,25996],[0,0]],[[34505,25565],[0,0]],[[34311,25441],[0,0]],[[34312,25441],[0,0]],[[34342,25418],[0,0]],[[35448,25355],[0,0]],[[35210,25279],[0,0]],[[34302,26734],[6,-8],[-11,4],[5,4]],[[34261,26707],[132,-2],[-22,-63],[-110,65]],[[34301,26739],[-10,-2],[7,5],[3,-3]],[[34307,26754],[-6,-7],[-2,6],[8,1]],[[34412,26751],[42,-24],[6,-18],[-64,8],[16,34]],[[34300,26880],[-13,-122],[-93,20],[106,102]],[[33911,27250],[24,-183],[114,-36],[93,73],[-37,-117],[-69,-46],[121,-82],[-53,-129],[-191,-80],[-62,63],[47,187],[-98,99],[50,90],[-125,-51],[-77,96],[61,-4],[87,150],[115,-30]],[[43051,20800],[-157,-167],[135,-165],[76,-17],[-335,-572],[-196,-57],[-215,22],[-161,68],[-33,196],[-141,34],[-165,-61]],[[40933,20172],[-57,320]],[[41353,21115],[216,781],[214,128],[348,-29],[-69,-172],[-104,-10],[10,-61],[70,-1],[188,234],[235,102],[10,162],[66,62],[322,127],[42,-77],[10,-795],[95,-464]],[[46506,13634],[525,-230],[298,-37],[88,36]],[[47854,13256],[234,49],[87,-40],[132,20],[284,-88],[-91,-296],[-105,-156]],[[47530,12119],[57,-117],[-109,-171],[-153,-78],[-431,43],[-197,-108],[3,-122]],[[46516,11564],[25,-154],[206,-50],[26,-133],[82,-34]],[[47144,11402],[148,-48]],[[47318,11150],[-231,-252]],[[46720,10565],[-20,-97],[-160,-94],[-34,-136],[-187,-151]],[[46182,10085],[-304,96],[-59,172],[-112,64],[-311,-22],[-54,-138]],[[45098,10366],[-291,-18],[-453,180],[-313,534]],[[42888,11604],[-536,-46],[-511,667],[-20,352],[66,65],[123,67],[216,-28]],[[43450,13487],[875,473],[331,-47],[270,-91],[190,-121],[244,-43],[211,171]],[[32598,10457],[287,65],[36,-82],[-47,-325],[79,-130],[296,-221]],[[33713,9623],[303,-225],[103,-159]],[[34509,8662],[137,-69],[-166,-127]],[[34771,7946],[23,-192],[-177,21],[-232,-62],[-114,86],[-96,169],[63,144],[-326,106],[-248,12],[-153,-98],[-177,29],[-350,228],[-11,403],[-118,49],[-164,-12],[-108,131],[-185,8],[-92,129],[-56,-5],[-33,-71],[-135,18],[-116,-73],[-72,66],[-711,148],[-502,444]],[[32093,10671],[28,48],[348,33],[125,-35]],[[32251,30063],[38,75],[70,-3],[-281,-274]],[[32240,29820],[-8,-231],[-76,-172]],[[32284,29271],[1,-62],[-141,-109],[-57,28],[-117,-31],[-83,-66]],[[32096,27460],[-31,-110],[-213,83],[-502,-4],[-102,-197],[-729,-2],[-6,162],[168,354],[-182,198],[-114,-43],[-13,117],[58,47],[-32,82],[-123,3],[207,236],[-55,54],[28,235],[-61,68],[51,28],[-13,111],[68,124],[63,-39],[43,23],[84,-247],[39,133],[-55,24],[105,-3],[-106,88],[-11,133],[-103,-118],[-72,80],[55,82]],[[31030,30113],[282,118]],[[31284,30252],[66,38],[231,-24]],[[32027,23007],[169,-296],[123,-531]],[[32446,21185],[22,-278],[111,19],[29,-43],[-26,-122]],[[32692,20557],[4,-114],[-87,-159],[-118,-68]],[[32413,20235],[-75,-80],[38,-228]],[[32303,19921],[-231,-317],[-229,-60],[-1,-157],[-203,112]],[[30951,19449],[-150,49],[-86,-51],[5,36],[-40,-7],[-1,122]],[[29229,22241],[-242,198],[74,185]],[[28997,22670],[39,243],[-75,150],[144,259],[89,49],[-34,112],[154,142],[63,-8],[-22,-100]],[[30242,23803],[49,-106],[98,-33],[306,54],[143,153],[191,108],[178,53],[140,-76],[211,-33],[181,-149],[12,-75],[-53,-50]],[[30132,23474],[0,0]],[[32580,20927],[0,0]],[[59722,6270],[20,-92],[-39,-29],[-93,-8],[-73,75],[13,85],[-73,26],[-177,-35],[-22,61],[-162,-112],[-198,-10],[-90,70],[-82,-62],[-17,-260],[-132,19],[-124,-102]],[[58187,5845],[-98,7],[-219,-152]],[[56942,5607],[-286,307],[-216,716]],[[56290,6837],[87,317],[-71,85],[32,63],[-100,252]],[[56188,7770],[453,383],[88,288]],[[56869,8620],[25,294],[93,224],[72,129],[287,270],[157,96]],[[57890,9722],[212,103],[270,6],[270,175],[257,2],[7,-123],[138,-222],[82,81],[-46,-98],[-64,-4],[89,-45],[-82,17],[-26,-72],[30,-15],[36,50],[51,12],[-60,-112],[-63,13],[70,-237],[-60,-72],[16,-60],[55,8],[30,100],[107,-141],[28,18],[53,-122],[-33,-114],[37,-143],[225,-79],[139,-206],[76,42],[65,-260],[132,-85],[-123,-9],[-24,-47],[-178,216],[-117,33],[-59,-48],[6,42],[-92,-90],[43,-27],[-62,-95],[-162,-66],[85,13],[-31,-72],[85,-45],[20,127],[86,32],[-18,-126],[44,-23],[73,63],[38,-65],[88,144],[139,-56],[105,35],[-17,-78],[64,-44],[-44,-74],[-104,0],[-151,-88],[-90,49],[5,-75],[76,-150],[170,-78],[73,39],[-31,36],[131,29],[122,-194],[122,-54],[21,-149],[-46,-24],[63,-68],[34,-254],[-180,-149],[-126,86],[-49,-14],[82,-59],[-40,-16],[20,-57],[193,24],[91,-102],[-235,-133],[-31,-110],[-217,-111]],[[58369,6958],[0,0]],[[60117,9994],[-42,-6],[43,17],[-1,-11]],[[60301,9915],[-31,-21],[-16,13],[47,8]],[[60153,9700],[-7,-20],[-16,13],[23,7]],[[59817,9235],[-68,48],[-5,61],[80,-72],[-7,-37]],[[59993,9140],[3,-2],[-3,0],[0,2]],[[59952,7824],[213,-80],[-49,-159],[-116,133],[24,34],[53,-48],[-50,80],[-96,-75],[25,55],[-47,45],[43,15]],[[59813,7785],[20,-42],[-35,8],[15,34]],[[58464,14134],[-33,-131],[-69,1],[-123,94]],[[58238,14250],[-153,-4],[-3,35],[177,166],[69,339],[148,100],[89,-30],[219,-229],[100,-265],[80,-25],[48,66],[13,-134],[-119,-110],[-239,34]],[[47943,21104],[499,-16],[649,-98],[-196,-436],[64,-624],[103,-123],[-42,-291],[-612,-8],[-193,-45]],[[45997,19770],[195,62],[171,290]],[[46792,20578],[-41,76],[24,181],[283,159],[67,84]],[[56044,21925],[1203,-714],[-1,-382],[-127,-64],[-158,39],[-52,-102],[23,-440],[81,-134]],[[56602,19876],[-133,-390],[-84,-67],[-158,82]],[[55069,20565],[17,152]],[[55546,20426],[0,0]],[[55991,20144],[0,0]],[[49676,25010],[432,-314],[-262,-194]],[[49549,24191],[-41,-144],[20,-71]],[[50085,23492],[33,-211],[-107,-32]],[[48930,22801],[0,-972],[-55,-16],[-451,804]],[[47490,23247],[-31,159],[74,175],[7,214],[-50,91],[-135,-5],[65,85],[-104,167],[271,267],[255,488],[-15,77],[-138,82]],[[47630,25799],[288,-190]],[[50085,23466],[0,0]],[[49751,24282],[2,0],[-2,-1],[0,1]],[[60508,2967],[-41,155],[-231,160],[73,116],[213,112]],[[61075,4295],[27,107],[179,70],[153,-22],[-89,184],[63,55],[468,-150],[1,-217],[-128,-48],[-112,-171],[186,-17],[59,-109],[191,0],[162,168],[-77,115],[112,2],[10,41],[-197,38],[160,130],[35,-137],[185,-43],[-45,-105],[135,19],[-40,-34],[58,-26],[-21,-106],[154,18],[81,155],[154,-166],[-170,-108],[-86,33],[-82,-100],[36,-99],[-44,-67],[111,-45],[78,25],[1,-62],[50,1],[-87,-41],[-91,-143],[-362,-71],[-869,-654],[-276,-41]],[[62004,3872],[0,0]],[[61472,3759],[0,0]],[[61960,3220],[0,0]],[[60989,2993],[0,0]],[[61006,2987],[0,0]],[[62527,4371],[82,-76],[-96,59],[14,17]],[[62707,4258],[-25,-18],[3,25],[22,-7]],[[45582,6056],[-578,-332],[-733,181]],[[42685,5971],[-170,27],[-24,272],[70,109],[164,92],[76,117],[-27,72],[304,-19]],[[43756,7329],[177,93],[91,-42]],[[36693,21946],[0,0]],[[38990,19716],[-99,-7]],[[37986,19880],[-58,-140],[-113,25],[-20,120]],[[37288,19981],[-5,349],[-94,66],[-50,-2],[22,-177],[-42,-22],[-35,121],[-167,-157]],[[36903,19944],[-236,27],[-294,371]],[[36297,21658],[76,-2],[32,-238]],[[36747,21989],[41,405],[333,-18],[159,102],[245,-28],[308,56],[51,-89]],[[38547,22427],[390,101],[21,-522]],[[38424,21603],[0,0]],[[38443,21590],[0,0]],[[38415,21571],[0,0]],[[52795,24429],[-545,582],[-102,306],[2,216],[760,-237],[658,-362],[138,-718],[-90,-34],[-17,-96],[-217,-140],[-53,393]],[[39234,23698],[300,-23]],[[39693,23448],[76,-203],[-114,-106]],[[39526,23137],[-154,-68],[9,-140],[-295,38]],[[39090,23414],[0,0]],[[39155,23240],[0,0]],[[39152,23232],[0,0]],[[39123,23226],[0,0]],[[39146,23220],[0,0]],[[39143,23214],[0,0]],[[39166,23135],[0,0]],[[39133,23091],[0,0]],[[39180,23080],[0,0]],[[42440,30298],[1373,-659],[-231,-96],[-66,-125],[5,-152],[-180,-64],[-11,-57]],[[43109,29193],[-113,-40],[76,191],[-29,46],[-386,45]],[[42338,29357],[-110,147],[-495,-82],[68,254]],[[41980,30189],[186,-30],[12,129]],[[42574,29588],[0,0]],[[42535,29582],[0,0]],[[42725,29510],[0,0]],[[42561,29484],[0,0]],[[42738,29451],[0,0]],[[42421,29398],[0,0]],[[52099,4060],[627,-163],[886,-367],[610,-57],[-28,-71]],[[54294,2943],[543,19],[5,-117],[-161,-239]],[[55062,1448],[-179,-48],[-445,51],[-323,-142],[-22,-169],[-179,-271],[39,-102],[-98,-131],[-330,-94],[-255,-138],[-294,26],[-194,-80],[-83,-118],[-258,21],[-190,119],[-204,-52],[-481,81],[-201,122],[-124,6],[-197,-75],[-306,74],[-66,86],[101,78],[-170,107],[27,102]],[[50513,1395],[5,230],[-74,21],[-99,158]],[[49726,2904],[-6,293],[126,270]],[[50851,4650],[106,93],[288,-392],[143,-97],[417,-61]],[[38166,27545],[0,0]],[[37975,27562],[-19,-17],[7,21],[12,-4]],[[37808,27613],[17,-13],[-10,-9],[-7,22]],[[37035,27645],[14,-8],[-14,-8],[0,16]],[[38422,27658],[19,-13],[-22,5],[3,8]],[[37402,27685],[71,-34],[-10,-66],[-121,75],[60,25]],[[37208,28069],[13,4],[-3,-9],[-10,5]],[[37170,28084],[29,-12],[-18,-27],[-11,39]],[[38488,28177],[33,-15],[0,-7],[-35,9],[2,13]],[[38448,28187],[-3,-12],[-15,9],[18,3]],[[38266,28176],[146,17],[10,-6],[-62,-34],[-94,23]],[[38029,28149],[-52,-14],[-20,81],[46,-22],[26,-45]],[[38166,27545],[-97,119],[-83,-86],[-180,103],[-413,63],[-21,76],[-114,-15],[-24,43],[103,127],[58,-7],[72,80],[-125,12],[21,47],[-44,29],[-79,-33],[-53,82],[216,-7],[58,122],[64,2],[92,-35],[-75,-109],[127,-126],[142,-20],[90,62],[201,-9],[29,44],[53,-84],[-39,-157],[141,-47],[-87,-54],[217,-184],[-28,-29],[-83,44],[43,-96],[-58,-39],[-30,30],[-70,27],[-12,21],[-12,4]],[[37906,27887],[0,0]],[[37392,28329],[-3,-9],[-1,9],[4,0]],[[37252,28398],[83,-29],[-5,-47],[-75,45],[-3,31]],[[37426,28435],[-14,-9],[-1,8],[15,1]],[[37135,28450],[21,-6],[-3,-17],[-18,23]],[[37419,28456],[-8,-1],[2,7],[6,-6]],[[37241,28470],[-20,-2],[12,11],[8,-9]],[[37462,28475],[-8,-3],[0,7],[8,-4]],[[37132,28484],[17,-7],[-15,2],[-2,5]],[[37151,28513],[24,-3],[-15,-9],[-9,12]],[[37099,28526],[18,21],[12,-18],[-30,-3]],[[38080,28570],[53,-181],[-269,-96],[-64,69],[10,180],[219,-7],[51,35]],[[39211,28760],[-52,-18],[55,29],[-3,-11]],[[38905,28832],[138,-68],[-5,-53],[-126,63],[-7,58]],[[39201,28894],[45,-35],[-28,-8],[-17,43]],[[39145,28920],[-23,-18],[-5,5],[28,13]],[[33627,30568],[13,49],[141,36],[36,155],[57,10],[4,-90],[78,38],[39,-50],[-101,-101],[66,-76],[-30,-112],[51,-9],[26,-79],[-73,-315]],[[33811,30082],[-87,-44],[-67,56],[-38,-54],[56,-303],[109,6],[-54,-297],[-112,78],[-44,-100],[92,-14],[-21,-34],[-172,-7],[-168,55],[-49,-108],[-118,26]],[[33067,29221],[-58,0],[2,-58]],[[32872,29070],[-58,-183],[-95,-68],[-446,112],[-128,171],[104,53],[35,116]],[[32284,29271],[-106,13],[-22,133]],[[32156,29417],[73,228],[107,127],[160,70]],[[32568,29807],[164,26],[28,58],[98,25],[11,-114]],[[32996,29780],[95,159],[133,41],[106,-145]],[[33307,29765],[0,0]],[[32735,29834],[0,0]],[[32412,29542],[0,0]],[[41476,22167],[276,-163],[-120,-39],[-110,-149],[-90,-536],[-79,-165]],[[41353,21115],[-265,-169],[-121,-175],[-91,-279]],[[40876,20492],[81,-395],[-29,-181]],[[40457,19925],[-126,41],[-292,-126],[-656,18],[-393,-142]],[[38990,19716],[149,357],[58,29],[10,152],[-67,167],[-36,389],[-139,188],[88,243],[-61,272],[26,329],[-60,164]],[[38958,22006],[-11,508],[202,53],[136,-78],[176,11],[362,86],[200,-54]],[[39993,22050],[0,0]],[[40794,21249],[0,0]],[[58767,13981],[97,-59],[-10,-24],[-224,-236]],[[58568,13592],[-123,-213],[-8,60],[-146,45],[-4,74],[-129,-43],[-25,66],[94,-14]],[[58423,13891],[41,243]],[[58464,14134],[86,-6],[117,65]],[[58667,14193],[209,-40],[114,85],[82,-71],[-189,-64]],[[58962,14173],[0,0]],[[58979,14167],[0,0]],[[58910,14157],[0,0]],[[58909,14123],[0,0]],[[58866,14099],[0,0]],[[58651,14065],[0,0]],[[58682,14053],[0,0]],[[58606,14052],[0,0]],[[58526,14043],[0,0]],[[58546,13978],[0,0]],[[58547,13976],[0,0]],[[58575,13935],[0,0]],[[58794,13855],[0,0]],[[58571,13788],[0,0]],[[45204,26043],[-193,-671]],[[44146,25376],[1,-117],[-298,-10],[-335,57],[-438,-61],[-63,-74],[-226,32]],[[41710,25154],[-233,-212],[-208,-116],[-270,-11],[-452,135]],[[40450,25058],[-190,59],[-270,372],[31,83],[224,67],[62,-54],[148,55],[13,-49],[84,-26],[79,32]],[[40631,25597],[178,-108],[127,39],[16,-47]],[[40952,25481],[315,-150],[190,-181],[107,-34],[21,81],[-155,186],[0,149]],[[41430,25532],[41,-11],[-8,59],[71,47],[-85,116],[171,106],[56,100],[255,-15],[394,105],[2879,4]],[[41649,25816],[0,0]],[[42202,25804],[0,0]],[[42205,25802],[0,0]],[[42210,25716],[0,0]],[[42420,25312],[0,0]],[[42069,25184],[0,0]],[[40853,25081],[0,0]],[[28997,22670],[64,-46]],[[29061,22624],[-75,-140],[29,-85],[214,-158]],[[29229,22241],[96,-17],[32,33],[229,-149],[111,7],[159,-92],[-6,-48],[104,-44],[36,-166],[102,-15],[52,-77],[-56,-65],[83,-135],[-67,-70],[10,-67],[-61,-24],[2,-56],[-26,30],[-64,-38],[-7,-104],[-61,49],[-85,-24],[97,-94],[-24,-79],[-106,-5],[17,-71],[66,4],[-59,-72],[58,-64],[-50,-21],[112,-60],[-88,-111],[36,-54],[151,18],[-46,-195],[44,-6],[-14,-69],[116,2],[-22,-104],[215,52],[60,-56],[89,9],[123,-228],[128,-39],[64,-80],[-22,-142],[-41,-1],[34,-34],[-48,-26],[50,-32],[-73,-13]],[[30679,19598],[-12,-84],[43,-68],[29,19],[-57,-128],[21,-166],[-75,-53],[-187,-7],[16,230],[-48,156]],[[28530,19614],[-289,-383],[-495,414],[-310,44],[-23,120],[-45,-9],[-11,87],[-64,9],[15,97],[113,110]],[[27970,20413],[73,-274],[347,60]],[[28459,20300],[32,54],[-39,97]],[[28267,20934],[-114,145],[82,176]],[[28197,21352],[188,97],[-65,129]],[[28207,21601],[-40,297],[264,305],[-43,65],[135,300],[139,79],[106,206],[185,20],[80,-86],[-36,-117]],[[29031,22568],[0,0]],[[57313,14282],[11,-119],[38,-21],[52,93]],[[57612,14348],[34,-168],[77,-51],[108,118],[79,-134],[0,-230]],[[56509,13757],[-76,-31],[-202,7]],[[55982,13747],[-87,70],[-219,55],[-91,-79],[-14,467],[-59,237],[53,43],[236,25]],[[55801,14565],[314,-126],[164,32],[67,-67],[165,57],[106,-51],[87,-126],[84,37]],[[56788,14321],[90,-34],[74,51],[79,220],[65,30],[-19,55],[151,29]],[[41401,23371],[-35,-104],[76,-63],[-23,-69],[62,-85]],[[41440,22977],[80,-128],[221,-165],[216,-360],[-81,-66],[-28,-231],[-119,-4],[-253,144]],[[41476,22167],[-163,-41],[-191,51],[-202,179],[-432,14],[-148,75],[-104,-46],[-152,17],[-108,51],[47,65]],[[40023,22532],[-134,49],[-207,-9],[-40,-38],[-120,28],[-66,75]],[[39446,22888],[-65,41],[-16,122],[161,86]],[[39526,23137],[129,2]],[[39655,23139],[116,79],[-78,230]],[[39693,23448],[-105,79],[-76,-19],[-57,38],[79,129]],[[39534,23675],[-267,14],[-171,61],[-652,7]],[[38346,23810],[-40,87],[12,48]],[[38762,23964],[212,253],[329,2],[376,58],[170,-230]],[[39519,23601],[0,0]],[[39608,23578],[0,0]],[[39628,23535],[0,0]],[[40635,23646],[0,0]],[[54618,20084],[53,400],[28,58]],[[54848,20479],[115,6],[106,80]],[[55069,20565],[177,-153],[284,-525],[152,-177],[75,-211],[470,2]],[[56227,19501],[163,-81],[179,279],[33,177]],[[56602,19876],[85,35],[194,247],[132,-30]],[[57013,20128],[-79,124],[-33,223],[40,314],[178,-24],[137,55],[-14,-466]],[[57029,19738],[-405,-586]],[[56811,18612],[12,-300]],[[56598,18574],[-52,100],[43,62],[-168,147]],[[56431,19038],[117,201],[-122,-6],[-16,-62],[-216,-164],[-111,22],[-92,-97],[-6,-135],[-500,100],[-188,111]],[[54366,19326],[-9,131],[134,27],[189,-88]],[[54355,19460],[-1,1],[-4,2],[2,0],[3,-3]],[[60209,4626],[114,120],[9,-87],[61,102],[112,33],[125,-7],[69,-66],[87,409],[43,2],[38,-81],[153,-1],[85,-53],[94,-162],[143,-24],[20,-88],[-54,-95],[61,-78],[-56,-77],[-229,-81],[-9,-97]],[[61075,4295],[-407,-8],[-273,-170],[-3,-144],[88,-236],[-54,-106],[96,-121]],[[60522,3510],[-335,-233],[-33,58]],[[59722,3738],[-42,218],[-231,127],[-182,-38],[-95,71],[-185,-73],[-147,-4]],[[58643,3928],[-194,44],[-140,383],[0,130]],[[58668,5092],[21,874],[73,94],[18,219],[90,26],[45,-73],[201,9],[131,106],[88,-59],[142,39],[72,-25],[-4,-101],[98,-65],[97,28],[-18,106]],[[59722,6270],[61,-13]],[[59783,6257],[221,114],[27,107],[81,24],[8,49],[96,-1],[44,53],[10,-53],[104,-53],[147,-290],[-36,-102],[99,-72],[-67,-86],[82,-46],[-117,-74],[142,-48],[4,-98],[-295,11],[-223,-53],[204,-212]],[[60256,5762],[0,0]],[[59130,4630],[0,0]],[[39929,26404],[-11,-271],[482,-209],[54,-284],[-93,-52],[-116,51],[-226,-68],[-146,99],[-233,317]],[[39048,26104],[-460,8],[-30,63],[-74,-27],[-221,82],[-115,2],[-103,-67],[3,45]],[[37883,26217],[-54,133]],[[37872,26618],[185,243],[197,-37],[-37,-123],[52,-68],[80,-3],[81,-128],[350,21],[-1,-123],[129,32],[36,77],[-37,37],[43,20],[49,-60],[-58,-60],[198,25],[7,-91],[46,70],[153,2],[1,94],[51,27],[131,-82],[169,29],[55,-97]],[[38286,8792],[438,-154],[352,26],[-75,28],[-40,149],[304,114],[232,-168],[394,37]],[[39891,8824],[-146,-98],[-97,-302],[31,-68],[-74,-70],[-220,111],[-184,-75],[-139,28],[25,-106]],[[39680,7981],[54,-8],[-37,147]],[[39698,8229],[40,113],[45,51],[135,6]],[[39978,8503],[103,45],[97,-62]],[[40462,8424],[75,-148],[47,-475]],[[40284,7858],[-225,-56],[-99,113],[-395,18],[-51,41],[-175,-50],[1,-156]],[[39319,7568],[-79,-218],[26,-223]],[[38878,7228],[-182,-5],[-199,-164],[-239,14],[-71,68],[45,82]],[[38351,7324],[87,35],[208,12],[43,98]],[[38365,8427],[-247,94],[-294,223],[192,279],[88,0],[182,-231]],[[38903,8163],[0,0]],[[39023,8110],[0,0]],[[38983,8105],[0,0]],[[38987,8104],[0,0]],[[51291,24379],[112,-9],[117,-295],[-14,-380],[-135,-26],[-185,-202]],[[50938,23394],[-148,86],[92,125],[-26,87],[-96,50],[-158,240],[-98,-2],[-43,58],[-14,601],[249,177],[213,-19],[9,157],[141,-5],[-130,-227],[64,-151],[91,10],[15,-68]],[[48520,15339],[67,75],[77,156],[25,140],[68,58]],[[48713,15825],[59,254],[369,-125]],[[49765,15761],[269,-369],[413,-49],[-85,-245]],[[50440,15079],[13,-168],[-70,-39]],[[50113,13571],[-271,-75],[-73,-99],[-144,-299],[100,-406],[-175,-131],[-43,81]],[[48766,13144],[-165,15],[-32,65],[-77,-21],[-81,59],[-239,3],[-79,40],[-239,-49]],[[47854,13256],[-437,147]],[[47417,13403],[-245,-24],[97,271]],[[48653,15550],[-1,0],[0,1],[1,-1]],[[45098,10366],[57,-247],[187,138]],[[45342,10257],[48,133],[73,24],[125,-32],[124,34],[107,-63],[49,-166],[314,-102]],[[46182,10085],[137,2]],[[46319,10087],[225,218],[184,-48],[267,50]],[[47863,9629],[-87,-80],[-137,-20],[-92,-66],[-56,-230]],[[46233,8890],[-283,-11],[-197,-62],[-105,-153],[98,-113],[7,-130]],[[45638,8287],[102,-32],[33,-165],[164,-57],[10,-53],[-201,-150],[-492,-34],[-238,30],[-67,35],[34,122]],[[44981,8262],[55,138],[-49,157],[-291,-1],[-60,-87],[-162,-64],[-103,6],[-318,163],[74,108]],[[44192,8694],[-108,113],[-554,67]],[[43476,9488],[56,124],[118,67],[783,809],[516,-154],[149,32]],[[45693,10128],[-216,-27],[-66,56],[-99,-69],[-27,-129]],[[45140,9045],[0,0]],[[44518,8430],[0,0]],[[53671,22504],[-52,-77],[-768,11],[30,47],[-60,138],[62,129],[-137,207],[-63,243],[173,-261],[98,-9],[-48,307],[267,506]],[[53153,23806],[126,61],[-2,-56],[135,-43],[-74,-151],[238,42],[162,-76],[65,-208],[75,-30],[76,-176],[567,-338]],[[59462,3455],[105,-261],[4,-244]],[[59486,2693],[-135,-125],[206,-167],[62,-115],[-65,0],[38,-65],[194,-22],[-236,-159],[-215,-75]],[[58572,2905],[-138,59],[-58,225],[-84,28],[-197,229]],[[58206,3499],[180,-33],[225,68],[319,220],[39,290],[208,72],[2,-419]],[[59530,3198],[0,0]],[[59436,3310],[0,0]],[[59137,2218],[0,0]],[[59120,4023],[0,0]],[[59054,4025],[0,0]],[[58997,3701],[0,0]],[[58489,3407],[0,0]],[[58207,3394],[0,0]],[[36725,24175],[40,-383],[-658,189]],[[36200,24515],[-130,22],[-148,-60]],[[35922,24477],[-1,167],[95,4],[3,322],[-71,7],[16,-71],[-83,0],[-139,102],[-39,119],[93,242]],[[35796,25369],[82,22],[283,-141],[178,54],[141,-17],[371,-211],[183,46],[-38,-109],[64,-88],[-49,-157],[78,-143],[-23,-158],[-159,-252]],[[36355,24811],[0,0]],[[45087,26845],[196,-306],[-1606,58]],[[43677,26597],[-860,-32],[-300,261],[-250,94]],[[42267,26920],[-96,156],[-275,35]],[[42164,28227],[68,107],[-232,244],[-5,69],[37,553],[164,222],[6,78],[63,-12],[73,-131]],[[42338,29357],[12,48],[52,-33],[255,63]],[[42657,29435],[387,-46],[28,-45],[-93,-156],[40,-47],[90,52]],[[43109,29193],[45,-97],[176,49]],[[43330,29145],[64,89],[119,20],[49,265],[251,120],[836,-474],[762,-301]],[[41999,28680],[0,0]],[[43913,28437],[0,0]],[[43639,27862],[0,0]],[[44384,27357],[0,0]],[[43505,26880],[0,0]],[[44274,26836],[0,0]],[[44023,26795],[0,0]],[[44322,26774],[0,0]],[[43945,26720],[0,0]],[[44985,26669],[0,0]],[[44056,26654],[0,0]],[[44978,20436],[85,-352],[441,-151],[193,-209],[-204,-289]],[[45183,19258],[-140,166],[-116,6],[-64,170],[-564,26],[-1,137],[-164,37],[27,42],[-64,84],[-216,119]],[[43720,20319],[-173,11],[-12,-57],[-203,-34],[-45,151],[-96,74]],[[44075,21076],[383,-159],[213,-216]],[[44065,20683],[0,0]],[[47554,1033],[-176,-46],[-5,-60],[-45,17],[31,51],[-119,-10],[-199,-176],[-198,-10],[1,-78],[-230,-158],[-229,44],[-86,-57],[-73,34],[-51,-69],[-63,68],[-64,0],[15,-42],[-49,-18],[-153,0],[66,113],[78,23],[-156,106],[-37,84]],[[45675,1430],[58,110],[-39,17],[28,100],[-58,36],[7,67]],[[44995,4343],[7,160],[283,574]],[[45141,5514],[-238,180],[169,58],[294,210],[403,165],[323,302],[329,175],[258,527],[166,60],[68,-94],[185,-27],[62,-75],[329,196],[134,-1],[31,-279],[80,-151],[-34,-149],[-142,-62],[-157,-227]],[[46954,5727],[-133,-186],[90,-192]],[[47407,4711],[69,-54],[-28,-328],[-166,-21],[-252,43]],[[46969,3759],[-242,-77],[44,-47],[-68,-154],[-61,-64],[-91,-3],[-76,-142]],[[46991,3044],[100,-27],[24,82],[121,82],[139,-24],[57,-60],[42,-71],[-20,-149]],[[47568,2766],[-2,-109],[-14,-86]],[[47307,1778],[-94,-107],[33,-96],[166,-63]],[[47473,1008],[0,0]],[[35704,9869],[-178,44],[-152,-131],[16,-39],[-80,-82],[39,-118],[-45,-24]],[[35272,8898],[-111,-139],[-133,-26],[-46,51],[-131,-7],[-201,-185],[-141,70]],[[34509,8662],[-263,-15],[-69,213],[-147,189],[-41,181],[130,9]],[[34119,9239],[-141,200],[-265,184]],[[33713,9623],[-147,174],[-317,-33]],[[33249,9764],[-354,292],[0,256],[259,-67]],[[33454,10383],[110,-17],[107,74],[17,111],[60,39]],[[33798,10768],[117,-38],[-120,192],[-724,528],[-175,-99],[-290,119],[-6,83]],[[32799,11658],[-497,635],[359,23],[43,-144],[364,-305],[59,-154],[257,-111],[88,33],[158,-38],[12,31],[119,-104],[208,-265],[19,-198],[111,-84],[60,-155],[96,-59],[258,-346],[-14,-76],[84,-139],[139,-43],[81,112],[293,-18],[43,57],[132,-5],[-93,188],[64,71],[11,-68],[81,-55],[-21,60],[58,54],[358,-87],[214,-236],[102,36],[-20,-49],[133,-80],[-285,-50]],[[34360,9250],[0,0]],[[44192,8694],[-65,-12]],[[44127,8682],[-160,-231]],[[43602,7874],[135,-58],[133,-86],[-19,-106],[141,-57],[-76,-185],[-160,-53]],[[43756,7329],[-11,-85],[-125,17],[-113,-90],[-32,-406],[-367,-36],[-30,-88]],[[43078,6641],[-310,19],[-156,232]],[[42120,8139],[38,276]],[[43161,8798],[390,79],[521,-66],[120,-117]],[[43747,7579],[0,0]],[[43710,7572],[0,0]],[[49976,24126],[85,-66],[330,1],[122,-85],[-153,-138],[29,-145],[-50,-170],[-154,-10],[-62,192]],[[50176,24050],[0,0]],[[50215,23966],[0,0]],[[47144,11402],[-126,-23],[-163,-186]],[[46855,11193],[-119,61],[8,109],[-201,44],[-27,157]],[[46516,11564],[184,2]],[[46700,11566],[6,130],[265,108],[356,-50],[-84,-128],[78,-149],[-62,-23],[-24,-94],[-91,42]],[[26969,19916],[45,-42],[-29,-34],[366,51],[85,-202],[175,-31],[-49,-53],[52,-105],[-297,59]],[[26968,19633],[-16,206],[-83,-65]],[[26640,19695],[-206,195]],[[26405,19737],[-135,-105],[306,-35],[168,-135],[-1092,-95],[-90,362],[288,524],[165,548],[521,155],[111,-30],[36,29],[133,-81],[27,31],[-9,-56],[114,-82],[-85,-72]],[[58238,14250],[1,-152]],[[58239,14098],[57,-71],[161,-35],[-34,-101]],[[58423,13891],[-70,-23],[21,-29],[-117,-114],[50,-19],[-31,-98],[-49,-41]],[[58227,13567],[-97,8],[56,-70],[101,53],[34,-245],[-297,-236]],[[57707,12852],[-195,62],[-45,-506],[149,3],[192,-136],[-267,-67],[70,-123],[-131,-103],[-1772,2]],[[56423,13539],[-34,34],[-312,-14]],[[55987,13615],[-210,-8],[-52,102],[-126,0],[13,135],[169,14],[201,-111]],[[55982,13747],[118,54],[131,-68]],[[56231,13733],[192,-8],[86,32]],[[56509,13757],[113,258],[77,-64],[124,111],[313,-32],[222,31],[20,43],[65,-80],[-30,-86],[78,-56],[37,61],[123,3],[2,-132],[316,-21],[-59,90]],[[57910,13883],[-20,201],[191,174],[157,-8]],[[58222,13956],[0,0]],[[58098,13284],[0,0]],[[58218,13251],[0,0]],[[50793,15485],[-337,-217],[-9,75],[-431,58],[-251,360]],[[49765,15761],[-153,35],[-21,-61],[-145,-10],[-65,45],[-152,-1],[-2,100],[-86,85]],[[49141,15954],[-370,125],[118,230]],[[48900,16892],[-82,606]],[[48839,17729],[104,152],[392,-233]],[[49660,15847],[0,0]],[[41149,6479],[-86,-60],[-80,-146],[66,-143],[-86,-277],[-80,12],[-35,68],[-310,168],[2,43],[-137,88],[-170,8],[-80,-89],[-96,96],[-10,96]],[[40121,6373],[-67,205],[109,14]],[[40814,6661],[283,196],[374,-399]],[[40591,6581],[0,0]],[[40549,6529],[0,0]],[[40131,6446],[0,0]],[[40253,6326],[0,0]],[[40253,6324],[0,0]],[[40328,6294],[0,0]],[[40907,5929],[0,0]],[[41358,8365],[344,-48]],[[41844,8090],[276,49]],[[42120,8139],[53,-126],[131,-70],[52,-183],[119,-64],[62,-112],[-14,-80],[-92,-4],[-33,-114],[-202,-24],[-108,-132],[162,-85],[15,-75],[347,-178]],[[42612,6892],[189,-304],[-310,-318],[49,-291],[-224,-93],[-130,22],[-219,265],[-571,316],[-282,317],[-48,234],[-164,155],[-185,56],[-100,110],[76,100]],[[40653,7620],[-124,126],[59,81],[-34,347],[92,185],[184,13]],[[41139,7910],[0,0]],[[45177,18061],[61,-170],[122,-65],[96,-181],[294,-192],[-73,-130]],[[45238,16197],[-135,-238],[18,-129]],[[45167,14628],[55,-191],[-357,-61]],[[44791,14309],[34,-451],[-219,65],[-177,-2],[-54,42],[-119,-12],[-806,-464]],[[43450,13487],[-276,-369],[-297,-145],[-248,-237],[-403,-55]],[[42226,12681],[-226,26],[-177,-127],[-578,-116],[-60,-68]],[[41185,12396],[35,-112],[-127,-162],[-597,19],[57,201],[-111,449],[65,483],[-368,135],[-68,109],[-342,144],[-87,109]],[[39642,13771],[-208,34]],[[41327,17301],[-140,46],[41,76],[179,92]],[[41578,17718],[190,388],[215,111],[210,-208]],[[42266,17863],[759,-20],[387,-162],[27,-102],[157,-5],[163,84],[165,-1],[113,157],[75,12],[270,415]],[[44682,18454],[168,54],[20,58],[105,-172]],[[58840,4039],[130,3],[-44,-294],[-407,-261],[-313,12]],[[58206,3499],[-111,-53]],[[58095,3446],[217,-245],[-327,-22]],[[57484,3245],[3,-109],[-374,124]],[[56975,2770],[-546,-36]],[[55573,3088],[71,229],[468,-2]],[[57635,3486],[98,127],[490,140],[253,139],[105,8],[-19,45],[81,-17]],[[58643,3928],[197,111]],[[58156,3684],[0,0]],[[58409,3043],[90,-132],[73,-6]],[[58572,2905],[-100,-120],[250,-174],[93,-278],[112,-121],[66,-4],[-33,-71],[162,20],[213,-192]],[[59335,1965],[-466,-286],[-362,89],[-428,-71],[-428,-10],[-119,146],[-375,180],[23,131],[362,202],[123,234],[112,1]],[[44995,4343],[47,-45],[-62,-32],[-2,-65],[48,-66],[121,-5],[-30,-38],[67,-74],[-21,-83],[-92,-67],[9,-122],[-106,-69],[-15,-187],[133,-62],[133,-345],[23,-110],[-89,-110],[-2,-150],[89,-182],[-52,-16],[64,-25],[72,-106],[-12,-65],[0,-1],[6,0],[17,1],[37,-24],[44,-145],[-49,-22],[129,-315],[169,-53]],[[45671,1760],[46,-187],[-102,25]],[[45538,1715],[-90,-25],[-74,34],[-346,-223],[-66,63]],[[44640,1689],[-81,197],[-55,1],[-69,-20],[-11,-136],[-121,-45],[16,-70],[-93,-165],[-156,-41],[-94,229]],[[43879,1885],[-96,-7]],[[43897,3553],[31,90]],[[44105,3743],[341,401],[145,12]],[[44983,4658],[6,-74],[46,-5],[-40,-236]],[[44524,2242],[0,0]],[[45326,2326],[0,0]],[[45320,2319],[0,0]],[[35125,24626],[31,-209],[191,-2],[27,-171]],[[35374,24244],[74,-34],[2,-280]],[[35527,23619],[-95,-150],[48,-162]],[[35815,23235],[-58,-184],[-98,-10]],[[35650,22771],[-498,238],[-97,-120]],[[34945,22974],[-238,-119],[-294,118],[22,119]],[[33864,24460],[42,43],[331,39],[296,-38],[288,231],[304,-109]],[[43353,22645],[-83,-153],[-124,-37],[-110,37],[-403,-114],[-162,-129],[13,-126],[-237,-118],[-399,11],[28,242],[76,82],[-211,344],[-237,187],[-64,106]],[[41440,22977],[41,73]],[[41481,23050],[-62,89],[25,63],[-78,65],[27,244],[56,39],[-57,67]],[[41581,24104],[-255,296],[348,365],[-147,245],[183,144]],[[41710,25154],[134,-66],[232,42],[363,-12],[348,85]],[[42787,25203],[208,-36],[81,78],[455,56],[318,-52],[296,10],[33,-1939],[-210,9],[-27,-111],[-143,-73],[-132,-170],[36,-89],[217,105],[-26,-84],[-93,-76],[-229,-73]],[[57211,19394],[504,-126]],[[57783,19122],[145,-377],[-161,-145],[89,-67],[172,82],[276,21],[-102,-266]],[[57672,18601],[-174,8],[-64,-152]],[[57214,18259],[-161,-67],[14,-38],[-196,12],[-68,249],[8,197]],[[56811,18612],[-147,279],[-40,261]],[[56624,19152],[251,377],[180,36]],[[36498,29478],[-25,13],[1,1],[14,15],[3,9],[4,-1],[3,-37]],[[36471,29490],[0,0]],[[34746,29447],[38,15],[2,21],[79,90],[-52,-112],[-67,-14]],[[34746,29447],[0,0]],[[34437,29398],[-13,-3],[12,6],[1,-3]],[[34385,29405],[-43,-17],[40,24],[3,-7]],[[34374,29375],[-10,-7],[-3,0],[13,7]],[[34237,28898],[3,1],[5,0],[3,-7],[-10,-9],[-6,6],[5,9]],[[34237,28898],[0,0]],[[34214,28935],[0,11],[1,9],[8,1],[-9,-21]],[[34206,28942],[0,0]],[[34078,29034],[31,17],[81,-90],[-112,73]],[[34097,29313],[1,-34],[-36,-37],[-8,20],[43,51]],[[34037,29102],[60,-170],[-185,-260],[-21,63],[64,27],[-50,81],[62,13],[-22,45],[56,41],[-56,23],[43,15],[-56,100],[105,22]],[[34030,29099],[0,0]],[[33906,29195],[75,-27],[-4,-34],[-70,21],[-1,40]],[[33888,28632],[-64,-138],[-44,-30],[-13,51],[87,96],[-31,37],[65,-16]],[[33788,28124],[66,-50],[1,-35],[-94,53],[27,32]],[[33606,27754],[-3,-133],[117,-48],[77,47],[17,-65],[-34,14],[-108,-60],[-91,31],[-31,90],[56,124]],[[33807,27532],[5,18],[2,-28],[-7,10]],[[33804,27552],[0,0]],[[33739,27997],[-6,-25],[-16,11],[22,14]],[[33634,28022],[112,7],[-27,-36],[-85,29]],[[33738,28474],[-24,-27],[-10,4],[34,23]],[[33697,27983],[14,-67],[-37,-18],[-20,45],[43,40]],[[33659,28159],[51,-41],[-15,-10],[-36,51]],[[33589,27892],[0,4],[33,19],[10,-2],[11,17],[0,-35],[-54,-3]],[[33590,27893],[0,0]],[[33589,27892],[0,0]],[[33649,27913],[0,0]],[[33653,27903],[0,0]],[[33664,27879],[-5,12],[6,-12],[-1,0]],[[33665,27879],[0,0]],[[33671,27874],[0,1],[7,-7],[-7,6]],[[33678,27868],[0,0]],[[33679,27867],[0,0]],[[33679,27867],[-17,-26],[-23,-25],[2,32],[38,19]],[[33596,27884],[0,0]],[[33605,27877],[0,0]],[[33613,27871],[0,0]],[[33625,27859],[0,0]],[[33633,27850],[0,0]],[[33636,27844],[0,1],[1,-4],[-1,3]],[[33637,28104],[29,-28],[-20,-1],[-9,29]],[[33603,27977],[25,3],[-13,-16],[-12,13]],[[32265,27265],[-200,84],[5,85],[26,26]],[[32096,27460],[78,-31],[-50,69],[38,94],[-90,176],[49,187],[128,190],[-130,109],[-335,111],[-116,290],[97,229],[136,85],[-14,62]],[[31887,29031],[200,97],[234,-224],[439,-70],[112,236]],[[32872,29070],[139,93]],[[33011,29163],[3,64],[53,-6]],[[33067,29221],[71,121]],[[33138,29342],[153,-8],[14,90],[257,-57],[-14,-177],[45,-93],[-100,-136],[-133,-693],[-209,-190],[-48,-114],[30,-144],[-52,-102],[60,8],[34,128],[106,-6],[85,89],[68,-4],[-69,-138],[37,-51],[-28,-110],[-65,-9],[87,-64],[-32,-148],[-55,-34],[21,-50],[-71,-79],[50,-164],[-114,-183],[54,-49],[-142,-53],[-18,135]],[[32653,27269],[0,0]],[[32183,27566],[0,0]],[[32076,27400],[0,0]],[[33484,27447],[39,-10],[-6,-17],[-33,27]],[[33403,27213],[-50,-37],[32,39],[18,-2]],[[39629,29086],[-2,-4],[-1,3],[3,1]],[[39651,29075],[-7,-2],[1,5],[6,-3]],[[39713,29055],[-7,-8],[-4,7],[11,1]],[[40381,28679],[28,-148],[-114,-103],[119,-72],[-18,-84]],[[40339,28281],[12,-170],[-273,-69],[-303,-194],[-107,66],[28,58],[-104,30],[3,80],[-229,4],[80,94],[-132,126],[-334,-114],[-89,-77],[-129,32],[104,109],[26,168],[160,125],[168,-37],[81,59],[-13,-136],[109,-24],[275,118],[57,124],[253,-67],[30,60],[-40,35],[-165,49],[-192,169],[208,-23],[107,46],[67,-50],[157,5],[41,77],[140,-65]],[[40125,28259],[0,0]],[[57806,3766],[-113,9],[-58,-289]],[[57635,3486],[-389,0],[-185,198],[-57,-70],[-228,-11],[-211,-127],[-453,-161]],[[56112,3315],[-482,-3],[-20,-181],[-91,-63],[-429,21],[-543,-143],[-253,-3]],[[54294,2943],[-6,310],[-94,149]],[[54194,3402],[23,75],[-585,47],[-255,72],[-352,190]],[[55360,4149],[179,193],[110,27],[59,90],[127,55],[158,186],[284,172],[128,-3]],[[56709,5061],[0,0]],[[55349,4145],[0,0]],[[32194,12931],[-14,-293],[73,-275],[546,-705]],[[32799,11658],[-199,-105]],[[32600,11553],[6,-168],[93,-201]],[[32424,11034],[-16,-266],[-253,-34],[-62,-63]],[[32093,10671],[110,-171],[-169,-17],[-8,-264],[-435,-19],[-82,34],[-377,-211],[-246,-271],[-205,-128]],[[30681,9624],[-131,116],[-384,839],[-1017,1492],[-573,1115]],[[29355,13892],[547,78],[959,-156],[72,-116],[-57,-264],[159,-121],[267,-35],[227,-136]],[[37396,26386],[5,-7],[-10,3],[5,4]],[[37356,26471],[13,11],[-2,-13],[-11,2]],[[37330,26504],[17,1],[1,-11],[-18,10]],[[37470,26142],[-111,-28],[-28,110],[68,8],[-11,74],[52,-9],[-31,73],[73,5],[-34,90],[-49,3],[96,66],[59,-88],[208,-19],[113,-175],[-9,-76],[-335,-80]],[[54521,22831],[1523,-906]],[[56044,21925],[-958,-1208]],[[55086,20717],[-50,-196],[-188,-42]],[[54848,20479],[-41,58],[-108,5]],[[54699,20542],[-29,-58],[-211,41]],[[53858,20499],[-282,239],[-146,8],[-258,154],[-179,187],[-33,136]],[[53029,22007],[-77,176],[-62,30],[-25,213],[744,0],[62,78]],[[53671,22504],[399,8],[266,124],[185,195]],[[52865,22427],[0,-1],[-1,1],[1,0]],[[37400,24333],[105,-94],[6,-89]],[[37997,23978],[129,-116],[180,34],[40,-86]],[[38346,23810],[98,-53]],[[38444,23757],[526,2],[186,-19],[78,-42]],[[39234,23698],[-13,-82],[-75,6],[3,-77],[-125,25],[-81,-121],[-26,-223],[-74,-146],[207,-18],[36,-95]],[[39086,22967],[318,-42],[42,-37]],[[39446,22888],[10,-251]],[[39456,22637],[129,-97],[-300,-51],[-100,72],[-199,-18],[-439,-116]],[[38547,22427],[-25,-66],[-73,23],[-85,-40],[-337,-3],[-143,76]],[[37884,22417],[-196,221]],[[37011,23924],[-177,-137],[-79,28],[-30,360]],[[36725,24175],[182,40]],[[36907,24215],[123,171]],[[39072,23747],[0,0]],[[37719,23659],[0,0]],[[37435,23572],[0,0]],[[37412,23569],[0,0]],[[37337,23451],[0,0]],[[59383,13402],[57,59],[-13,155],[-71,41],[0,83],[-85,-6],[-109,63]],[[58994,13769],[-28,40],[-100,-32]],[[58801,13664],[-95,35],[157,219],[-96,63]],[[58767,13981],[43,37],[73,19],[0,66]],[[58883,14103],[145,39],[42,-71],[-44,-40],[-6,-18],[-10,-7],[-1,-3],[23,18],[41,-36],[43,-11],[25,12],[-84,42],[35,45],[-41,76],[68,28],[175,-108],[81,22],[136,-52],[35,39],[62,-56],[53,15],[118,-249],[117,-102],[1,-381],[-62,-19],[-78,-158],[-57,55],[-144,-54],[25,71],[-55,-34],[-31,47],[-64,-49],[35,124]],[[58796,14006],[0,0]],[[58895,14022],[0,0]],[[58973,14030],[0,0]],[[58867,13969],[0,0]],[[58821,13953],[0,0]],[[59030,13935],[0,0]],[[59071,13907],[0,0]],[[58948,13854],[0,0]],[[36372,21660],[-75,-2]],[[36297,21658],[11,-81],[-87,-53],[182,-293],[74,-256],[-52,-52],[26,-426],[-78,-155]],[[36373,20342],[293,-363],[-117,-302]],[[36665,18849],[37,-52],[98,-34],[290,46],[259,97],[229,-77]],[[37769,19311],[-38,188],[-152,15],[-179,239],[-226,142],[15,144]],[[37104,20059],[15,136],[51,38],[-31,161],[141,-54],[8,-359]],[[37288,19981],[507,-96]],[[37795,19885],[1,-109],[110,-40],[80,144]],[[37986,19880],[265,77],[25,-89],[102,-20],[95,80],[186,-80],[228,-192],[4,53]],[[38891,19709],[183,15],[309,134],[544,-31],[438,143],[92,-45]],[[40457,19925],[471,-9]],[[40928,19916],[-52,-305],[74,-728],[229,-95],[382,36]],[[41795,18703],[-48,-185],[237,-279],[-236,-155],[-170,-366]],[[41578,17718],[-171,-203]],[[41407,17515],[-242,-164],[-170,77],[-132,222]],[[40581,17733],[-103,83],[-275,86]],[[38829,18547],[-243,-135],[-9,-360]],[[37210,18646],[-199,-49],[-147,43],[-252,172],[-109,-8],[-119,-37]],[[36305,18399],[-244,-316],[-154,703]],[[35685,19338],[-388,105],[-106,131]],[[35076,19768],[202,188],[287,-134],[335,3],[53,38],[18,215]],[[35884,21273],[-114,38],[58,142],[-43,174],[272,-41]],[[35958,19681],[0,0]],[[32265,27265],[512,-68],[312,-261]],[[33089,26936],[-6,-149],[79,-113]],[[32930,26489],[-64,-68],[-95,34],[-239,-78],[-125,-153],[4,-164]],[[32950,25935],[19,-45],[-77,0],[4,-57],[110,-57],[249,17],[64,42]],[[33470,25715],[-1,-82],[-185,-101],[-249,-31],[-64,-239]],[[32729,25438],[-90,-49],[-38,-182],[306,-492],[3,-309]],[[31881,24289],[-330,-219],[-112,198],[4,169],[-118,131],[-172,3],[-71,-82],[-4,46],[-85,32],[286,442],[28,195],[-51,116],[-57,7],[0,81],[-138,186],[-120,-17],[-125,93],[-215,13],[-173,179]],[[30356,26027],[143,271],[180,47],[128,181],[242,448]],[[31255,27216],[85,210],[527,5],[398,-166]],[[30883,25693],[0,0]],[[33224,24153],[56,-165],[140,21],[1,136]],[[33489,24265],[375,195]],[[33864,24460],[48,-141],[95,13],[116,-168],[174,-62],[208,-275],[359,-1],[-1,-109],[80,-47],[-140,-122],[-126,-306],[-242,-150]],[[34435,23092],[-21,-122],[-420,-115]],[[33844,22389],[-207,-21],[-242,-113],[-17,-106],[-200,-298]],[[33304,21313],[-25,-83],[-141,-200],[-141,-22],[-276,50],[-101,-136],[-125,-29],[-49,292]],[[32446,21185],[-77,143],[-106,72],[16,160],[-72,35],[0,143],[-64,91],[62,232],[47,2],[-11,59],[78,58]],[[32319,22180],[-91,451],[-201,376]],[[32027,23007],[-153,65],[-84,97],[-35,418],[-57,62]],[[31698,23649],[53,97],[-209,305],[339,238]],[[31881,24289],[275,-99],[237,6],[110,56],[88,-50],[319,204]],[[32910,24406],[17,105]],[[33236,24681],[252,109],[208,-89],[36,-121],[-345,-125]],[[32836,24162],[0,0]],[[32849,24153],[0,0]],[[32836,24127],[0,0]],[[34124,23789],[0,0]],[[42164,28227],[93,-71],[-26,-94],[-247,-209],[-11,-444],[-77,-298]],[[41896,27111],[-175,126]],[[41721,27237],[-123,-38],[-123,21]],[[41475,27220],[-150,137],[-194,89]],[[40977,27419],[-125,36],[-255,-52],[0,201],[-86,45],[-10,95],[-79,33],[-470,-230],[-92,-119],[-142,61],[-494,45],[-229,-61],[-169,187],[-65,-13],[-48,48],[-79,-10],[-99,-134],[-35,16],[-16,122],[96,80],[-77,101],[99,-58],[104,34],[117,-80],[-44,179],[-15,-36],[-53,62],[44,-8],[8,41],[77,-166],[57,2],[-10,73],[55,23],[108,-102],[108,21],[-84,178],[126,28],[228,-161],[118,34],[41,-45],[68,44],[132,-85],[291,194],[274,70],[-13,169]],[[40339,28281],[57,-9]],[[40396,28272],[23,83],[521,-251]],[[41234,28462],[84,26],[169,13],[102,37],[40,-3],[174,78],[212,-41],[196,-202],[19,-60],[-66,-83]],[[41362,28490],[0,0]],[[38819,27466],[-15,-112],[-106,-9],[5,59],[116,62]],[[39224,27406],[-5,-4],[-2,6],[7,-2]],[[39317,27384],[40,-20],[-14,-11],[-26,31]],[[39281,27368],[26,-13],[-26,1],[0,12]],[[38917,27146],[13,8],[1,-6],[-14,-2]],[[47269,13650],[-23,-151],[-97,-117],[-643,252]],[[46506,13634],[-133,-29],[-157,186],[-93,-4],[-80,54],[-472,-12]],[[45571,13829],[-203,-171],[-252,43],[-290,159],[-35,449]],[[44791,14309],[-66,151],[140,-84]],[[44865,14376],[503,111]],[[47040,15241],[64,-51],[154,-11]],[[47854,15686],[235,115],[-30,179]],[[48376,16716],[-269,201],[-220,-7]],[[47857,16984],[-179,3]],[[47426,17166],[24,158],[-54,141],[-156,-48],[-81,42],[91,110],[-111,55]],[[47087,17564],[-144,7]],[[49068,18076],[-229,-347]],[[48839,17729],[-21,-231]],[[48818,17498],[67,-336],[-47,-37],[62,-233]],[[48900,16892],[-31,-384],[-65,-66],[85,-133]],[[48889,16309],[-161,-270],[-15,-214]],[[48713,15825],[44,-57]],[[48757,15768],[-237,-429]],[[48520,15339],[0,-152],[-217,-56],[-128,58],[-113,-108],[-78,82],[-45,-19],[-32,-325],[-111,-123],[82,-16],[92,-203],[74,-46],[-30,-359],[-95,-249],[-216,-9],[-139,-74],[-31,-106],[-264,16]],[[47269,13650],[0,0]],[[36264,22304],[93,-201],[102,33],[34,71]],[[36735,22118],[12,-129]],[[36747,21989],[-72,-103],[-106,-21],[198,-173],[111,11],[57,-142],[-530,-143]],[[36405,21418],[-33,242]],[[36372,21660],[-110,24],[-37,55],[-100,-34],[-68,-119]],[[36057,21586],[-270,46],[41,-179],[-65,-145],[-252,158]],[[34206,21881],[-867,207],[99,215],[406,86]],[[33844,22389],[166,337],[-16,129]],[[33994,22855],[387,118],[302,-118],[262,119]],[[34945,22974],[110,-85]],[[35055,22889],[104,114],[657,-307]],[[36692,21946],[0,0]],[[36200,24515],[51,-271],[-144,-263]],[[36107,23981],[670,-197],[234,140]],[[37011,23924],[43,-66],[68,4],[136,-297],[-75,-364],[277,-105],[220,-20],[-65,-109],[176,-43],[1,-123],[-104,-163]],[[37688,22638],[101,-134],[-264,-54],[-244,28],[-111,69]],[[36669,23306],[-105,-87],[-33,-138]],[[36084,23022],[-84,77],[-241,-33],[56,169]],[[35815,23235],[-71,163],[-264,-91]],[[35480,23307],[-47,174],[94,138]],[[35527,23619],[-1,138],[-76,173]],[[35450,23930],[-3,281],[139,-46]],[[35586,24165],[100,199],[75,-8]],[[35761,24356],[132,119],[248,65],[59,-25]],[[46951,23284],[-111,-371]],[[46370,23126],[-523,214],[-191,-211]],[[44489,22635],[-310,-130],[-82,10]],[[43706,22515],[-7,279],[133,63],[14,-112],[88,14],[74,90],[688,197],[682,317],[-19,229],[126,5],[34,38],[-60,-10],[56,53],[179,-1],[50,77],[-31,116],[-117,132],[52,101]],[[47516,24568],[244,447],[82,-127],[-284,-516],[-242,-239],[100,-181],[-86,-75],[25,153],[-184,-258],[10,-79],[-106,-211],[-112,29]],[[46931,23525],[0,0]],[[46640,23294],[0,0]],[[47218,11019],[0,-1],[1,3],[-1,-2]],[[47231,11040],[-7,-10],[1,4],[6,6]],[[48766,13144],[99,-163],[77,-34],[97,-263],[219,62],[249,-104]],[[49507,12642],[34,-175],[79,-61],[87,-259],[182,25],[53,-49],[155,7]],[[50264,11988],[330,-49],[-31,-136],[215,-14],[-34,-360],[-450,-592]],[[48942,10538],[-378,-272],[-280,-313],[-421,-324]],[[47863,9629],[-387,95],[-37,218],[-446,162],[59,26],[-57,177]],[[46995,10307],[-334,-43],[-125,41],[-1,55],[148,92],[37,113]],[[46720,10565],[414,193],[-47,140]],[[47087,10898],[131,103],[100,149]],[[47318,11150],[-62,171],[36,33]],[[47292,11354],[-60,31],[89,92],[-77,157],[300,281],[44,91],[-58,113]],[[47530,12119],[100,51],[43,180],[371,273],[351,122]],[[48395,12745],[228,409],[143,-10]],[[48111,11786],[0,0]],[[48067,11770],[0,0]],[[39048,26104],[-10,-80],[107,-113],[155,123],[100,-85],[240,38]],[[39640,25987],[197,-228],[31,-122],[-132,-31]],[[39427,24977],[-12,-355],[-143,-111],[15,-196],[-78,-89],[-261,-18],[-186,-244]],[[38762,23964],[-240,20],[-204,-39]],[[38318,23945],[-69,-86],[-107,-2],[-145,121]],[[37997,23978],[-153,8],[-191,145],[-142,19]],[[37511,24150],[42,302]],[[38728,25624],[-416,20],[43,163]],[[38475,26019],[81,105],[492,-20]],[[38867,24885],[0,0]],[[57105,9309],[-190,-325],[-46,-364]],[[56869,8620],[-140,-179]],[[56729,8441],[-84,-282],[-457,-389]],[[56188,7770],[-34,-158],[84,-58]],[[56238,7554],[95,-228],[-27,-87],[69,-73],[-4,-105],[-76,-98],[-5,-126]],[[56290,6837],[150,-207]],[[56440,6630],[192,-660],[310,-363]],[[56942,5607],[147,-328]],[[57089,5279],[-174,-39],[-207,-179],[-189,-43],[-114,-149]],[[56405,4869],[-217,-39],[-539,-461],[-176,-78],[-113,-142]],[[55360,4149],[-189,76],[-357,-212],[-259,-65],[-143,6],[-97,66],[-278,-109],[-154,52],[-16,-36],[-842,-141]],[[53025,3786],[-926,274]],[[52099,4060],[-294,133]],[[51805,4193],[-448,75],[-480,515]],[[51597,5848],[174,388],[496,272],[-59,16]],[[52656,8797],[136,506],[200,104]],[[53440,10158],[93,347],[200,333],[146,98],[129,34],[131,-100]],[[40450,25058],[97,-108]],[[40547,24950],[339,-118],[270,-29],[14,43],[99,-20],[254,175],[81,-116],[70,-120],[-351,-377],[258,-284]],[[41581,24104],[-3,-124],[-191,-203],[38,-75],[-33,-85]],[[41392,23617],[57,-64],[-64,-69],[-5,-71],[25,-25],[1,-9],[-5,-8]],[[41401,23371],[-210,12],[-145,175],[-132,44],[-74,91],[-163,-51],[-95,50],[-205,-207],[-139,91],[-32,172],[-140,52],[-23,107],[-194,140]],[[39849,24047],[-176,235],[-454,-44],[68,81],[-15,192],[148,129],[7,337]],[[39427,24977],[132,149],[-77,291],[152,93],[12,67],[89,-19],[1,48]],[[39736,25606],[129,28],[7,26],[-6,10],[3,6],[142,-72],[-16,-146],[156,-164],[57,-141],[242,-95]],[[41505,24602],[0,0]],[[41481,24885],[0,0]],[[58994,13769],[168,28]],[[59162,13797],[197,-60],[81,-267],[-57,-68]],[[59383,13402],[83,-114]],[[59466,13288],[-40,-112],[155,24],[-110,-269],[-125,-91],[-49,-127],[-47,5],[-21,-272],[-114,-71],[-94,-310],[-187,104]],[[58139,12097],[-227,196],[-107,-24],[-189,142],[-146,-6],[-6,306],[67,222],[176,-81]],[[57707,12852],[18,173],[299,52]],[[58024,13077],[294,230],[3,6],[1,7],[-17,77],[24,69],[110,-29],[-18,-37],[23,-21],[124,213]],[[58568,13592],[77,24],[-15,46]],[[58630,13662],[75,37],[96,-35]],[[58801,13664],[65,113]],[[58866,13777],[101,32],[27,-40]],[[58321,13313],[0,0]],[[59407,12512],[52,-72],[-141,32],[89,40]],[[59399,12138],[2,-63],[-100,23],[14,13],[84,27]],[[52384,24840],[411,-411]],[[52795,24429],[477,-26],[57,-64]],[[53329,24339],[53,-392],[-229,-141]],[[53153,23806],[20,-61]],[[53173,23745],[-106,-174],[-52,23],[-373,-175],[-53,-81],[61,-82],[-95,-11],[-100,57],[-120,193],[-2,166],[-60,95],[106,176],[-60,43],[19,41],[188,-10]],[[52596,24047],[54,94],[-249,82]],[[52270,24127],[-127,146],[63,282]],[[52365,23917],[0,0]],[[44552,7816],[360,52],[306,-71],[349,7],[276,78]],[[46236,6510],[-467,-383],[-187,-71]],[[45582,6056],[-2,481],[-97,47],[21,26],[-254,254],[-71,-15],[-354,79],[-160,-95],[-135,83],[-122,10],[-51,90],[-437,67],[104,297]],[[44024,7380],[-113,39],[79,151],[-139,54],[15,105],[-154,88],[4,47],[67,63]],[[43927,7871],[80,197],[164,71],[146,-23],[29,-64],[90,-2]],[[45228,6867],[0,0]],[[40284,7858],[300,-57]],[[40584,7801],[-54,-72],[123,-109]],[[40653,7620],[40,-159]],[[40693,7461],[-73,-107],[431,-299],[51,-195],[-288,-199]],[[40814,6661],[-118,60],[-8,-103],[-162,1],[-155,-123],[-127,18],[-81,78]],[[40163,6592],[-107,-18],[-33,48],[-123,2],[-126,223],[-365,198]],[[39365,7306],[-99,174],[53,88]],[[39319,7568],[-83,117],[104,83]],[[39340,7768],[-12,152],[186,54],[446,-59],[114,-115],[210,58]],[[39995,7216],[0,0]],[[39991,7198],[0,0]],[[40277,7007],[0,0]],[[43720,20319],[-4,-98],[161,-47],[4,-129]],[[43881,20045],[265,-170],[-72,-109],[1,-154],[-412,-69]],[[43280,19861],[52,378],[155,15],[45,73],[188,-8]],[[46991,3044],[-33,-109],[-92,-8],[-15,-85],[-118,-1],[20,51],[-277,1],[-161,186],[-321,-86],[-135,40],[7,81],[264,103],[56,65],[289,-10]],[[46475,3272],[66,132],[125,27],[83,171],[320,-126],[16,-152],[83,-75],[-44,-199],[-39,-36],[-94,30]],[[33798,10768],[-101,-52],[-17,-57],[68,-69]],[[33748,10590],[-130,-196],[-164,-11]],[[33454,10383],[-44,-89],[-130,8],[-126,-57]],[[33154,10245],[-259,66],[26,129],[-56,99],[-267,-82]],[[32598,10457],[-49,95],[45,165]],[[32594,10717],[-193,70],[23,247]],[[32424,11034],[164,11],[14,81],[97,58]],[[32699,11184],[-82,260],[279,-93],[188,88],[711,-517],[120,-197],[-117,43]],[[59722,3738],[233,-197],[62,-207],[137,1]],[[60154,3335],[11,-54],[71,1],[229,-158],[43,-157]],[[60508,2967],[123,36],[155,-108],[310,-88],[52,-133]],[[61148,2674],[-488,-233],[-533,-107],[-341,-135],[-188,17],[-44,70],[64,6],[-61,109],[-208,179],[137,113]],[[59486,2693],[-72,153],[157,104]],[[59571,2950],[-2,215],[-107,290]],[[59462,3455],[-194,76],[-89,166]],[[59179,3697],[-31,314],[54,84],[60,-49],[139,48],[246,-106],[75,-250]],[[57783,19122],[-54,11],[-14,135]],[[57715,19268],[107,59],[99,-11],[85,101],[175,67],[172,-17],[162,-93],[-25,-73],[-159,16],[-103,-67],[134,6],[-22,-35],[-24,-2],[-30,-24],[-7,-19],[194,47],[35,-158],[-93,-62],[-34,-148],[-105,-84],[-8,-36],[90,-2],[-59,-101],[-271,-17],[-188,-81],[-77,74],[159,117],[-4,102],[-135,295]],[[58252,19202],[0,0]],[[58463,19116],[0,0]],[[51508,9891],[34,-319],[61,-61],[72,74]],[[51793,9267],[57,-139],[149,-55]],[[52780,9263],[-124,-466]],[[52656,8797],[40,-372],[-108,-804],[-140,-302],[-39,-140],[33,-29],[-58,-17],[40,-37],[-195,-261],[62,-43],[-51,-43],[25,-92],[-40,-51],[42,-21],[-59,-61]],[[52208,6524],[48,-33],[-485,-255],[-491,-140]],[[48255,5665],[-94,74],[19,51],[-92,9],[-43,-58],[-379,-130]],[[47398,5374],[-300,-88],[-81,93]],[[46865,5424],[-43,123],[132,180]],[[46954,5727],[331,254],[116,341]],[[47401,6322],[150,219],[149,70],[41,77],[-92,246],[-4,217],[-22,39],[-159,15],[31,71],[153,87],[-27,223],[-118,281]],[[47727,8370],[213,419],[235,227]],[[49974,10192],[151,-29],[95,109],[31,-54],[44,52]],[[50615,10265],[17,41],[262,-9],[87,-55],[-44,-149],[110,-93],[118,-27]],[[51151,9908],[0,0]],[[50717,9155],[0,0]],[[34358,20260],[307,-181],[189,6]],[[35176,19890],[-100,-122]],[[35076,19768],[90,-51],[25,-143]],[[35191,19574],[119,-138],[375,-98]],[[35685,19338],[-39,-307],[261,-245]],[[35907,18786],[155,-703],[-74,-70],[7,-82]],[[34673,17288],[-160,-141],[-208,95],[-241,2]],[[34507,19098],[0,0]],[[40977,27419],[154,27]],[[41131,27446],[124,-70],[-394,-519]],[[40861,26857],[47,-222],[-100,-163],[4,-146],[-165,60],[-221,-46]],[[40426,26340],[-373,139],[-124,-75]],[[39929,26404],[-177,19]],[[39752,26423],[-43,75],[69,142],[-176,2],[-136,61],[252,65],[4,59],[-75,53],[377,234],[60,-26],[119,92],[48,-34],[260,68],[116,73],[-13,127],[252,37],[111,-32]],[[39813,26956],[0,-1],[1,1],[-1,0]],[[40890,26901],[0,0]],[[39694,26732],[0,-1],[1,0],[-1,1]],[[39583,26722],[0,0]],[[39583,26718],[0,0]],[[39606,26710],[0,0]],[[39603,26707],[0,0]],[[39591,26697],[0,0]],[[39591,26696],[0,0]],[[39602,26691],[0,0]],[[39602,26675],[0,0]],[[39722,26643],[0,0]],[[40464,26428],[0,0]],[[34133,25360],[-25,-43],[68,-151],[-124,-188],[3,-156],[58,-59],[-62,-244]],[[34051,24519],[-163,-24],[-399,-230]],[[33489,24265],[-68,-120]],[[33421,24145],[4,-129],[-108,-51],[-62,47],[-31,141]],[[33224,24153],[163,302]],[[33387,24455],[316,107],[26,92],[-156,124],[-152,15],[-185,-112]],[[33236,24681],[-7,-125],[-125,-90],[-177,45]],[[32927,24511],[-20,204],[-312,561],[48,119],[86,43]],[[32729,25438],[242,-176]],[[32971,25262],[64,238],[273,42],[159,87],[3,86]],[[33470,25715],[-151,120]],[[33319,25835],[-207,-64],[-181,32],[-42,81],[77,3],[-16,48]],[[32950,25935],[-159,-43],[-123,72],[-65,-65],[-60,109],[-132,52]],[[32411,26060],[-16,99],[57,141],[109,95],[210,60],[86,-36],[73,70]],[[32930,26489],[123,16],[38,150],[71,19]],[[33162,26674],[-74,135],[161,45],[-54,33],[52,116],[67,54],[65,-28],[-26,59],[81,-23],[-1,61],[147,-49],[-24,-130],[35,28],[67,-52],[-59,-19],[-13,-100],[119,-55],[29,-133],[-19,-74],[-257,-26],[5,-124],[98,-30],[11,-189],[214,73],[154,-37],[-80,-51],[-65,30],[-3,-74],[-84,18],[-96,-47],[65,-72],[-88,-106],[43,32],[70,-36],[-48,-314],[108,-43],[58,131],[83,-135],[230,-182]],[[33664,26146],[0,0]],[[33693,24707],[3,-4],[1,3],[-4,1]],[[47857,16984],[30,-74]],[[47887,16910],[199,14],[290,-208]],[[48376,16716],[-364,-69],[-164,-188],[77,-31],[-1,-385],[135,-63]],[[48059,15980],[52,-158],[-257,-136]],[[47854,15686],[-451,60],[-149,-47],[-53,-197],[93,-124],[-36,-199]],[[47258,15179],[-138,8],[-113,83],[-53,204],[-84,79],[-279,-13],[-247,92]],[[47428,17000],[136,-34],[293,18]],[[52384,24840],[-178,-285]],[[52206,24555],[-63,-280],[29,-70],[75,-5],[-5,-54],[102,-96],[-25,-75],[57,-23],[-1,-30],[-25,-44],[-74,-96],[57,-123],[-259,49],[-51,96],[-65,13],[-102,-11]],[[51673,23742],[-167,-44],[-21,341],[215,79],[45,78],[-96,171],[13,99]],[[52194,25175],[56,-164],[134,-171]],[[52364,23917],[0,0]],[[43280,19861],[-91,-31],[-164,-189],[147,-169],[259,6],[65,175],[167,-110]],[[43663,19543],[304,24],[108,45],[14,183],[130,8],[79,-40],[6,-139],[559,-24],[59,-165],[121,-11],[130,-166],[-60,9],[-173,-197]],[[44860,18869],[-1,-352],[-177,-63]],[[44682,18454],[-300,-213]],[[44382,18241],[-248,-386],[-97,-41],[-87,-143],[-191,-13],[-186,-87],[-134,8],[-34,106],[-405,164],[-734,14]],[[42266,17863],[-73,146]],[[42193,18009],[-399,427],[-49,86],[50,181]],[[41795,18703],[-60,74],[-174,47]],[[41561,18824],[-388,-35],[-221,92],[-39,76],[8,471],[-45,193],[57,551]],[[40933,20172],[423,98],[71,-85],[362,-45],[70,-59]],[[41859,20081],[177,61],[131,-36],[40,-200],[232,-76],[240,2],[91,47],[338,578],[82,7],[97,-74],[53,-167],[-60,-362]],[[39365,7306],[-40,-90],[84,-171]],[[39409,7045],[364,-197],[127,-224],[148,-20],[73,-231]],[[40121,6373],[-74,-30]],[[40047,6343],[6,-177],[-284,92],[-110,-23],[-147,-110],[-224,33],[-168,229],[-106,24],[-125,115],[-175,-43],[-99,37],[-108,-61],[-231,46],[-401,255],[-76,101],[-245,-98],[-72,68],[-50,-33],[-24,65],[-43,-12],[8,102],[103,48],[18,105],[372,-101]],[[38248,7080],[249,-21],[80,97],[170,84],[131,-12]],[[38878,7228],[72,-137],[89,7],[50,-117],[116,-25],[61,171]],[[39266,7127],[-11,302],[48,22],[62,-145]],[[41149,6479],[106,0],[113,-100],[103,79]],[[41471,6458],[112,-47],[384,-238],[269,-288],[304,94],[145,-8]],[[42685,5971],[221,131],[104,-40],[262,79],[90,-95],[264,-95],[497,49],[148,-95]],[[44271,5905],[732,-180],[-100,-36],[238,-175]],[[45141,5514],[-30,-220],[174,-217]],[[45285,5077],[-155,-374],[-114,-137],[-33,92]],[[44983,4658],[-61,-29],[50,-37],[-59,-44],[-138,10],[-23,57],[-25,-51],[-52,19],[-9,-66],[-153,-14],[-35,-107],[106,-107],[-52,9],[-15,-64],[74,-78]],[[44591,4156],[-154,-19],[-332,-394]],[[44105,3743],[-177,-100]],[[43928,3643],[-7,100],[-110,44],[-58,-148]],[[43544,3590],[-80,-74],[-480,45],[-330,-31],[107,176],[-14,180],[-339,646],[57,96],[-593,909],[-141,36],[-282,227],[-483,56],[83,276],[-66,141],[166,206]],[[42936,5692],[0,0]],[[45015,9860],[-1,-2],[-1,1],[2,1]],[[45693,10128],[233,-58],[-169,-81],[-15,-79],[73,-29],[-142,-147],[-218,-55],[162,-315],[-362,-43],[-228,39],[31,636],[74,38],[94,-82],[59,7]],[[45285,9959],[32,135],[94,63],[72,-57],[210,28]],[[36669,23306],[218,-333],[129,40],[-92,-239],[24,-92],[155,24],[67,-159]],[[37170,22547],[121,-49],[-135,-119],[-368,15],[-53,-276]],[[36735,22118],[-121,-3],[-121,92]],[[36493,22207],[-120,-113],[-61,34],[-48,176]],[[36264,22304],[-152,89],[-192,-28],[21,79],[-73,7],[-23,131],[-50,28],[21,86]],[[35816,22696],[-166,75]],[[35650,22771],[9,270]],[[35659,23041],[311,61],[114,-80]],[[36084,23022],[59,44],[130,-7],[92,76],[166,-54]],[[36531,23081],[54,168],[84,57]],[[36763,23098],[0,0]],[[36511,22972],[0,0]],[[36115,22835],[0,0]],[[36433,22700],[0,0]],[[36438,22698],[0,0]],[[36444,22697],[0,0]],[[36350,22696],[0,0]],[[36451,22656],[0,0]],[[36373,22248],[0,0]],[[53590,14075],[19,-85],[-226,-104]],[[53387,14623],[215,-4],[-75,-99]],[[62054,4326],[154,-107],[27,-71],[-162,-171],[-150,-17],[-100,126],[-185,9],[151,202],[97,25],[62,-100],[14,79],[92,25]],[[40452,29201],[-3,52],[-124,78],[-41,123],[149,-44],[72,64],[50,-54],[-26,-23],[60,-61],[86,-34],[-23,-60]],[[51597,5848],[-247,-232],[-151,-245],[-268,-151],[-74,-316],[20,-121]],[[50877,4783],[59,-46],[-85,-87]],[[50851,4650],[0,-174],[-43,12],[-50,-79],[-239,-135],[-32,-136],[-202,-136],[-10,-156],[-134,-137],[-123,-33],[-36,-120],[-136,-89]],[[49846,3467],[-125,-261],[5,-302]],[[49726,2904],[182,-209],[557,-205],[85,-104],[30,-216],[-217,-248],[-18,-118]],[[50345,1804],[182,-212],[-14,-197]],[[50513,1395],[72,-134],[-16,-114],[-45,-10],[48,-28],[11,-184],[47,-24]],[[50630,901],[-30,-96],[70,-77],[94,-21],[-4,-44],[-120,-64],[-32,-149],[-92,-114],[-443,-241],[-225,89],[-192,-184],[-30,82],[47,105],[-93,54],[-354,-1],[-108,-92],[-196,-24],[-91,86],[-182,-50],[-111,131],[58,233],[-57,101],[-100,-68],[-127,166],[-168,-82],[-77,129],[-116,23],[-82,83],[-87,-23],[-48,122],[-52,-45],[-225,38],[16,50],[81,15]],[[47554,1033],[-65,70],[38,66],[-64,79],[4,183],[-55,81]],[[47412,1512],[-173,79],[-26,96],[94,91]],[[47307,1778],[1,137],[63,62],[-75,70],[-5,260],[261,264]],[[47552,2571],[16,195]],[[47568,2766],[-114,111]],[[47454,2877],[16,171],[-88,104],[-88,32],[-124,-40],[-101,332],[-307,94],[-37,108],[244,81]],[[46969,3759],[27,170],[147,218],[-113,204]],[[47030,4351],[413,-27],[43,299],[-79,88]],[[47407,4711],[-237,-57],[17,276],[-295,148],[19,271]],[[46911,5349],[-46,75]],[[46865,5424],[152,-45]],[[47017,5379],[133,-107],[248,102]],[[47398,5374],[268,237]],[[47666,5611],[470,196],[119,-142]],[[48255,5665],[146,-1],[87,67],[411,-35],[120,51],[32,95],[216,70],[224,267],[13,-114],[-54,-72],[158,-123],[40,-298],[170,41],[149,129],[545,10],[768,344]],[[51280,6096],[499,142],[-182,-390]],[[47020,4351],[0,0]],[[48324,3332],[0,0]],[[48050,3050],[0,0]],[[47887,2926],[0,0]],[[48574,1706],[0,0]],[[31255,27216],[-206,-242]],[[31049,26974],[-366,-624],[-178,-46],[-149,-277]],[[30356,26027],[65,-55],[7,-110]],[[30428,25862],[177,-182],[211,-10],[155,-114],[-350,-249],[-95,-140],[-260,-48],[-97,-9],[-134,77],[-124,-59],[-75,116],[-238,169],[-124,-115],[-112,-56],[-66,14],[-167,130],[-10,81],[-76,14],[1,44],[100,172],[-6,140],[261,154],[34,98],[-228,-99],[-136,89],[219,295],[-5,85],[195,342],[98,-15],[131,57],[167,-42],[199,154],[207,-93],[173,141],[-9,227],[811,-14]],[[29356,26521],[0,0]],[[29574,26194],[0,0]],[[45411,28864],[2610,-1240],[-57,-330],[90,-61],[-145,-951],[43,1],[-33,-14],[-190,65],[-96,-39],[-76,-140],[-14,-272],[87,-84]],[[47630,25799],[64,-285],[-5,-467]],[[47689,25047],[62,-17],[-235,-462]],[[47516,24568],[-291,-190],[-92,-10],[2,-34],[-403,-109],[-300,28],[-153,-133],[17,-34],[-211,13],[-57,-38],[-105,139],[-275,-97]],[[45648,24103],[-61,-100],[-117,97],[-240,-180],[-34,-127],[-272,-108],[-118,-134],[-125,2],[-143,-185],[-361,-40],[-31,2048]],[[44146,25376],[356,-274],[83,2],[-23,67],[449,201]],[[45011,25372],[290,1171],[-214,302]],[[45087,26845],[357,104],[0,158],[-187,669],[154,1088]],[[46587,26500],[0,0]],[[58668,5092],[-338,-236],[-212,-253],[30,-92],[161,-26]],[[58309,4485],[135,-509],[84,2],[57,-75],[-913,-323],[17,209],[117,-23]],[[57806,3766],[6,218],[-227,81],[12,74],[-99,188],[219,33],[-11,123],[-85,-2],[-117,74],[19,260],[-281,220],[-10,102],[-79,9],[-64,133]],[[57089,5279],[396,136],[77,131],[144,-25],[22,143],[142,36]],[[57870,5700],[213,149],[104,-4]],[[58187,5845],[143,79],[143,-28]],[[58473,5896],[142,101],[75,-28],[25,-172],[-47,-705]],[[58139,12097],[290,-11],[223,107],[182,-24]],[[58834,12169],[186,-104],[-41,-209],[92,-134],[-49,-138],[63,-72],[-75,-20],[34,-3],[-62,-84],[48,1],[-23,-33],[-167,12],[40,-55],[-68,2],[61,-21],[-50,-12],[26,-35],[-65,14],[-56,-68],[67,-73],[-54,-50],[2,-26],[89,47],[2,-107],[25,23],[67,-26],[-63,9],[-30,-80],[-4,64],[-96,-34],[-22,43],[-200,42],[191,-80],[-14,-26],[20,-19],[-16,7],[-28,-7],[-3,11],[-13,-3],[-66,-66],[1,-5],[14,-4],[-3,-12],[3,-6],[-12,-9],[-4,3],[8,1],[-1,6],[-14,22],[-22,10],[-29,-11],[-4,-7],[0,-3],[-12,6],[-7,0],[-4,3],[-3,1],[-2,-2],[1,-6],[-30,1],[-10,-6],[-4,-5],[77,2],[28,26],[20,-10],[15,-24],[-8,-4],[4,-4],[14,10],[0,18],[-14,8],[68,67],[11,-10],[33,7],[16,-15],[-21,0],[-8,-49],[0,42],[-15,-31],[15,-13],[32,49],[-15,34],[105,17],[94,-153],[-4,23],[26,-3],[-47,-48],[37,-138],[224,-167],[-57,-40],[-129,61],[-29,-27],[90,-37],[-38,-15],[65,-56],[-2,-34],[-18,25],[-11,-10],[-4,-11],[84,-26],[-56,-70],[26,54],[-35,35],[-49,6],[31,-58],[-25,-48],[-54,-40],[-4,-22],[60,-105],[-62,6],[-45,-59],[-84,41],[-105,-19],[-312,-190],[-255,-2],[-227,-107]],[[57890,9722],[-387,-89]],[[57503,9633],[-398,-324]],[[57105,9309],[-681,33],[-13,413],[-101,121],[-1193,542],[-816,271],[-154,76],[-8,105]],[[54139,10870],[-153,113],[32,103],[131,92]],[[55052,11830],[660,154],[1768,-2],[137,111],[-76,115],[361,86],[237,-197]],[[58902,11434],[78,-16],[-53,72],[-25,-56]],[[58467,11053],[39,-8],[-67,37],[28,-29]],[[58983,10336],[-2,-1],[6,2],[-4,-1]],[[58900,10174],[-25,-2],[1,-9],[24,11]],[[59222,11508],[6,-19],[-11,1],[5,18]],[[59205,11483],[-7,-1],[4,5],[3,-4]],[[59206,11467],[29,-11],[-31,-19],[2,30]],[[59169,11464],[23,-6],[2,-6],[-25,12]],[[59293,11451],[36,-10],[21,-8],[-55,16],[-26,-5],[24,7]],[[59189,11450],[-1,-3],[-4,1],[5,2]],[[59309,11440],[60,-51],[16,0],[24,-7],[-14,-3],[4,4],[-17,4],[-9,0],[33,-32],[-97,85]],[[59269,11430],[12,-7],[-11,2],[-1,5]],[[59203,11396],[48,-34],[-67,-5],[19,39]],[[59394,11392],[-7,1],[-1,3],[8,-4]],[[59375,11366],[21,-31],[-56,53],[35,-22]],[[59374,11375],[3,-7],[-11,9],[8,-2]],[[59413,11367],[1,9],[4,-2],[-5,-7]],[[59276,11367],[14,-17],[-25,6],[11,11]],[[59341,11363],[-8,-10],[4,13],[4,-3]],[[59379,11329],[-16,13],[1,4],[15,-17]],[[59369,11333],[-4,-3],[-10,13],[14,-10]],[[59256,11313],[60,-12],[4,-11],[-64,23]],[[58983,11325],[12,-4],[-9,-5],[-3,9]],[[59441,11314],[14,-41],[-38,13],[24,28]],[[58887,11309],[-9,-3],[7,9],[2,-6]],[[59334,11293],[-11,-1],[-1,9],[12,-8]],[[59272,11296],[18,-4],[-2,-7],[-16,11]],[[59267,11283],[-12,3],[3,9],[9,-12]],[[59244,11288],[-4,-1],[0,3],[4,-2]],[[59423,11278],[15,-38],[25,11],[7,-11],[-98,-11],[51,49]],[[59251,11282],[-2,-4],[0,4],[2,0]],[[59166,11278],[-3,-6],[-4,4],[7,2]],[[59154,11275],[15,-13],[-42,14],[27,-1]],[[59178,11274],[-7,0],[-1,2],[8,-2]],[[59524,11264],[23,-10],[-23,5],[0,5]],[[59478,11270],[12,-8],[-20,1],[8,7]],[[59457,11257],[7,0],[0,-2],[-7,2]],[[59453,11256],[-7,-5],[4,7],[3,-2]],[[59491,11220],[58,-2],[-32,-23],[-26,25]],[[59251,11217],[-20,4],[6,25],[14,-29]],[[59090,11246],[40,-10],[-42,4],[2,6]],[[59480,11240],[4,0],[-2,-2],[-2,2]],[[59499,11238],[-5,0],[3,3],[2,-3]],[[59494,11234],[5,2],[1,0],[-6,-2]],[[59328,11230],[16,-33],[59,13],[-101,-66],[26,86]],[[59496,11230],[5,0],[1,-3],[-6,3]],[[59350,11223],[19,3],[-3,-6],[-16,3]],[[59472,11219],[7,-2],[-9,-5],[2,7]],[[59300,11215],[-3,2],[3,3],[0,-5]],[[59103,11217],[14,-1],[-15,-1],[1,2]],[[59491,11217],[-5,-4],[3,5],[2,-1]],[[59302,11215],[-4,-6],[3,6],[1,0]],[[59409,11202],[-8,-4],[6,17],[2,-13]],[[59469,11211],[-3,-2],[-1,5],[4,-3]],[[59174,11194],[-19,13],[3,4],[16,-17]],[[59301,11190],[-18,-12],[20,31],[-2,-19]],[[59494,11206],[-4,-3],[-1,4],[5,-1]],[[59224,11199],[24,-1],[-7,-30],[-17,31]],[[58890,11202],[17,-1],[-10,-10],[-7,11]],[[59251,11202],[2,-2],[-2,-1],[0,3]],[[59486,11198],[-6,-3],[3,5],[3,-2]],[[59072,11195],[-7,-7],[3,12],[4,-5]],[[58823,11166],[15,21],[7,-28],[-22,7]],[[59253,11194],[-3,0],[2,2],[1,-2]],[[59426,11188],[8,1],[-2,-3],[-6,2]],[[59375,11186],[6,2],[3,-4],[-9,2]],[[59439,11187],[0,-7],[-7,1],[7,6]],[[59362,11179],[10,-6],[-10,-1],[0,7]],[[58835,11110],[-22,61],[29,-36],[-7,-25]],[[59447,11165],[7,-13],[-4,-23],[-14,4],[11,32]],[[58859,11166],[-3,-2],[0,3],[3,-1]],[[59433,11163],[7,-7],[-11,5],[4,2]],[[59353,11152],[14,-1],[-12,-4],[-2,5]],[[59341,11149],[6,-3],[-6,0],[0,3]],[[59458,11148],[30,-1],[-32,-16],[2,17]],[[59145,11142],[12,-9],[-13,5],[1,4]],[[59328,11134],[8,-2],[-1,-3],[-7,5]],[[59400,11134],[63,-28],[-11,-21],[-55,15],[3,34]],[[59304,11122],[4,4],[3,-6],[-7,2]],[[59372,11117],[12,6],[0,-13],[-12,7]],[[58791,11117],[-6,0],[6,8],[0,-8]],[[58980,11102],[-15,-11],[21,30],[-6,-19]],[[59349,11119],[3,-25],[-24,-4],[21,29]],[[59322,11110],[5,-1],[-12,1],[7,0]],[[59123,11103],[-11,5],[18,3],[-7,-8]],[[59227,11105],[-12,-1],[3,7],[9,-6]],[[59240,11107],[6,-16],[-12,20],[6,-4]],[[59014,11110],[13,-20],[-14,9],[1,11]],[[59371,11098],[15,-3],[-1,-3],[-14,6]],[[59187,11090],[11,0],[-1,-2],[-10,2]],[[59234,11086],[-7,-1],[2,3],[5,-2]],[[59433,11078],[-10,-10],[7,11],[3,-1]],[[59393,11074],[24,-29],[-24,-8],[0,37]],[[58869,11051],[23,-3],[-11,-9],[-12,12]],[[58992,11045],[-12,-39],[-8,4],[20,35]],[[58965,11013],[35,-111],[-145,-18],[121,152],[-11,-23]],[[59180,11033],[-24,-21],[-12,2],[36,19]],[[59435,11008],[40,-68],[-22,-7],[-18,75]],[[59124,11019],[16,-8],[-24,3],[8,5]],[[59351,11013],[0,-13],[-5,11],[5,2]],[[59158,11003],[22,-1],[2,-25],[-24,26]],[[59042,10987],[-16,8],[4,2],[12,-10]],[[59069,10987],[2,-18],[-14,2],[12,16]],[[59166,10977],[-10,-8],[0,18],[10,-10]],[[59280,10980],[-18,-3],[17,9],[1,-6]],[[58827,10979],[-10,-6],[7,9],[3,-3]],[[59384,10981],[-2,-12],[-7,5],[9,7]],[[58995,10979],[-1,-2],[-2,1],[3,1]],[[59150,10965],[-11,-1],[5,9],[6,-8]],[[59377,10965],[-6,-2],[1,6],[5,-4]],[[59056,10968],[14,-6],[-21,4],[7,2]],[[59048,10966],[5,-18],[-12,14],[7,4]],[[59093,10934],[-1,-6],[-2,17],[3,-11]],[[59083,10933],[9,-19],[-19,5],[10,14]],[[59409,10912],[15,-4],[-27,-105],[-7,-2],[-4,38],[-72,-81],[23,51],[-50,1],[78,17],[43,98],[-16,-61],[-1,-44],[18,92]],[[59451,10898],[22,10],[-6,-10],[-16,0]],[[59085,10902],[1,-11],[-5,3],[4,8]],[[59329,10866],[26,21],[-18,-29],[-8,8]],[[59162,10873],[12,21],[8,-21],[-20,0]],[[59273,10881],[-79,-60],[-26,-38],[48,93],[57,5]],[[59424,10885],[41,-18],[-37,-11],[-4,29]],[[59469,10877],[3,6],[5,-2],[-8,-4]],[[59069,10882],[5,-10],[-30,-11],[25,21]],[[59499,10860],[-2,-117],[-68,-20],[48,36],[22,101]],[[59072,10865],[8,-9],[-15,5],[7,4]],[[59168,10865],[-2,-48],[-22,-1],[-25,31],[49,18]],[[59253,10862],[38,-7],[-30,-6],[-8,13]],[[59123,10865],[25,-4],[-6,-3],[-19,7]],[[58891,10852],[-11,5],[0,5],[11,-10]],[[59091,10860],[6,-2],[-10,-4],[4,6]],[[59032,10846],[11,-12],[23,-26],[-10,-8],[-24,46]],[[58875,10855],[-4,-5],[-1,5],[5,0]],[[59018,10853],[23,-29],[0,-10],[-23,39]],[[59298,10853],[2,-9],[-5,-3],[3,12]],[[59089,10852],[7,-15],[-11,15],[4,0]],[[58998,10828],[-45,-35],[26,-59],[-100,29],[62,-10],[-4,62],[61,13]],[[59544,10718],[15,93],[8,-12],[-2,-28],[-21,-53]],[[58990,10787],[15,-12],[-18,3],[3,9]],[[59478,10792],[-3,0],[2,1],[1,-1]],[[58964,10785],[0,-4],[-4,6],[4,-2]],[[59069,10769],[-15,-1],[8,8],[7,-7]],[[59254,10756],[-23,-15],[22,22],[1,-7]],[[59318,10745],[-17,-5],[-12,6],[29,-1]],[[59264,10747],[30,-17],[-2,-12],[-5,-4],[3,7],[-1,5],[-10,7],[-11,-6],[-4,20]],[[59302,10737],[61,-4],[-41,-40],[22,34],[-34,-18],[-8,28]],[[59067,10735],[-18,-6],[1,13],[17,-7]],[[59289,10725],[-11,-19],[-6,5],[-2,0],[-3,-8],[-20,17],[42,5]],[[59191,10715],[44,3],[-41,-48],[-3,45]],[[59063,10697],[47,-22],[-19,-14],[-28,36]],[[59311,10672],[4,16],[17,4],[9,-7],[-30,-13]],[[59282,10702],[29,-37],[40,7],[3,-19],[-18,-9],[-12,-11],[-6,-10],[-62,-33],[4,6],[-10,10],[6,7],[-22,-3],[2,69],[46,23]],[[59384,10693],[41,-11],[9,-74],[-27,18],[-30,-22],[-50,30],[78,0],[-21,59]],[[59205,10651],[22,5],[-16,-13],[-6,8]],[[59446,10650],[-5,1],[-1,15],[6,-16]],[[59507,10652],[-28,-59],[-12,-3],[40,62]],[[59137,10620],[24,11],[-10,-14],[-14,3]],[[59442,10636],[9,-39],[-1,-4],[-8,43]],[[59180,10608],[-30,-31],[31,49],[-1,-18]],[[59324,10616],[-37,-81],[57,16],[11,-55],[38,30],[-63,-146],[-16,99],[-17,-75],[-178,127],[18,54],[22,-14],[49,11],[-34,-36],[21,-16],[26,-2],[103,88]],[[59425,10604],[-2,-2],[-2,13],[4,-11]],[[59398,10600],[-3,-4],[1,11],[2,-7]],[[59226,10593],[32,2],[-55,-3],[23,1]],[[59152,10588],[-9,-2],[7,9],[2,-7]],[[59227,10583],[-4,-46],[-29,2],[33,44]],[[59467,10579],[-6,-30],[-12,-8],[-10,15],[28,23]],[[59452,10514],[-46,-39],[-20,-2],[44,34],[7,26],[15,-19]],[[59422,10515],[-10,-14],[-3,20],[13,-6]],[[59391,10463],[-10,6],[8,0],[2,-6]],[[59211,10433],[17,-15],[-29,10],[12,5]],[[59158,10381],[28,-13],[-40,-31],[12,44]],[[59276,10375],[-16,-35],[-46,-6],[19,29],[43,12]],[[59226,10362],[-59,-61],[-16,-42],[3,71],[72,32]],[[59116,10364],[29,-11],[-31,3],[2,8]],[[59318,10330],[3,31],[5,-15],[-8,-16]],[[59277,10359],[4,-8],[-9,1],[5,7]],[[59104,10349],[-3,1],[2,5],[1,-6]],[[59118,10344],[-3,-6],[-7,3],[10,3]],[[59098,10342],[13,-11],[3,-8],[-9,-1],[-7,20]],[[59287,10284],[25,42],[-29,-114],[-29,-35],[-24,85],[57,22]],[[59279,10334],[-50,-20],[-9,14],[59,6]],[[59126,10330],[5,-10],[-1,-18],[-19,4],[15,24]],[[59202,10321],[-9,-4],[10,8],[-1,-4]],[[59279,10323],[-23,-11],[-3,2],[26,9]],[[59217,10312],[8,-2],[-17,-16],[9,18]],[[59192,10306],[-6,-5],[3,7],[3,-2]],[[59267,10301],[11,0],[-2,-5],[-9,5]],[[59240,10305],[-5,-11],[-10,-3],[15,14]],[[59197,10302],[5,-6],[-6,2],[1,4]],[[59199,10284],[1,-13],[-8,-1],[7,14]],[[59243,10280],[2,-7],[-7,-1],[5,8]],[[59105,10276],[15,-27],[-37,-36],[-8,23],[30,40]],[[59164,10272],[4,-15],[-6,1],[2,14]],[[59170,10273],[0,0]],[[59172,10235],[50,0],[-39,-15],[-11,15]],[[59146,10250],[-5,-23],[-12,-1],[17,24]],[[59116,10204],[6,-4],[-7,-4],[1,8]],[[58940,10174],[52,18],[-19,-64],[-33,46]],[[59051,10194],[5,-7],[-14,4],[9,3]],[[59152,10176],[23,-1],[-16,-26],[-7,27]],[[59225,10177],[3,9],[13,-10],[-16,1]],[[59040,10164],[13,3],[3,-7],[-16,4]],[[59067,10165],[4,-9],[-9,5],[5,4]],[[58927,10165],[4,-7],[-9,3],[5,4]],[[59120,10162],[11,-5],[-13,-2],[2,7]],[[59245,10162],[4,-9],[-5,9],[1,0]],[[59025,10153],[-12,1],[6,8],[6,-9]],[[59115,10156],[-8,-1],[0,6],[8,-5]],[[58934,10151],[6,-4],[-5,-3],[-1,7]],[[59227,10128],[-10,-20],[-1,46],[11,-26]],[[59049,10149],[8,-7],[-6,1],[-2,6]],[[59187,10146],[19,-34],[-27,-44],[8,78]],[[59064,10134],[14,2],[-6,-16],[-8,14]],[[59151,10111],[18,-44],[-29,1],[11,43]],[[59071,10113],[-1,-10],[-21,9],[22,1]],[[58973,10099],[9,1],[8,-28],[-8,-6],[-9,33]],[[59016,10104],[2,-5],[-5,5],[3,0]],[[59218,10104],[-16,-17],[-10,-13],[-2,8],[28,22]],[[59040,10087],[19,5],[-1,-7],[-18,2]],[[59005,10070],[14,16],[-3,-19],[-11,3]],[[59063,10074],[13,-7],[-16,0],[3,7]],[[59195,10064],[-8,2],[-2,5],[10,-7]],[[59191,10020],[9,-30],[-14,1],[5,29]],[[59204,9989],[23,0],[-12,-2],[-11,2]],[[59150,9947],[-3,-2],[-4,7],[7,-5]],[[59147,9944],[-9,-1],[-3,8],[12,-7]],[[59180,9951],[5,-5],[-7,3],[2,2]],[[59153,9947],[15,-11],[-22,-6],[7,17]],[[34907,26561],[28,-11],[-31,4],[3,7]],[[36868,26692],[15,-4],[-6,-12],[-9,16]],[[36936,26757],[83,-34],[-41,-37],[-75,28],[33,43]],[[36763,26768],[65,-36],[12,-31],[-74,38],[-3,29]],[[36782,26923],[-9,-6],[3,9],[6,-3]],[[36592,26927],[35,7],[-8,-24],[-27,17]],[[36776,26985],[3,28],[27,-34],[-30,6]],[[36713,27066],[12,3],[0,-5],[-12,2]],[[36399,27101],[76,15],[6,-30],[-82,15]],[[36372,27156],[-25,-24],[3,36],[22,-12]],[[36006,27195],[15,-18],[-14,-6],[-1,24]],[[35898,27205],[-11,-76],[78,52],[39,-31],[-78,-62],[66,-82],[159,42],[-49,98],[55,-10],[-7,56],[95,0],[10,-104],[-111,-119],[39,-120],[-48,24],[-60,-81],[-48,42],[-133,-87],[-49,99],[79,90],[-143,66],[117,203]],[[35070,27247],[34,1],[-13,-14],[-21,13]],[[36369,25302],[-7,185],[-120,131],[39,67],[-422,82],[-81,96]],[[35778,25863],[52,151],[331,73],[-14,85],[-828,61]],[[35319,26233],[-15,89],[-132,92]],[[35172,26414],[-48,121],[-100,-47],[7,61],[-150,46],[27,46],[-93,-46],[-61,35],[0,77],[-153,77],[43,109],[118,10],[121,-59],[92,22],[104,198],[121,-2],[-7,138],[-48,38],[41,32],[70,-110],[151,18],[50,52],[88,-196],[88,9],[23,-58],[-167,26],[74,-184],[87,6],[38,-47],[-59,-36],[21,-55],[250,10],[-59,-66],[21,-37],[106,54],[51,-26],[8,39],[28,11],[-2,-68],[51,-21],[35,71],[109,36],[2,-126],[-29,-43],[-66,19],[-26,-112],[23,-54],[34,-21],[357,286],[35,178],[88,108],[-24,-135],[126,-78],[30,-91],[-56,-42],[-94,-11],[-6,-9],[125,-53],[157,45],[30,-118],[87,128],[75,-46],[-14,52],[125,-9],[-40,-46],[49,-3],[15,-85],[-88,-32],[99,-34],[6,-74],[-45,13],[23,-73],[-69,8],[24,-86],[-77,14],[26,-118],[62,36],[52,-51],[-96,-72],[192,-75],[-29,-108],[39,-31],[-75,-41],[-2,-110],[-448,-112],[-2,-46],[145,24],[61,-37],[-16,76],[91,-50],[-66,-36],[76,-65],[-148,-45],[55,-100],[-93,-108],[-139,-9],[-316,193],[-124,19]],[[35302,26516],[0,0]],[[35211,26492],[0,0]],[[35437,26482],[0,0]],[[35782,26321],[0,0]],[[36140,26175],[0,0]],[[36542,26127],[0,0]],[[36257,26088],[0,0]],[[36521,25984],[0,0]],[[36927,25889],[0,0]],[[36729,25850],[0,0]],[[36696,25693],[0,0]],[[35479,27281],[21,12],[6,-6],[-27,-6]],[[34652,27327],[-27,0],[19,21],[8,-21]],[[34524,27353],[48,-21],[-13,-62],[65,23],[-93,-103],[141,26],[2,-36],[-119,-199],[-213,-72],[14,61],[-45,24],[-61,-47],[-15,42],[159,55],[-57,21],[34,44],[-186,23],[33,53],[130,22],[-25,45],[111,-1],[90,102]],[[34665,27369],[18,-11],[-28,5],[10,6]],[[35336,27373],[1,-16],[-17,5],[16,11]],[[34919,27455],[-8,-8],[-9,5],[17,3]],[[34844,27468],[14,-3],[-21,-4],[7,7]],[[34935,27510],[-19,-30],[-38,4],[21,18],[36,8]],[[34836,27523],[-15,-18],[1,20],[14,-2]],[[37210,18646],[366,-98],[74,-41],[149,-329],[111,-3],[379,-151],[288,28]],[[38577,18052],[-2,349],[254,146]],[[38829,18547],[294,39],[126,-77],[205,-30],[-132,-128],[-81,-12],[-22,-123],[140,-42],[75,-234],[769,-38]],[[40203,17902],[288,-91],[90,-78]],[[40581,17733],[282,-83]],[[40863,17650],[144,-233],[320,-116]],[[41327,17301],[205,-259],[-3,-144],[-283,-149],[-97,-315],[-149,-153],[87,-2],[-154,-258],[-93,-378],[-96,-135],[-290,-112],[-24,-79],[-278,-144],[-77,-130],[-283,-125],[-150,-147],[-91,-237],[21,-530],[-138,-199]],[[39434,13805],[-402,-45],[-179,48]],[[38853,13808],[-374,-31],[-285,119],[-148,122]],[[38046,14018],[-278,10],[-310,-115],[-52,-96],[-247,18],[-81,-34],[-27,-88],[-116,0]],[[36261,15619],[-318,12],[-335,210],[-224,-17],[-270,143],[-96,127],[-35,222]],[[34560,17015],[-50,129],[163,144]],[[34673,17288],[235,62],[261,158],[112,8],[355,264],[175,-1],[13,102],[171,50]],[[35995,17931],[4,98],[205,189],[14,112],[87,69]],[[36305,18399],[-23,136],[102,232]],[[36384,18767],[228,45],[369,-207],[229,41]],[[36968,17575],[0,0]],[[26968,19633],[112,-31],[31,100],[141,-42],[65,-101]],[[27317,19559],[287,-66],[-12,145],[154,7],[507,-416],[277,385]],[[28530,19614],[551,150],[14,-85],[105,-90],[359,109],[474,-5],[151,-42],[225,-154]],[[30409,19497],[47,-395],[232,39],[2,239],[104,119],[157,-50]],[[30951,19449],[415,91],[143,-123],[130,82]],[[31639,19499],[275,-154],[-191,-393]],[[31642,18643],[6,-70]],[[30247,18682],[-181,183],[-37,114],[-83,11],[-230,-185],[-181,49]],[[29527,18968],[-369,-12],[-683,-80]],[[27559,14132],[-953,830],[-371,816],[-96,1084],[82,466],[-569,2039],[1094,93],[-9,152],[-97,83]],[[26640,19695],[145,63],[-5,36],[89,-20]],[[26869,19774],[90,60],[9,-201]],[[31057,18976],[0,0]],[[31625,18957],[0,0]],[[31611,19176],[0,0]],[[49976,24126],[-82,-137],[30,-129],[110,-37],[15,-123],[74,5]],[[50123,23705],[43,-166],[62,-30],[111,14],[27,64],[-6,251],[134,132],[108,12],[20,-70],[262,-289],[-92,-133],[40,-69],[-84,-172],[-114,-18],[-289,290]],[[50174,23350],[-56,-65],[-33,207]],[[50085,23492],[-101,40],[-134,182],[45,147],[-367,115]],[[49528,23976],[-18,46],[39,169]],[[49549,24191],[79,32],[-46,76],[189,1],[24,84],[-113,27],[-4,81],[168,10]],[[49846,24502],[291,223],[84,9],[92,177],[608,3],[2,-103],[-227,5],[-246,-166],[11,-612],[-401,21],[-84,67]],[[50040,24494],[0,0]],[[50702,23834],[0,0]],[[45225,15185],[0,0]],[[47087,17564],[52,60]],[[47139,17624],[118,-63],[-93,-112],[76,-32],[127,66],[46,-37],[13,-280]],[[47426,17166],[164,101],[53,-90],[177,-59],[-142,-131]],[[47678,16987],[-95,-24],[-155,37]],[[47428,17000],[-77,-30],[-16,-102],[-286,-41],[-186,-264],[-117,56],[-169,-12],[-74,-51],[14,-68],[-133,67],[-216,-68],[61,-226],[209,-179],[-5,-279],[-89,-171]],[[46344,15632],[271,-96],[199,38],[140,-100],[86,-233]],[[47040,15241],[-101,-390],[118,-398],[-147,-27],[-179,190],[29,255],[-261,120],[-197,33],[-344,-26],[0,-102],[150,-164],[-7,-102],[-151,-175],[-582,32]],[[45368,14487],[-150,-31],[-51,172]],[[45167,14628],[70,277],[81,110],[-92,167],[136,67],[8,160],[-88,111],[-57,252],[-104,58]],[[45121,15830],[-19,116],[136,251]],[[45238,16197],[21,423],[200,524],[74,109],[144,70]],[[45677,17323],[34,92],[241,77],[282,-6],[195,46],[202,114],[169,-129],[191,66],[96,-19]],[[28207,21601],[113,-23]],[[28320,21578],[60,-145],[-183,-81]],[[28197,21352],[38,-97]],[[28235,21255],[-80,-175],[-205,-11]],[[27402,20577],[9,-498],[-103,-86],[-14,-94],[-296,-68],[-29,85]],[[26969,19916],[125,47],[-49,69],[56,51],[-55,148],[-136,101],[-66,216],[19,147]],[[26863,20695],[86,69],[-115,85],[24,167],[165,182],[184,-52],[84,88],[168,38],[92,103],[120,25],[-4,41],[129,11],[123,314],[252,142],[36,-307]],[[28048,21631],[0,0]],[[27933,21406],[0,0]],[[27906,21567],[0,0]],[[27892,21518],[0,0]],[[27818,21422],[0,0]],[[27592,21225],[0,0]],[[27582,21218],[0,0]],[[27240,21073],[0,0]],[[27235,21103],[0,0]],[[27098,21060],[0,0]],[[27097,20650],[0,0]],[[26936,20388],[0,0]],[[26903,20553],[0,0]],[[26898,20482],[0,0]],[[33888,29818],[19,-1],[-19,-7],[0,8]],[[33962,29995],[5,-10],[-3,-12],[-2,22]],[[33811,30082],[42,-67],[81,9]],[[33934,30024],[-184,-297],[-75,10],[-52,252],[34,105],[61,-52],[93,40]],[[54366,19326],[304,-148],[244,-260],[383,90]],[[55297,19008],[138,-95],[527,-90],[51,-64]],[[56297,18669],[137,38],[107,-25],[57,-108]],[[56598,18574],[-36,-49],[75,-20],[115,-166],[71,-27]],[[56823,18312],[48,-146],[188,-11],[93,-143],[-10,-303],[-134,-164]],[[57058,16663],[-15,-38],[-150,13],[-79,-87],[-93,21]],[[56721,16572],[-143,-110],[-60,54],[-207,-8],[-62,-58],[-168,40],[-39,79],[-40,-43],[-41,34],[-127,-16],[-77,151],[-294,35],[-43,81],[-70,0],[5,56],[-107,15],[-14,40],[-98,-30],[-209,51]],[[54927,16943],[-254,-72],[-93,71],[-145,16]],[[53914,17497],[-276,91],[11,39],[95,4],[752,-29],[189,49]],[[55103,18033],[71,123],[24,75]],[[54986,18654],[-129,-236]],[[54586,18492],[10,391]],[[54162,19214],[-67,139],[68,80],[192,10],[11,-117]],[[37872,26618],[47,-77],[-90,-191]],[[37829,26350],[-70,79],[-202,16],[-23,81],[-77,8],[-12,-35],[-85,83],[46,68],[80,-25],[-39,57],[82,97],[162,92],[130,35],[11,-33],[194,25],[34,-40],[-188,-240]],[[37476,26573],[0,0]],[[37776,26927],[30,-2],[3,-17],[-33,19]],[[37529,26926],[-8,4],[6,1],[2,-5]],[[38305,27169],[9,-16],[-15,10],[6,6]],[[38207,27148],[27,23],[2,-4],[-29,-19]],[[37944,27229],[-8,0],[5,6],[3,-6]],[[60209,4626],[-312,150],[-6,39],[-220,13],[-39,272],[-169,85],[-90,126],[440,89],[501,27]],[[60314,5427],[-205,208],[250,58],[347,-35],[-81,-74],[103,57],[54,-172],[-52,-106],[-155,35],[-39,-35],[158,-8],[28,-83],[-256,-84],[12,-144],[-59,-87],[-90,24],[-28,63],[-53,-28],[122,-79],[-111,-13],[64,-18],[-50,-65],[49,-96],[-113,-119]],[[60786,5121],[-87,-400],[-76,68],[-230,-28],[-39,105],[121,70],[64,127],[144,74],[103,-16]],[[60562,10632],[0,0]],[[60562,10632],[-156,-122],[-140,-14],[146,111],[-46,98],[62,47],[134,-120]],[[59865,10969],[45,-59],[-69,-69],[-8,65],[-73,41],[105,22]],[[60679,10999],[0,0]],[[60634,10938],[45,37],[26,-24],[68,-21],[10,-44],[-196,-223],[-87,101],[55,50],[26,83],[97,-28],[37,33],[6,34],[-87,2]],[[60534,11627],[72,-13],[-38,-19],[-34,32]],[[60382,11712],[1,-35],[-41,-15],[-7,12],[47,38]],[[61119,11874],[-89,-497],[-226,-377],[-80,-44],[46,49],[-52,67],[-82,-13],[-17,-65],[-87,-7],[38,-82],[-53,-119],[-211,16],[-15,-69],[-80,1],[35,-56],[-46,30],[-19,-30],[-59,87],[43,-8],[19,68],[-153,176],[210,52],[150,154],[137,28],[3,79],[-40,-26],[-68,40],[11,-56],[-24,14],[14,47],[432,74],[-55,111],[-54,-8],[-1,-77],[-146,-5],[30,62],[-58,-15],[25,37],[-66,14],[170,-13],[378,355],[40,6]],[[44981,8262],[38,-67],[-102,-111],[66,-101]],[[44983,7983],[-32,-122],[-399,-45]],[[44552,7816],[-116,234]],[[44436,8050],[-265,89],[-172,-76],[-72,-192]],[[43927,7871],[-144,56]],[[43783,7927],[-71,-110],[-110,57]],[[43602,7874],[-97,-37],[-8,65],[258,128],[-48,72],[-179,84],[318,141],[-3,62],[124,62]],[[43967,8451],[86,123],[421,-169],[165,66],[55,84],[293,2],[49,-162],[-55,-133]],[[43951,8414],[0,0]],[[44006,8347],[0,0]],[[38365,8427],[48,-145],[148,-74],[-64,-37],[59,-125],[-45,-248],[72,-138],[-81,-124],[187,-67]],[[38689,7469],[-40,-96],[-298,-49]],[[38351,7324],[-64,-113],[-55,12]],[[38232,7223],[-35,-57],[51,-86]],[[38248,7080],[-170,-62],[-88,-113],[-124,100]],[[37866,7005],[-445,129]],[[37292,7204],[-99,27],[-190,146]],[[36314,8451],[-208,622],[364,5],[713,-292],[304,48],[156,-26],[207,-74],[48,-76],[368,-216],[99,-15]],[[44075,21076],[-80,-165],[-101,21],[-123,-155],[-179,-94],[-146,-17],[-46,-78],[-202,-49],[-7,-75]],[[43191,20464],[-162,4],[-136,169],[158,163]],[[43051,20800],[-66,166],[21,136]],[[43006,21102],[-118,736],[32,210],[-46,181],[51,238],[160,29],[116,-39],[105,68],[47,120]],[[43353,22645],[108,-32],[116,67],[-6,78]],[[43571,22758],[110,50],[25,-293]],[[43706,22515],[58,-105],[143,-13],[190,118]],[[44097,22515],[83,-11],[67,-177]],[[44445,21647],[-145,-168],[-74,-35],[-115,-196],[12,-188],[-48,16]],[[44300,21479],[0,0]],[[52401,24223],[247,-81],[-4,-46],[-48,-49]],[[52596,24047],[-98,-5],[28,-36]],[[52526,24006],[-187,10],[-69,111]],[[52270,24127],[131,96]],[[52435,24148],[0,0]],[[52484,24125],[0,0]],[[53921,16798],[65,26],[76,-34],[161,-139],[-73,-111],[80,-82]],[[54230,16458],[61,-223],[236,-57]],[[54527,16178],[68,-121],[-48,-19],[327,-54],[75,-93],[-143,27],[-170,-69],[-59,-99],[-347,6],[-97,38],[-79,135],[-83,38],[-296,-183]],[[53718,15716],[-87,-79],[-56,-234]],[[53834,14640],[-447,-17]],[[53387,14623],[40,-231],[-85,-8],[-70,-128],[57,-37],[-1,-150],[64,61],[89,-23],[-92,-110],[-6,-111]],[[53383,13886],[139,44],[68,-44]],[[53086,12766],[-56,-263],[-115,132]],[[52496,12964],[-440,86]],[[52984,15126],[-337,408],[-176,65]],[[52323,15833],[247,369]],[[52611,16525],[-119,53],[133,98],[25,250],[145,147],[155,-64]],[[53101,15229],[0,0]],[[55573,3088],[146,-105],[710,-249]],[[56429,2734],[691,11],[127,-97],[-56,-79],[15,-38],[370,162],[102,-94],[-29,-107],[-107,-146],[-340,-176],[-47,-143],[289,-183],[88,-11],[117,-149],[-437,-267],[-369,-41],[-526,-390],[-369,107],[-168,158],[-153,-10],[-55,134],[-393,25],[-117,48]],[[55062,1448],[-147,212],[20,86],[-89,52],[7,151],[-117,188],[15,180],[-47,87],[38,71],[-61,131]],[[54681,2606],[85,86],[78,241],[-28,55],[-139,-16],[433,113],[217,-29],[246,32]],[[44335,1712],[0,0]],[[44618,1748],[0,0]],[[43813,1857],[0,0]],[[44500,1885],[0,0]],[[44640,1689],[133,10],[117,-137],[72,2]],[[44962,1564],[71,-63],[40,63],[267,105],[9,50],[189,-4]],[[45538,1715],[10,-56],[84,-22],[-17,-39]],[[45615,1598],[118,-55],[-58,-113]],[[45675,1430],[81,-201],[114,-93],[-12,-128],[-41,1],[33,-35],[-42,-8],[55,-103],[-51,-14]],[[45812,849],[193,-208],[-78,-5],[-48,-87],[-1892,-33],[0,229],[-94,63],[-137,254],[-177,89],[-269,5],[-39,109],[36,42],[-121,175],[-146,100],[-30,112],[-154,80],[-85,342],[29,128],[120,150],[19,444],[-90,102],[-76,359],[-145,117],[-2,111],[358,34],[486,-44],[74,73]],[[43544,3590],[209,49]],[[43753,3639],[54,147],[114,-43],[-24,-190]],[[43897,3553],[-269,-71],[-107,-147],[-24,-202],[114,-208],[126,-111],[-92,-196],[62,-229],[-127,-71],[-72,-123],[275,-317]],[[43783,1878],[30,-21],[66,28]],[[43879,1885],[-16,-65],[146,-122],[-33,-59]],[[43976,1639],[90,-227],[160,39],[109,261],[93,24],[8,133],[56,8],[7,8],[1,0],[1,1],[3,1],[51,0],[85,-198]],[[40944,29361],[0,0]],[[40654,29495],[3,-14],[-6,-2],[3,16]],[[40376,29682],[6,-19],[-8,4],[2,15]],[[40366,29737],[45,-20],[-41,1],[-4,19]],[[42440,30298],[-119,-71],[-143,61]],[[42178,30288],[-22,-131],[-176,32]],[[41980,30189],[59,-49],[-47,-54],[73,-156],[-83,-15],[85,-57],[70,48],[47,-18],[45,-98],[-83,-52],[-155,5],[-190,-67]],[[41801,29676],[-78,-188],[70,-144],[-159,-148],[-280,116],[-214,-21],[-198,73],[24,50],[-46,12],[-96,-47],[-37,94],[-52,-32],[-73,82],[8,54],[-214,-3],[-38,88],[91,55],[40,-72],[124,28],[-114,34],[28,39],[-50,78],[-55,-2],[8,76],[251,18],[187,-35],[26,-48],[71,36],[79,-42],[12,66],[-153,72],[-8,45],[-137,-11],[-121,113],[62,99],[279,89],[157,133],[-22,45],[-107,1],[5,52],[81,-14],[40,57],[59,-57],[11,57],[62,-8],[157,190],[959,-458]],[[37104,20059],[85,-20]],[[37189,20039],[5,-171],[108,-24],[277,-330],[156,-13],[34,-190]],[[37769,19311],[-119,-149],[87,-187],[-159,-146]],[[37578,18829],[-255,75],[-233,-95],[-324,-46],[-101,86]],[[36665,18849],[35,128],[-126,300],[-25,400]],[[36549,19677],[118,296],[236,-29]],[[36903,19944],[66,92],[-52,123]],[[36917,20159],[174,157],[45,-157],[-32,-100]],[[37109,19295],[0,0]],[[37107,19294],[0,0]],[[37106,19292],[0,0]],[[37104,19290],[0,0]],[[40130,29719],[17,-1],[-16,-8],[-1,9]],[[40139,29707],[49,-25],[-34,-12],[-15,37]],[[40208,29665],[-13,-21],[3,27],[10,-6]],[[41234,28462],[-61,-216],[-233,-142]],[[40940,28104],[-643,317],[111,99],[-27,159]],[[40381,28679],[-86,108],[40,102]],[[40335,28889],[-287,135],[93,8],[-11,81],[-260,102],[215,26],[38,132],[-79,-11],[-11,61],[-59,15],[104,55],[105,-63],[115,-4],[154,-225]],[[40452,29201],[200,41]],[[40652,29242],[42,84],[191,-32],[63,73],[192,-76],[227,18],[259,-113],[167,148],[-60,78],[435,79],[28,-79],[-125,-122],[-59,-186],[-12,-535],[-175,38],[-196,-82],[-395,-73]],[[40537,28352],[0,0]],[[39884,29382],[-19,2],[12,15],[7,-17]],[[45997,19770],[109,-419],[183,-102],[-19,-67],[499,-517],[525,523],[62,192],[-92,0],[74,103],[136,-10],[120,74],[149,-65],[93,21],[95,96],[183,-3],[101,-133]],[[48215,19463],[204,45],[597,-5],[-35,-163],[37,-223]],[[48931,18181],[-410,12],[-452,111],[-150,-37],[-54,-77],[-452,-27],[-193,84],[-132,-240],[-121,-15],[-62,-347],[38,-74]],[[46943,17571],[-142,-55],[-178,129],[-194,-113],[-272,-57],[-151,28],[-295,-88],[39,38],[-350,245],[-40,128],[-141,92],[-42,143]],[[45177,18061],[-166,133],[-36,200]],[[44975,18394],[-125,213],[10,262]],[[44860,18869],[-93,126],[173,75]],[[44940,19070],[175,199],[68,-11]],[[45183,19258],[310,177]],[[45493,19435],[251,348],[253,-13]],[[48009,18291],[0,0]],[[45260,17870],[0,0]],[[30242,23803],[-245,-133],[-269,-30],[-220,-85],[-83,-149],[-70,111]],[[29355,23517],[15,71],[93,90],[315,113],[146,121],[18,56],[-103,37],[-33,82],[99,107],[179,48],[74,109],[52,-77],[284,105],[-99,91],[118,46],[-3,131],[-41,49],[-51,-11],[59,146],[-131,129],[275,347],[379,279],[73,-1],[234,-392],[-28,-184],[-282,-453],[81,-21],[11,-46],[64,82],[142,10],[113,-91],[69,-323],[119,-235],[85,-39],[8,-79],[-131,109],[-194,27],[-157,82],[-369,-161],[-154,-158],[-340,-47],[-102,137]],[[34206,21881],[206,-178],[344,-168],[621,-86],[134,17]],[[35511,21466],[373,-193]],[[35884,21273],[104,-142],[6,-323],[89,-118],[-73,-495],[50,-124],[-89,7]],[[35971,20078],[-53,-248],[-286,-15],[-228,56],[-126,85],[-19,-56],[-83,-10]],[[35176,19890],[-13,95],[-137,6],[-85,-48],[-87,142]],[[34854,20085],[-212,2],[-224,100],[-60,73]],[[34358,20260],[-97,-54],[47,-398],[-99,-203],[137,-91],[5,-217],[-390,-105],[22,-281],[-94,-306],[83,-490],[117,-307],[-25,-564]],[[34064,17244],[-206,41]],[[33826,17331],[-120,-18],[-246,-199],[-46,19],[-62,-107],[-172,-5],[-37,-48],[-36,48],[-101,-38]],[[32699,17028],[-14,-43],[-240,19],[-127,97],[-206,25],[-142,-57],[-82,58],[-37,111],[-90,-26],[-43,45],[-192,-81]],[[31563,17429],[-401,358],[110,98]],[[31656,18133],[-14,510]],[[31642,18643],[177,39],[-102,84],[63,122],[-57,64]],[[31723,18952],[192,382],[-74,55],[-15,130],[255,94],[222,308]],[[32303,19921],[73,6]],[[32376,19927],[-33,236],[70,72]],[[32413,20235],[78,-19]],[[32491,20216],[86,41],[92,120],[23,180]],[[32692,20557],[-110,204]],[[32582,20761],[29,104],[-44,50],[154,143],[312,-52],[105,24],[102,116],[64,167]],[[33304,21313],[-55,128],[48,8],[43,150],[-49,198],[-113,54]],[[33178,21851],[86,177],[77,57],[354,-101],[320,-33],[191,-70]],[[58071,14886],[-5,-161],[73,29]],[[58139,14754],[164,-64],[-44,-243],[-345,-335],[-86,136],[-104,-119],[-77,49],[-35,170]],[[57612,14348],[-59,4],[-50,-13],[-6,-103],[-83,-1]],[[57414,14235],[-70,-94],[-31,141]],[[57313,14282],[-67,26],[54,185],[-72,179]],[[57228,14672],[91,89],[0,66],[107,67],[-11,-239],[136,-42],[-12,124]],[[57539,14737],[68,4]],[[57607,14741],[277,197],[187,-52]],[[57690,14388],[0,0]],[[54162,19214],[-29,-119],[80,-133],[-10,-80],[393,1]],[[54596,18883],[-10,-405],[-119,-634],[-165,-18]],[[53861,17931],[-224,-336],[277,-98]],[[53914,17497],[350,-277],[171,-262]],[[54435,16958],[-210,-141],[-156,22],[-148,-41]],[[53921,16798],[-70,28],[4,42],[-122,30],[-104,-143],[-181,-105],[-91,269],[-149,41],[-80,87],[-178,-38]],[[52950,17009],[-134,71],[-176,-171],[-9,-216],[-92,-109],[-450,-77],[-293,30],[-245,376],[-168,-104]],[[51366,16860],[280,309],[154,79]],[[52417,18085],[170,732]],[[53276,19358],[315,-94],[296,81],[104,-61],[104,54],[67,-124]],[[47918,25609],[-226,139],[-149,138],[16,279],[74,130],[141,44],[145,-70],[75,23],[178,285],[219,153],[117,525],[-57,150],[319,-193],[257,-110],[32,-11],[370,-154],[34,-17],[141,-57],[3149,-1493],[-604,163],[-422,-23]],[[51419,25214],[-339,-61],[-21,-204],[-139,6],[1,-41],[-595,1],[-105,-182],[-112,-37],[-433,314]],[[49676,25010],[-142,46],[-145,242],[-49,0],[-151,-331],[-24,-4],[-37,-28],[-258,9],[-198,-98],[-114,53],[-99,97],[80,105],[-211,279],[-245,186],[-165,43]],[[48558,24899],[3,2],[-1,0],[-2,-2]],[[49336,26975],[0,0]],[[48930,25326],[0,0]],[[48806,25394],[0,0]],[[48667,26249],[0,0]],[[48665,26223],[0,0]],[[48637,25553],[0,0]],[[47997,26255],[0,0]],[[47985,26256],[0,0]],[[49132,24937],[0,0]],[[57113,3260],[384,-123],[-13,108]],[[57484,3245],[98,12],[403,-78]],[[57985,3179],[374,21],[50,-157]],[[58409,3043],[-56,-44],[-261,19],[-55,-116],[-138,1],[25,-162],[-147,-160]],[[57777,2581],[-139,25],[-74,90],[-358,-165],[41,117],[-100,81],[-176,-13],[-81,48],[85,6]],[[56975,2770],[18,94],[69,39],[-60,259],[142,-3],[-31,101]],[[57481,3029],[0,0]],[[42888,11604],[581,-81],[238,-246],[334,-215]],[[44041,11062],[232,-428],[165,-143],[-788,-812],[-122,-73],[-52,-118]],[[43476,9488],[141,-183],[-21,-341],[-66,-90]],[[43530,8874],[-369,-76]],[[43161,8798],[-150,-277],[-116,-65],[-404,-53],[-333,12]],[[42158,8415],[-26,-272],[-165,-48],[-123,-5]],[[41844,8090],[-142,227]],[[41702,8317],[-117,56],[-227,-8]],[[41358,8365],[-60,-163],[-153,36],[-4,56],[-307,-23],[-4,101]],[[40830,8372],[-176,-9],[-69,-196],[-123,257]],[[40462,8424],[-147,70],[-137,-8]],[[40178,8486],[-107,63],[-93,-46]],[[39978,8503],[-60,-104]],[[39918,8399],[-252,-14],[79,341],[302,287]],[[40047,9013],[36,392],[103,130],[-33,236]],[[40153,9771],[-295,191],[7,278]],[[39865,10240],[95,132],[52,205]],[[40012,10577],[542,373],[49,360],[84,52],[1237,79],[84,48],[76,381],[314,-329],[490,63]],[[33330,29835],[-87,139],[-148,-33],[-99,-161]],[[32996,29780],[-127,22]],[[32869,29802],[-4,114],[-105,-25],[-39,-60],[-153,-24]],[[32568,29807],[-72,35]],[[32496,29842],[-126,-45],[-138,-151],[8,174]],[[32240,29820],[-162,41]],[[32078,29861],[278,281],[-81,-14],[-24,-65]],[[32251,30063],[-59,77],[-126,-15],[-4,-50],[-150,73],[4,46],[-53,-18],[-193,119],[-89,-29]],[[31581,30266],[-190,35],[-107,-49]],[[31284,30252],[28,-21]],[[31312,30231],[-120,-3],[-104,94],[-71,170]],[[30712,30762],[-360,80],[3355,-4],[-74,-88],[-6,-182]],[[33627,30568],[131,-84],[18,-65],[-134,-179],[-29,-134],[-178,-172],[-41,-103],[-64,4]],[[32294,30008],[0,0]],[[32851,30019],[0,0]],[[32427,30086],[0,0]],[[32461,30172],[0,0]],[[32308,30173],[0,0]],[[32440,30186],[0,0]],[[32469,30245],[0,0]],[[32615,30249],[0,0]],[[33539,30378],[0,0]],[[31960,30442],[0,0]],[[33196,30471],[0,0]],[[31779,30480],[0,0]],[[32558,30506],[0,0]],[[33214,30536],[0,0]],[[31912,30653],[0,0]],[[31946,30745],[0,0]],[[32730,30800],[0,0]],[[32842,29932],[0,0]],[[33436,29934],[0,0]],[[33435,29934],[0,0]],[[37401,25670],[-36,-9],[11,28],[25,-19]],[[38475,26019],[28,-146],[-184,-23],[36,-43]],[[38355,25807],[-45,-162],[418,-21]],[[38728,25624],[50,-116],[-100,-134],[-182,-56],[105,-92],[-17,-60],[-226,-132],[79,-222],[-171,-78],[-160,45],[61,-99],[-163,-59],[-21,-50],[-126,-11],[-206,67],[29,-129],[-127,-46]],[[37553,24452],[-45,-217],[-108,98]],[[37400,24333],[-99,17],[-45,93],[-226,-57]],[[37030,24386],[60,223],[-78,143],[48,173],[-62,151],[186,160],[-37,-14],[2,47],[108,256],[184,81],[50,90],[-7,-122],[197,-71],[-17,-30],[26,0],[-8,39],[83,-65],[95,-5],[-43,102],[-99,-28],[-27,93],[-125,-2],[35,84],[82,2],[-56,73],[-140,34],[-95,169],[135,41],[-106,107],[49,25]],[[37470,26142],[61,-46]],[[37531,26096],[274,58],[78,63]],[[37883,26217],[165,-7]],[[38048,26210],[20,-43],[139,68],[277,-87],[76,26],[-85,-155]],[[37849,25901],[0,0]],[[52194,25175],[-406,-615],[-126,-94]],[[51662,24466],[59,-313],[-205,-103],[-62,261],[-53,60],[-110,8]],[[51291,24379],[-59,130],[-133,4]],[[51099,24513],[-16,68],[-90,-10],[-64,150],[152,266],[-6,154],[344,73]],[[51419,25214],[308,296]],[[51727,25510],[423,7],[44,-342]],[[57211,19394],[-102,-18],[-54,189]],[[57055,19565],[-142,1],[116,172]],[[57029,19738],[122,411],[89,42],[-109,134],[111,29]],[[57242,20354],[5,857],[1460,-859],[-90,-362],[111,-84],[55,67],[8,-87],[-57,10],[-29,-66],[34,-44],[43,32],[-129,-267],[47,208],[-52,-3],[-34,108],[-57,12],[41,-72],[-83,-198],[-68,16],[6,66],[-72,-24],[-12,-72],[156,-63],[-29,-94],[-92,42],[-39,-39],[-236,44],[-208,-166],[-332,-44],[-378,122]],[[28267,20934],[171,-79],[49,-97],[44,-229],[-79,-78]],[[28452,20451],[43,-89],[-36,-62]],[[28459,20300],[-166,-14],[97,-87]],[[28390,20199],[-381,-55],[-39,269]],[[27970,20413],[-112,-19],[-73,44],[-103,-370],[-261,35]],[[27421,20103],[-19,474]],[[27402,20577],[127,37],[-1,86],[74,-56],[95,222],[62,42],[96,-17],[95,178]],[[27950,21069],[209,-4],[108,-131]],[[30712,30762],[305,-270]],[[31017,30492],[141,-249],[84,-22],[-212,-108]],[[31030,30113],[-74,-426],[-127,-144],[47,-80],[76,-10],[-71,-93],[135,-59],[-19,-71],[-73,-42],[-382,-26]],[[30542,29162],[-93,-92],[-174,91],[-170,245],[45,61],[-54,118],[-554,298],[-22,236],[-182,248],[10,280],[447,-10],[216,159],[208,77],[493,-111]],[[39698,8229],[67,-116],[-68,7]],[[39697,8120],[43,-144],[-60,5]],[[39680,7981],[-51,145],[-68,-10],[17,-119],[-119,24],[19,30],[-70,46],[-281,-48],[-102,62],[62,133]],[[39087,8244],[-32,103],[146,-25],[218,65],[186,-101],[61,99],[117,6],[-85,-162]],[[39241,8213],[0,0]],[[39618,8211],[0,0]],[[39569,8209],[0,0]],[[39306,8209],[0,0]],[[39353,8205],[0,0]],[[39265,8204],[0,0]],[[39352,8201],[0,0]],[[39393,8167],[0,0]],[[39426,8154],[0,0]],[[56431,19038],[32,-58],[-42,-97]],[[56421,18883],[55,-82],[47,26],[59,-129],[-285,-29]],[[56297,18669],[-97,104],[-187,-14]],[[56013,18759],[-8,189],[87,87],[93,-30],[89,47],[202,189],[69,-25],[-114,-178]],[[36314,8451],[76,-5],[361,-407],[-129,-136],[77,-20],[4,-104],[249,-273],[51,-129]],[[37003,7377],[192,-148],[97,-25]],[[37292,7204],[81,31],[48,-101]],[[37421,7134],[73,-27],[-18,-106],[-106,-55]],[[37286,7037],[-204,143],[-11,-29],[-188,82],[1,-124],[-289,22],[-242,74],[-104,-22],[-203,237],[28,67],[-195,91],[-624,-36],[-304,211],[-157,-4],[-23,197]],[[34771,7946],[121,134],[-261,197],[54,49],[-205,140]],[[34480,8466],[323,291],[168,29],[57,-53],[104,14],[140,151]],[[35272,8898],[-1,133],[123,111],[13,117],[66,58],[-45,-1],[-16,120],[-51,-14],[-17,94],[-40,3]],[[35304,9519],[50,51],[-43,100],[133,142],[3,68],[164,32],[93,-43]],[[35704,9869],[169,220]],[[35873,10089],[320,31],[54,-29],[-57,-132],[77,-21],[-43,-139],[232,-188],[69,-150],[105,-47],[-162,-336],[-362,-5],[80,-288],[76,-87],[52,-247]],[[54986,18654],[194,-135],[-87,-88],[105,-200]],[[55198,18231],[-95,-198]],[[55103,18033],[-13,52],[-135,-95],[-3,-110],[-168,-1],[24,-315],[-123,87]],[[54685,17651],[-205,-50],[-829,25],[210,305]],[[53861,17931],[231,-11],[210,-94]],[[54302,17826],[157,11],[127,655]],[[54586,18492],[125,44],[146,-118]],[[54857,18418],[78,88],[8,116],[43,32]],[[37286,7037],[-16,-68],[100,-23]],[[37370,6946],[-5,-95],[-257,135],[-105,1],[-38,106],[-93,46],[5,95],[350,-145],[59,-52]],[[37007,7036],[0,0]],[[37001,7033],[0,0]],[[26434,19890],[298,-269],[14,-161],[-170,137],[-307,36],[136,104]],[[26405,19737],[-52,53],[81,100]],[[26542,19685],[0,0]],[[26534,19684],[0,0]],[[26579,19681],[0,0]],[[26544,19679],[0,0]],[[26542,19678],[0,0]],[[26550,19669],[0,0]],[[26573,19634],[0,0]],[[26572,19633],[0,0]],[[26581,19626],[0,0]],[[55987,13615],[90,-56]],[[56077,13559],[303,15],[43,-35]],[[56423,13539],[-124,-206],[-81,-33],[-83,-178],[-106,-28],[-67,39],[-251,-255],[-3,-894]],[[55708,11984],[-656,-154]],[[55052,11830],[-225,212],[-196,91],[-248,-163],[-301,-322],[-17,-248],[84,-222]],[[54149,11178],[-154,-157]],[[52117,11199],[-316,-30],[-35,15],[659,992]],[[52296,12911],[-118,115],[318,-62]],[[52496,12964],[354,-7],[47,-90],[-30,-123],[52,-10],[-4,-99]],[[52915,12635],[122,-131],[49,262]],[[53086,12766],[316,372],[125,353],[-44,242],[107,153]],[[53590,13886],[-60,73],[84,37],[-24,79]],[[53590,14075],[48,49],[151,5],[6,71],[45,8],[-91,149],[2,164],[-224,-1]],[[53527,14520],[75,100],[232,20]],[[53834,14640],[104,216],[-102,12],[-92,401],[-169,134]],[[53575,15403],[20,124],[123,189]],[[53718,15716],[-43,68]],[[53675,15784],[100,39],[-1,49],[197,95],[252,-209],[258,-15],[114,10],[41,96],[80,26],[-33,-1087],[139,-160],[305,-33],[264,-110],[121,12],[99,-801],[100,21],[39,-95],[77,-27],[160,20]],[[47503,7867],[135,-530],[-143,-61],[-11,-87],[-269,-183],[-302,91],[-63,93],[-171,-59],[-246,-516],[-197,-105]],[[46236,6510],[-1,896],[78,315],[-470,161]],[[45843,7882],[103,134],[-173,74],[-29,162],[-106,35]],[[45638,8287],[115,134]],[[45753,8421],[-89,291],[63,18],[42,96],[464,64]],[[46233,8890],[317,-83],[176,-233],[64,82],[118,-61],[-22,216],[66,38],[-78,27],[541,281],[76,76]],[[47491,9233],[90,264],[195,52],[508,404],[204,251],[454,334]],[[48942,10538],[548,297],[1,-134],[836,8],[-33,128]],[[50294,10837],[448,582],[62,404],[305,-13],[309,-142],[73,-61]],[[51476,11564],[157,-52],[4,-73],[80,-18],[-34,-195],[52,-83],[382,56]],[[52117,11199],[218,-53],[105,52],[215,-89],[111,105],[95,5],[59,-46],[96,40],[74,-76],[148,-35],[148,38],[77,-78],[336,76],[73,-82],[123,-35]],[[53995,11021],[13,-51],[-275,-132],[-163,-266],[-130,-414]],[[53440,10158],[-256,-516],[-192,-235]],[[52992,9407],[-212,-144]],[[52780,9263],[-567,-19],[-50,-110],[-164,-61]],[[51999,9073],[-157,59],[-49,135]],[[51793,9267],[24,287],[-142,31]],[[51675,9585],[-76,-72],[-78,119],[-13,259]],[[51508,9891],[-336,32],[-7,50]],[[51165,9973],[-120,28],[-112,103],[55,131],[-133,68],[-226,3],[-14,-41]],[[50615,10265],[-31,33],[-235,-74],[-54,46]],[[50295,10270],[-41,-52],[-34,54],[-89,-108],[-157,28]],[[49974,10192],[-20,-42],[-160,-39],[9,-55],[-40,14],[-37,-85],[-122,52],[-64,-32],[20,-43],[-362,-143],[-83,-68],[32,-92],[-36,-33],[-297,-176],[-163,23],[-181,-288],[-295,-169]],[[48175,9016],[-250,-248],[-198,-398]],[[47727,8370],[-105,-383],[-119,-120]],[[51272,15325],[0,0]],[[52618,15555],[-12,9],[14,-9],[-2,0]],[[52984,15126],[-177,-121],[57,-159],[-196,-398],[-102,-72],[-82,-150],[-132,-60],[-6,-133],[-378,-259],[-31,-101],[29,-343],[112,-55],[-22,-225]],[[52056,13050],[159,-38],[81,-101]],[[52296,12911],[-6,-353],[90,-88],[-60,-48],[21,-208],[84,-38]],[[52425,12176],[-686,-1034],[-56,84],[33,197],[-65,3],[5,65],[-95,67],[-85,6]],[[51476,11564],[15,43]],[[51491,11607],[-128,95],[-274,110],[-502,-22],[-9,156],[-314,42]],[[50264,11988],[-167,142]],[[50097,12130],[-406,28],[-61,229],[-92,108],[12,66],[176,134],[-101,403],[210,393],[278,80]],[[50113,13571],[-38,294],[27,445],[-47,83],[110,94],[218,385]],[[50383,14872],[100,61],[95,-85]],[[51138,16092],[98,142],[91,41],[247,3]],[[51913,16163],[288,-77],[27,-85],[121,-97],[-26,-71]],[[52323,15833],[148,-234]],[[52471,15599],[147,-44],[366,-429]],[[52611,16525],[-13,-165],[-57,-36],[29,-122]],[[52570,16202],[-165,-272],[-76,-13],[-129,170],[-287,76]],[[51913,16163],[-275,223],[-64,-108]],[[51574,16278],[-276,-9],[-160,-177]],[[51138,16092],[12,-96],[-115,-8],[-46,-66],[92,-251],[251,31],[-64,-80],[4,-199],[169,-71],[-73,-51],[64,-60],[-28,-184],[-234,3],[-261,-262],[-53,49],[-278,1]],[[50578,14848],[-42,61],[-84,10],[-12,160]],[[50440,15079],[-78,19]],[[50362,15098],[12,95],[419,292]],[[50793,15485],[-112,866],[175,134],[246,98],[79,138]],[[51181,16721],[370,192],[175,-304],[164,-101],[579,72],[142,-55]],[[30247,18682],[223,-84],[-24,-65],[59,-93],[444,105],[86,83],[121,11],[-37,35],[529,-101]],[[31648,18573],[8,-440]],[[31656,18133],[-346,-134],[-53,-50],[15,-64]],[[31272,17885],[-107,-89],[36,-84],[125,-79]],[[30903,16143],[291,-207],[16,-174],[-63,-33],[48,-131],[-77,-68]],[[30908,14952],[-8,-194]],[[30817,13822],[-854,150],[-608,-80]],[[29355,13892],[-413,-282],[-366,-424]],[[28576,13186],[-128,249],[-889,697]],[[27559,14132],[705,611],[246,130],[110,208],[-91,249],[-8,813],[-142,380],[-94,101],[0,384],[-138,143],[2,123],[-195,197],[-20,240],[-192,18],[24,89],[-63,-33],[29,57],[-70,10],[128,97],[13,114],[-249,103],[-226,271],[275,-54],[320,31],[62,99],[25,315],[43,18],[172,-12],[34,-140],[150,35],[66,147]],[[28475,18876],[220,30],[832,62]],[[29527,18968],[8,-114]],[[29535,18854],[168,-51],[259,187],[67,-11],[218,-297]],[[31326,17633],[237,-204]],[[31563,17429],[-55,-59],[59,-75],[-41,-119]],[[31526,17176],[179,82],[56,-46],[82,29],[127,-172],[109,61],[216,-26],[150,-100],[248,-19],[6,43]],[[32699,17028],[63,-28],[137,65],[107,-82]],[[33006,16983],[45,40],[56,-2],[9,-47],[64,47],[88,-19],[84,24],[160,169],[114,27],[32,68],[168,41]],[[33826,17331],[32,-46]],[[33858,17285],[165,-5],[125,-59],[157,21],[192,-55],[63,-172]],[[34560,17015],[138,-84],[23,-278],[73,-19],[-6,-111],[195,-207]],[[34983,16316],[-10,-106],[141,-243],[295,-151],[31,34],[176,-12],[288,-197],[357,-22]],[[36261,15619],[153,-74],[179,13],[154,-155],[210,-62],[-22,-1628]],[[36935,13713],[-462,4]],[[36473,13717],[-107,-121],[32,-184],[-139,-100],[-199,-41],[5,-61],[-122,45],[-27,-58],[-363,-67],[-131,-92],[-186,-42],[102,-166],[-26,-218],[-258,-449],[-140,4],[-75,-69],[-95,82],[-66,-166],[-121,-106],[216,-196],[-173,-385]],[[34600,11327],[-953,404],[-70,-7],[-32,-73],[38,-35],[-321,14],[-145,92],[-29,121],[-145,101],[8,41],[-95,33],[-52,108],[-100,46],[-50,151],[-352,-30],[-119,327],[11,311]],[[32194,12931],[-283,102],[-333,-15],[-49,124]],[[31529,13142],[-214,129],[-316,44],[-119,107],[51,319],[-114,81]],[[30817,13822],[-32,337],[170,186],[10,136],[55,52],[-120,225]],[[30900,14758],[35,265],[-86,167]],[[31253,15329],[140,54],[32,29],[-42,66],[94,58],[-72,182],[-227,-105],[-31,116],[62,31],[-7,160],[-92,106],[-207,117]],[[30903,16143],[-39,96],[81,167],[47,305],[189,182],[-37,93],[119,140],[-44,128],[93,159],[14,220]],[[31253,15329],[-95,54],[-191,-201],[-118,8]],[[30849,15190],[84,-157],[-25,-81]],[[30908,14952],[-392,135],[141,216],[292,104],[-29,93],[51,57],[147,-27]],[[31118,15530],[285,188],[74,-202],[-95,-44],[43,-65],[-172,-78]],[[57058,16663],[-107,34],[-42,101],[16,388],[-72,362],[155,-3]],[[57008,17545],[142,188],[2,279],[-100,178],[162,69]],[[57214,18259],[220,198]],[[57434,18457],[45,145],[193,-1]],[[57672,18601],[371,-213],[159,-18]],[[58202,18370],[-85,-168],[-85,-6],[-36,-53],[60,-92],[-104,-253],[-120,-183],[-113,-79],[-29,-220],[-234,-341],[-19,-280],[-99,-87],[-224,83],[-56,-28]],[[57044,16656],[19,0],[-19,-8],[0,8]],[[47347,23844],[30,37],[55,-23],[-85,-14]],[[46963,23511],[185,-41],[-22,-136],[-86,-78],[-46,-267],[-2,-147],[87,-119],[62,-24],[16,159],[276,240],[57,149]],[[47490,23247],[237,36],[131,-55],[566,-611]],[[48424,22617],[448,-802],[57,13],[28,-810],[-1014,86]],[[47943,21104],[-635,237],[-3,-216],[-180,-47]],[[47125,21078],[-101,-108],[-274,-147],[-14,53],[-141,65]],[[45688,21217],[289,181],[-90,55],[-302,-196],[-230,67],[-152,155],[365,217]],[[46906,22573],[-70,76],[4,278],[111,357]],[[46951,23284],[12,227]],[[47525,22573],[72,15],[-50,249],[-56,-160],[34,-104]],[[45688,21217],[120,-59],[226,45],[100,-99],[89,111],[-2,217],[241,37],[162,-457],[-29,-71]],[[46595,20941],[175,-115],[22,-248]],[[46792,20578],[-174,-221],[-19,-95],[-236,-140]],[[46363,20122],[-183,-298],[-238,-73],[-213,33],[-33,-59],[-192,208],[-416,131],[-110,372]],[[44978,20436],[-185,36],[-122,229]],[[44671,20701],[-220,224],[-328,134],[-31,147],[153,258],[785,69],[238,-83],[97,-132],[220,-61],[-8,-77],[111,37]],[[45422,20475],[-255,-71],[-29,-34],[67,-42],[289,88],[-72,59]],[[46370,23126],[284,-16],[-111,-223],[297,26]],[[46840,22913],[-1,-279],[67,-61]],[[46906,22573],[-261,-253],[-117,-209],[-266,-141],[-295,-61],[-56,-104],[-180,-28],[-42,-76],[-121,-5]],[[45568,21696],[-362,-218],[-193,64],[-348,-65],[-366,3],[146,167]],[[44445,21647],[-14,332],[82,291],[-183,-11],[-83,68]],[[44247,22327],[-72,178],[314,130]],[[44489,22635],[159,-5],[371,176],[514,327],[123,-4]],[[45656,23129],[187,209],[527,-212]],[[53029,22007],[12,-152],[-64,-105],[-6,-149],[64,-159],[-66,-94],[47,-78],[-56,-47]],[[52960,21223],[78,-204],[365,-261],[213,-44],[13,-57],[179,-82],[50,-76]],[[53858,20499],[19,32],[99,-27],[174,100],[109,-47],[195,35],[5,-67]],[[54459,20525],[106,5],[113,-60],[-60,-386]],[[54618,20084],[54,-74],[8,-614]],[[54680,19396],[-229,93],[-288,-56],[-75,-119],[-93,-30],[-108,61],[-269,-85],[-342,98]],[[53276,19358],[-319,-155],[-370,-386]],[[52587,18817],[-61,-122],[-419,410]],[[48934,20646],[157,344],[-135,32],[-26,1779]],[[48930,22801],[619,68],[228,200],[208,77],[26,103]],[[50011,23249],[163,101]],[[50174,23350],[112,1],[-29,62],[88,108]],[[50345,23521],[171,-134],[105,-156],[116,16],[93,183],[82,4],[26,-40]],[[50938,23394],[92,80],[156,-7]],[[51186,23467],[189,204],[298,71]],[[51673,23742],[96,-30],[87,94]],[[51856,23806],[129,-1],[89,-97],[242,-38],[40,-211],[119,-176],[207,-66],[64,-258],[124,-167],[-53,-221],[64,-86],[-15,-183],[163,-295]],[[52107,19105],[106,-61],[354,-395],[-150,-564]],[[52417,18085],[-271,-254],[-42,-94],[65,-92],[-51,-69],[-61,-2],[-196,-253],[135,3],[-3,-106],[-193,30]],[[51800,17248],[-329,-248],[-105,-140]],[[51366,16860],[17,-51]],[[51383,16809],[-202,-88]],[[51181,16721],[-372,-75],[-203,43],[-267,-22],[-131,233],[-257,188],[-75,154],[-149,49],[-71,104],[-276,63],[37,75],[-82,115]],[[49335,17648],[-392,232],[125,196]],[[49068,18076],[-137,105]],[[48931,18181],[-16,331],[-68,199],[90,73],[-102,24],[183,309]],[[49018,19117],[-37,231],[82,346],[-2,121],[-96,94],[-52,331],[-18,314],[39,92]],[[48934,20646],[304,-23],[128,-91],[256,-37],[623,489],[362,1],[489,-523],[-1,-220],[173,-839],[-12,-424],[851,126]],[[46899,22027],[455,-66],[-52,-99],[65,-47],[39,-221],[-21,-147],[-179,-27],[-21,-98],[-120,-102],[-94,22],[36,159],[-163,42],[20,83],[-209,30],[-56,181],[127,1],[179,155],[-6,134]],[[60734,18774],[93,44],[122,4],[-70,-201],[-48,48],[54,-73],[-71,-21],[66,7],[-91,-172],[-38,39],[-287,8],[-38,105],[25,-12],[24,11],[3,-10],[5,-3],[3,1],[-11,15],[-74,12],[-22,72],[95,-9],[44,38],[66,-26],[1,-15],[18,2],[9,-22],[12,-6],[-3,85],[-135,6],[-59,53],[-93,-6],[-87,47],[15,42],[72,-78],[53,31],[101,-24],[14,37],[52,-31],[40,17],[-55,45],[185,71]],[[59361,17017],[-14,2],[12,8],[2,-10]],[[59015,17159],[11,-9],[-9,-5],[-2,14]],[[58804,17177],[57,-251],[-71,-16],[14,267]],[[58798,16920],[0,0]],[[58795,17191],[15,2],[-11,-12],[-4,10]],[[59085,17302],[186,-239],[27,-407],[-124,-37],[-63,-86],[-79,81],[-23,158],[-198,43],[176,82],[71,209],[-28,90],[4,60],[14,39],[37,7]],[[59064,17290],[0,0]],[[59064,17285],[0,0]],[[59047,17176],[0,0]],[[59089,17153],[0,0]],[[59710,16082],[74,59],[62,-138],[-75,-3],[-61,82]],[[59371,15785],[-7,-166],[101,-117],[-22,-119],[-76,78],[-18,139],[-23,-46],[-301,368],[-58,168],[33,337],[407,18],[109,-124],[-20,-203],[43,-71],[-1,-31],[-61,-29],[-36,-52],[118,59],[41,-63],[-11,-13],[0,-9],[5,-9],[69,118],[22,-72],[71,15],[-126,-202]],[[59009,16401],[-42,-311],[19,-101],[119,-144],[-54,-15],[34,-73],[5,-31],[-38,55],[-48,-11],[63,-136],[-7,-48],[-81,15],[-246,275],[91,160],[-52,76],[-24,293],[261,-4]],[[58798,16206],[0,0]],[[60352,18989],[-8,-19],[-18,10],[26,9]],[[60244,18991],[-23,-54],[-9,-7],[2,45],[30,16]],[[60290,18993],[28,-21],[-40,-27],[12,48]],[[60200,19099],[40,-54],[-41,-39],[1,93]],[[60964,19229],[43,-52],[-26,-109],[-103,3],[86,158]],[[60303,19349],[-65,-228],[-33,-17],[45,189],[53,56]],[[60783,19270],[93,-30],[-46,-261],[58,-29],[27,110],[61,-16],[-4,-127],[-53,-58],[30,-37],[-215,-48]],[[60734,18774],[-10,131]],[[60724,18905],[-179,-35],[13,64],[20,4],[6,10],[10,-1],[2,10],[-6,3],[-130,-88],[20,61],[-104,51],[-8,39],[58,16],[-52,38],[53,96],[134,-33],[-136,109],[-12,-30],[-85,23],[78,40],[-62,137],[73,20],[97,-43],[-5,-152]],[[58824,16815],[185,-43],[64,-239],[225,123],[116,-211],[-666,-40],[-67,120],[-2,243],[55,25],[25,-109],[65,131]],[[58893,16472],[0,0]],[[58834,16432],[0,0]],[[59371,15785],[259,-26]],[[59630,15759],[160,199],[-20,40],[81,-6],[27,-313],[140,-283],[-84,-172],[-101,-69],[-52,-17],[-50,2],[-99,79],[-183,373],[46,54],[14,29],[1,8],[-1,6],[-1,5],[-84,-94],[-49,19],[-4,166]],[[59809,15168],[0,0]],[[59772,15148],[0,0]],[[59764,15145],[0,0]],[[59762,15143],[0,0]],[[60783,19270],[-274,-26]],[[60509,19244],[0,163],[-143,116],[11,-39],[-42,10],[34,249],[127,-151],[19,58],[192,-65],[138,-219],[6,157],[-52,28],[14,30],[96,-51],[-38,-84],[68,35],[-12,110],[58,104],[33,-273],[-31,-123],[-69,55],[-46,-24],[12,-98],[-101,38]],[[58779,16106],[45,-70],[-36,-89],[-103,93],[94,66]],[[60280,18060],[33,-10],[4,-22],[-37,32]],[[60555,18130],[17,-51],[-66,-65],[-12,69],[61,47]],[[59984,18191],[84,-27],[14,30],[29,-73],[29,29],[13,-74],[111,3],[-8,-102],[-120,98],[-42,-23],[-14,88],[-96,51]],[[59959,18220],[33,-4],[2,-16],[-35,20]],[[60100,18290],[85,-2],[-3,-31],[-82,33]],[[60395,18561],[75,-108],[302,-8],[-24,-58],[44,-33],[-98,-97],[-14,24],[-5,5],[-6,0],[0,-51],[-20,-2],[-4,2],[5,6],[-3,5],[-3,1],[-3,-4],[-11,5],[-4,-2],[22,-41],[-44,14],[-1,-9],[-5,3],[-8,-2],[1,-6],[-4,-1],[-3,3],[-2,1],[-10,-7],[78,-20],[87,107],[-101,-163],[-49,-23],[-32,45],[-77,-37],[-29,19],[13,27],[-2,5],[-1,1],[-3,-1],[-1,-1],[-1,1],[-25,-47],[44,-33],[-29,-15],[-98,72],[-132,-12],[-25,72],[69,105],[-40,5],[52,148],[33,-65],[67,4],[-11,-15],[3,-12],[-15,4],[-9,-8],[4,-8],[63,24],[-137,164],[127,17]],[[60590,18186],[0,-17],[7,-2],[-7,19]],[[41292,40854],[-424,-16],[-341,46],[-364,-148]],[[39987,40727],[-11,64],[-317,237],[-108,324]],[[39739,41951],[-59,767]],[[34596,43974],[0,-2],[-2,1],[2,1]],[[34312,42812],[-37,-165],[-234,-426]],[[32861,41942],[-395,176],[-75,123]],[[32647,42483],[285,361],[4,164],[59,39],[85,243],[153,106]],[[33238,43533],[171,170],[163,12]],[[34241,43793],[67,126],[260,62],[48,-35],[-10,-480]],[[39451,40089],[-161,43],[-6,-49],[122,-89],[-40,-120],[-98,-129],[-73,91],[-174,-112]],[[38964,39608],[57,-104]],[[38890,39576],[-119,-38]],[[38670,39663],[-422,75],[-1,64]],[[38317,39913],[21,53],[-66,55]],[[38072,40410],[-283,-111],[-66,157],[8,105],[145,131],[-52,158],[76,25],[44,-53],[40,47],[101,-30],[2,-51]],[[39137,40370],[109,99],[350,-32],[39,-207]],[[37589,38892],[107,-72],[94,-218]],[[37678,38314],[23,-385],[-417,5],[-756,-118],[-216,222]],[[35468,38404],[400,134],[547,-229],[124,94]],[[43395,38062],[-122,129],[343,42]],[[44120,39438],[-70,151],[-187,189],[91,60],[148,302],[74,70],[126,29],[195,-863],[52,-65],[-30,-854],[-161,-251],[-268,-139],[-68,-204],[-168,-121],[41,-89],[-67,-50],[-33,86],[-199,140]],[[40828,39165],[-182,-68],[-9,-41],[96,-113],[-33,-213],[-172,-119]],[[39972,39245],[-242,60],[-151,178]],[[39357,39431],[-82,-302],[-83,98]],[[39079,39407],[-115,201]],[[38964,39608],[57,116]],[[39021,39724],[173,112],[74,-91],[60,48],[79,196],[-127,128],[171,-28]],[[39451,40089],[184,141]],[[39635,40230],[-35,218],[158,-85],[99,20],[67,68]],[[40270,40619],[591,-315]],[[34700,43853],[-1,-1],[0,1],[1,0]],[[34627,43943],[0,-1],[-1,1],[1,0]],[[35580,43214],[48,-61]],[[35178,42479],[5,-183],[-63,-1],[-76,-84],[16,-201],[151,-383],[-113,-35],[-81,69],[-144,-37],[-136,112],[-154,-19]],[[33775,41668],[-90,131],[-234,11],[-148,-95]],[[32656,41387],[-128,-21],[22,177],[-55,64],[-149,34],[-93,183],[142,327],[466,-209]],[[32861,41942],[172,196],[173,-28],[425,96],[410,15]],[[34041,42221],[41,51],[230,540]],[[34312,42812],[129,105],[-7,201],[125,145],[-88,206],[135,-3]],[[34606,43466],[16,478],[71,-48],[0,-48],[22,-22],[-10,-21],[386,-69],[90,-186],[143,-60],[76,-217],[76,-60]],[[37317,39651],[117,-21]],[[37650,39256],[-61,-364]],[[37589,38892],[-179,-19],[-254,79],[-582,-443],[-35,-106]],[[36539,38403],[-127,-94],[-544,229],[-338,-129],[-429,87],[-216,-15]],[[35640,39282],[-101,45],[65,313],[274,3]],[[36278,39880],[82,173]],[[41546,36904],[42,-131],[-2,-3],[-11,-11],[-18,-3],[-39,-52],[-176,-45]],[[41131,36466],[-233,-85],[-190,16]],[[40924,36861],[9,166],[110,-7]],[[40466,35657],[254,23],[76,-40],[-24,-51],[138,-206],[188,-32],[-21,-72]],[[40974,35258],[-138,-176],[-35,17]],[[40498,34733],[1,-74],[-169,-80],[-217,48],[79,111]],[[40043,34860],[-180,164],[15,186]],[[40047,35362],[55,236],[-51,103]],[[39909,35765],[72,28],[249,-89]],[[38076,35261],[330,-272],[33,-139],[230,-50],[37,-47],[-430,-199],[43,-126],[-40,-45],[-49,17],[35,-30],[-39,-65],[-76,-7],[64,88],[-40,-17],[-6,43],[-43,-28],[-51,47],[-70,-16],[37,-46],[-48,8],[-45,-58],[184,-31],[-182,-171],[18,-41],[-85,16],[41,-29],[-47,-45],[-49,-8],[-19,46],[10,-56],[-109,-67],[-244,-55],[-23,121],[-78,28],[85,37],[-60,31],[75,78],[-65,23],[79,268],[-109,115]],[[37735,35287],[213,-147],[96,29]],[[33064,33840],[209,-52],[130,-196],[-30,-315],[102,-278],[-61,-180],[-363,30],[-171,353],[-20,485],[204,153]],[[43643,37565],[86,170],[242,-294],[6,-116],[-120,-132],[-425,-43],[-70,-83],[-234,-83],[-17,-138]],[[42260,37673],[-51,-158],[74,-77]],[[42516,37406],[343,-174],[121,-152],[-32,-149],[-340,29]],[[42317,37218],[-143,180],[-136,-122],[-25,42],[-20,234]],[[41935,37918],[9,252],[181,-42],[222,59],[158,-9],[162,-158],[9,-136],[-65,4],[11,-58]],[[32411,38547],[-112,53]],[[32277,38770],[-160,79],[2,64],[8,25],[45,-48],[115,25],[155,285],[-19,347],[-89,181],[10,147],[-88,106],[46,28],[-56,121]],[[32611,40077],[239,133]],[[27573,35831],[0,-1],[-1,1],[1,0]],[[27572,35832],[0,0]],[[28313,35910],[-68,-30],[-183,-395],[-83,-44],[-82,-223]],[[27651,35049],[-60,-139],[-99,-67],[-129,102],[227,223],[-86,351],[79,303],[-45,90],[27,104],[59,99],[448,125],[258,-40]],[[28372,32554],[316,-99]],[[28195,31786],[-78,39],[-55,184]],[[27989,31975],[-240,160],[48,34],[-20,193],[-183,81],[-20,-138]],[[27432,32282],[35,185],[111,115],[373,107],[309,-86],[-50,137],[67,137],[3,-112]],[[38627,37519],[210,118],[203,-19],[117,-208],[121,-12],[-27,-128],[-249,-342],[0,-74],[-175,-136],[34,-88],[-62,-71],[28,-43]],[[38392,36677],[-96,18],[-89,338],[-106,14],[-42,72],[-167,83]],[[37564,37198],[-118,168],[-136,44],[-128,512],[519,7],[307,-116]],[[38771,39538],[-64,-234]],[[38073,38658],[-138,-70],[-166,28],[-62,185],[-135,151],[66,121],[12,183]],[[37650,39256],[-145,109],[-129,-45],[-57,68],[111,82],[4,160]],[[37434,39630],[278,-11]],[[38078,39612],[155,43],[15,83],[125,-3],[74,-49],[223,-23]],[[38670,39663],[101,-125]],[[34806,34269],[46,101],[185,52]],[[35160,34504],[158,102],[122,-88],[-76,-115]],[[35115,34179],[-88,-220],[-55,-3],[-56,148],[-108,-31]],[[34033,33791],[-55,-78],[-201,107],[104,115],[247,114]],[[32277,38770],[22,-170]],[[32299,38600],[53,-27],[-76,-253],[66,-37]],[[33003,37585],[-176,12],[-242,-168]],[[32120,37244],[-145,-115],[-193,57],[-131,-107]],[[31474,37112],[-155,-145],[-83,56],[-69,-70],[-400,-52],[-182,87]],[[30204,36765],[-168,103],[-107,10],[177,222],[30,161],[302,243],[121,195],[200,143],[121,263],[190,-25],[223,159],[150,-23],[136,47],[466,324],[74,242],[158,-59]],[[39922,35947],[42,-79],[-55,-103]],[[39909,35765],[142,-64]],[[40051,35701],[52,-91],[-56,-248]],[[40047,35362],[-169,-152]],[[39878,35210],[-1,-246],[-156,15],[19,41]],[[39407,35278],[-176,1],[-47,185]],[[39113,35883],[-100,283],[117,132]],[[39260,36215],[88,15],[67,-41],[204,50],[21,-185]],[[40291,43327],[-65,162],[-269,183]],[[39531,44446],[1598,1372],[263,-257],[-54,-67],[141,-205],[-110,-61],[5,-53],[251,-138],[-49,-173],[-97,-44],[-10,-70],[430,56],[35,-142],[-155,2],[-91,-71],[120,-34],[-60,-79],[252,46],[211,-207],[78,62],[115,6],[134,-122],[197,-66],[-39,-436],[-90,-73],[-121,0],[102,-167],[-59,-52],[-4,-129],[99,-79],[103,-483],[116,-94],[172,-14],[44,-74]],[[42513,42558],[-254,-16]],[[41710,42888],[-252,118],[-620,1]],[[27724,30682],[171,-62]],[[28308,30396],[-10,-103],[57,-21],[170,111],[141,2],[-23,-96],[-275,-249],[-140,5],[-1,-203],[-135,-52],[-20,-58],[-144,28],[-96,-78],[2,-88],[-105,53],[-153,-130],[-115,-24]],[[27414,30552],[-33,126],[88,119]],[[29126,35745],[-131,-185],[57,-113],[106,-18],[3,-57],[65,-27],[-321,-246],[30,-124]],[[28902,34581],[57,-23],[0,-69],[-309,-29],[-38,209],[-149,8]],[[28251,34913],[-162,164],[-203,-25],[-164,-117],[-128,-19],[57,133]],[[27651,35049],[246,169]],[[27897,35218],[7,96],[158,171],[150,311],[78,-46],[69,103]],[[28530,35838],[136,83],[-12,91]],[[29280,36332],[215,135],[60,-65],[-4,-24],[-188,-102]],[[35583,31825],[-67,-90],[56,108],[11,-18]],[[35462,31905],[37,-31],[-90,-84],[53,115]],[[35602,31928],[25,-79],[-30,-34],[5,113]],[[35221,32069],[-36,-43],[-30,18],[17,24],[49,1]],[[35439,32303],[92,-33],[-84,-117],[-52,74],[51,8],[-7,68]],[[35236,32306],[-39,-19],[27,47],[12,-28]],[[35601,32439],[-36,-78],[-103,19],[41,46],[98,13]],[[35752,32557],[29,-55],[-98,-19],[-25,35],[-25,-68],[-45,35],[83,76],[81,-4]],[[35798,32588],[57,-38],[-67,34],[10,4]],[[36181,32601],[-18,-71],[68,-21],[-99,-96],[22,-39],[-78,-9],[15,-25],[-19,-60],[-142,-7],[146,124],[-37,-1],[29,65],[-83,4],[-25,38],[150,-19],[26,129],[45,-12]],[[36297,32634],[-48,-36],[5,-45],[-50,47],[93,34]],[[35409,32645],[93,-18],[-7,-65],[41,13],[-63,-98],[-93,91],[29,77]],[[36367,32674],[-51,-28],[31,38],[20,-10]],[[35898,32705],[193,-14],[-123,-35],[77,-44],[-188,-16],[67,27],[-56,-1],[30,83]],[[35725,32736],[76,-82],[60,-5],[-217,-32],[-17,53],[103,-21],[-49,72],[44,15]],[[36172,32750],[53,-90],[-82,-31],[-29,7],[73,36],[-15,78]],[[36495,32798],[-38,-75],[-123,12],[17,62],[89,-34],[55,35]],[[35889,32965],[56,-9],[-86,-26],[30,35]],[[35521,33042],[174,-57],[4,-70],[-78,18],[-37,82],[-34,-34],[-75,51],[46,10]],[[36344,33060],[65,-51],[-113,25],[48,26]],[[34651,33063],[170,-42],[77,29],[54,-47],[131,32],[-120,-106],[-19,-92],[42,-46],[268,25],[28,36],[61,-76],[57,21],[-11,45],[48,10],[27,-99],[74,-16],[-90,4],[-106,-101],[48,-107],[-26,-107],[60,-85],[-91,24],[-44,-80],[-63,122],[-158,-34],[50,-96],[-123,-23],[-24,-116],[-76,22],[-9,96],[65,-33],[26,60],[-42,22],[100,81],[-17,90],[124,43],[11,47],[104,-37],[13,103],[-55,-4],[-29,116],[-405,34],[35,54],[-51,83],[-92,1],[-76,60],[75,18],[-21,69]],[[35502,33156],[38,-58],[29,-19],[-137,35],[-9,33],[79,9]],[[35299,33205],[117,-37],[-111,-53],[-6,90]],[[39260,36215],[-50,69],[-80,14]],[[38922,36783],[329,487],[26,128],[281,-259],[230,-111],[152,-212],[-223,-314],[-98,-263],[-145,-55],[-214,31]],[[34234,33323],[-96,-47],[87,-6],[-96,-56],[16,-131]],[[34032,33060],[-56,-99],[-79,-17],[-183,98]],[[33538,32905],[-69,62],[-96,310],[26,328],[-181,205],[93,90],[372,-27],[351,-223],[92,-3]],[[38827,36516],[-80,-346]],[[38747,36092],[-31,-115],[-67,-16]],[[38613,35830],[-79,-41],[10,-133],[-219,31],[-81,-12],[1,-64],[-163,33],[-45,-68],[-86,10],[32,109],[-98,379],[-274,324],[-54,206],[15,212],[83,80],[27,123]],[[37660,37134],[-96,64]],[[37564,37198],[328,4]],[[37892,37202],[160,-78],[47,-76],[113,-21],[91,-339],[89,-11]],[[38392,36677],[159,-153],[276,-8]],[[26402,31454],[0,0]],[[26475,31982],[0,0]],[[26795,31914],[164,5],[17,-44],[-72,-54]],[[27164,31079],[-12,-67],[9,-85]],[[27288,30812],[34,-102]],[[26864,30651],[-46,-45]],[[26256,30806],[6,67],[53,5],[-69,215],[190,16],[-41,557],[126,231],[-44,82],[108,97],[-53,61],[65,264],[139,29]],[[42756,37551],[190,-281],[35,-193],[-127,159],[-338,170]],[[42516,37406],[-233,32]],[[42283,37438],[-80,90],[57,145]],[[42260,37673],[91,14],[84,137],[187,6]],[[42622,37830],[-12,57],[65,-5],[5,45],[110,-62]],[[41207,38420],[-214,-38],[-302,116],[-159,8],[12,53],[-57,4],[50,12],[3,65],[195,131],[-2,172],[-88,153],[183,69]],[[40828,39165],[-51,42],[21,83],[38,-21],[-50,53],[24,87],[-59,36],[72,36],[-30,43],[65,58],[-90,47],[121,140],[-118,202],[-21,164],[111,169]],[[40861,40304],[1023,-538],[35,-1370]],[[37660,37134],[22,-115]],[[37682,37019],[-131,-351],[57,-264],[187,-194],[159,-322],[6,-480],[116,-147]],[[38076,35261],[-32,-92]],[[38044,35169],[-74,-27],[-245,153],[-14,81],[-193,184],[-162,78]],[[37305,35834],[-209,313],[-60,412],[80,432],[-29,303],[-140,305]],[[36764,37853],[419,69],[76,-444],[54,-71],[137,-44],[210,-229]],[[28929,31677],[-598,-168],[-277,208]],[[28040,31835],[155,-49]],[[28195,31786],[163,128],[273,5],[71,133],[-14,403]],[[28688,32455],[53,-67],[133,30],[27,-30],[60,67],[239,12],[72,-93],[-70,-324],[-63,-162]],[[39531,44446],[295,-451],[123,-93],[8,-230]],[[39957,43672],[195,-107],[146,-195],[-54,-240]],[[40112,42983],[-136,8],[-174,97],[-325,-3]],[[38265,42811],[-31,-327]],[[37737,42865],[-239,130],[43,-103]],[[37046,42893],[-98,-27],[45,264],[-116,247]],[[38447,43523],[142,-27],[122,73],[11,329],[106,41]],[[38900,44479],[631,-33]],[[30757,43349],[70,96],[14,288],[-270,-46],[393,594],[173,5],[132,132],[105,-22],[-50,-558],[42,-329],[-153,-279]],[[37508,39738],[-191,-87]],[[37317,39651],[-38,75],[-167,-54],[-69,141],[-106,3],[32,25],[-43,16],[-365,-69],[2,131],[-203,134]],[[36360,40053],[262,159],[4,82]],[[37040,40787],[160,128],[129,-11]],[[40838,43007],[617,0],[255,-119]],[[41710,42888],[116,-148],[433,-198]],[[42259,42542],[252,13],[-166,-289]],[[41670,41603],[-154,-13],[-394,-247]],[[41052,41193],[-286,154],[79,345],[-130,438],[-209,114],[-175,-51],[-94,54],[-10,106],[-205,114],[147,210],[-306,-11],[-183,52]],[[39680,42718],[-30,380],[462,-115]],[[40112,42983],[132,147]],[[40244,43130],[47,197]],[[40291,43327],[376,-171],[126,54],[63,-36],[-18,-167]],[[40839,43045],[0,0]],[[26818,30606],[-82,-131]],[[26817,30273],[227,-303],[-81,-205],[-227,92],[-178,-120],[-278,-14],[56,466],[-119,101],[45,86],[-6,430]],[[26256,30806],[43,-60],[219,-79],[144,1],[156,-62]],[[43395,38062],[138,1],[88,-156],[-25,-78]],[[43596,37829],[122,-95],[-75,-169]],[[43643,37565],[-59,67],[-113,7],[-65,-69],[-209,-38],[-110,-130],[-53,-184],[10,-217],[67,-155]],[[43111,36846],[-138,12],[-29,50],[36,276],[-224,367]],[[42756,37551],[52,-2],[-18,316]],[[42790,37865],[-105,51],[-18,104],[-171,149],[104,-20],[242,136],[413,-71],[140,-152]],[[38900,44479],[4,-115],[-122,-231],[46,-194]],[[38828,43939],[-126,-85],[8,-290],[-162,-79],[-101,38]],[[38447,43523],[7,128],[136,202],[-139,0],[-612,-136],[-46,-103],[-136,-21],[-326,-214],[-454,-2]],[[36877,43377],[120,-274],[-93,-299]],[[36500,42729],[-390,34],[-119,166],[-240,106],[-171,179]],[[35580,43214],[-104,-1]],[[35476,43213],[-67,51],[-85,226],[-130,47],[-45,129],[-59,26],[61,208],[-71,103],[737,416],[1030,63],[612,137],[427,224],[511,-329],[503,-35]],[[38072,40410],[111,-221],[-31,-47],[113,-10],[7,-111]],[[38272,40021],[67,-59],[-22,-49]],[[38317,39913],[-177,-8],[107,-103]],[[38247,39802],[0,-132],[-169,-58]],[[38078,39612],[-141,-154],[-225,161]],[[37712,39619],[-132,-21],[-219,71],[147,69]],[[37508,39738],[31,95],[-37,88],[-316,133],[-39,297],[156,-66],[159,103],[61,146],[-129,174],[-65,196]],[[37329,40904],[-127,4],[-165,194],[69,17],[52,147],[133,32],[-5,-82],[138,-17],[-21,-49],[99,-20],[79,48],[-21,-57],[74,39]],[[37636,41003],[133,17],[-19,-77],[62,3],[-17,-89],[83,-157],[-149,-143],[60,-257],[283,110]],[[39130,36298],[-117,-130],[100,-285]],[[39113,35883],[137,-119],[-66,-300]],[[39184,35464],[42,-158],[-58,-8],[-20,106],[-89,21],[-7,50],[-203,107]],[[38797,35540],[-253,116],[-10,106],[79,68]],[[38613,35830],[36,131]],[[38649,35961],[72,22],[26,109]],[[38747,36092],[73,38],[-73,40]],[[38747,36170],[72,205],[-20,184],[62,68],[-34,91],[95,65]],[[38922,36783],[172,-146],[-9,-77],[115,-1],[-70,-261]],[[31817,32783],[-178,-174],[-39,-95]],[[31774,32388],[-133,-103],[-85,8],[-6,141]],[[31265,33003],[115,434],[-37,134]],[[31966,33549],[155,-119],[33,-260],[-147,-338]],[[41787,36073],[0,0]],[[42636,36610],[190,3],[-34,-231],[-100,-114],[-13,-104],[-138,-101],[26,-53],[-177,-96],[-303,-41],[-312,186],[113,92],[70,233],[79,56],[95,3],[163,132]],[[41849,36029],[0,0]],[[33254,32425],[-204,35]],[[33192,32585],[100,45],[85,-21],[86,353],[75,-57]],[[33538,32905],[135,6],[41,131]],[[33714,33042],[185,-98],[94,25],[39,91]],[[34032,33060],[113,23]],[[34145,33083],[-53,-140],[101,-69],[45,97],[-53,104],[110,110],[88,-77],[-10,-129],[153,-88],[40,-132],[-39,68],[-76,-16],[-159,-218],[-414,-327],[-184,-273],[-12,-107],[85,-50],[-223,-222]],[[34140,38648],[-53,-182],[212,-71],[56,-77],[342,59],[23,-48],[-5,-74]],[[34604,38200],[-34,-83],[-154,0],[-40,-38],[-6,-65],[-53,-9],[11,-108],[-213,-52],[-254,-245],[-332,-113],[-526,98]],[[33003,37585],[-31,140],[48,95],[-117,29],[-92,128],[-147,74],[14,212],[-98,56],[-238,-36]],[[32342,38283],[-66,39],[74,234],[61,-9]],[[32411,38547],[-8,-53],[313,55],[46,114],[260,75],[-16,289],[-60,3],[-92,116],[285,174],[-196,46],[-88,91],[-5,753]],[[32850,40210],[122,35],[239,-79],[359,126],[-25,-772]],[[40087,33695],[-22,-83],[-118,22],[58,65],[82,-4]],[[39987,33737],[-65,12],[57,53],[13,-17],[-5,-48]],[[39714,34137],[63,-14],[-28,-127],[-7,45],[-118,44],[79,0],[11,52]],[[39372,34515],[81,-27],[-143,31],[62,-4]],[[39881,34545],[-1,-56],[-32,27],[33,29]],[[39407,35278],[75,-61],[93,64],[99,-75],[-49,-109],[115,-77]],[[39740,35020],[-2,-51],[139,-5],[-14,60],[38,-6],[142,-158]],[[40043,34860],[136,6],[13,-128]],[[40192,34738],[-67,-45],[1,-96],[-63,-33],[-64,37],[-28,-34],[-20,54],[-171,-14],[83,-45],[-18,-45],[69,-189],[-204,-68],[-7,-84],[-74,6],[27,67],[-37,22],[-50,-99],[-29,3],[37,85],[-97,-17],[1,78],[-54,-121],[-64,102],[-114,21],[-19,58],[93,19],[-173,103],[106,-35],[37,32],[8,-66],[26,47],[23,-30],[64,32],[21,-42],[88,34],[-16,71],[-70,-8],[46,52],[-84,34],[-22,-47],[-61,82],[126,60],[-159,25],[24,-48],[-78,-28],[-14,-72],[-130,59],[-74,-29],[41,81],[-37,33],[-145,-56],[29,64],[-64,-24],[33,71],[47,-39],[49,46],[71,-21],[-76,104],[199,156],[-133,53],[4,-50],[-52,-11],[46,-41],[-145,-54],[-26,-51],[-103,100],[165,138],[-26,52],[51,48],[107,43],[-5,77]],[[38981,35380],[90,42],[77,-18],[-19,-72],[105,-55],[173,1]],[[42252,36857],[56,-46],[-215,-234],[40,-133],[-60,13],[-112,-68],[-73,-238],[-99,-79],[-18,84],[-237,123],[70,151]],[[41436,36679],[202,149],[-64,234],[246,-70],[109,28]],[[30283,32068],[28,-56],[0,-46],[-154,-8],[-73,-58]],[[29871,31290],[-53,3],[-21,-48],[-20,77],[-170,27],[-129,-72]],[[29509,31332],[-185,-58],[-400,132],[-208,236],[213,35]],[[28929,31677],[210,211]],[[29139,31888],[132,479],[-73,111],[153,107],[15,363],[228,76],[57,-20],[59,95],[57,-74],[-42,-177],[214,-148]],[[42119,42035],[226,231]],[[42345,42266],[168,292]],[[42513,42558],[149,-38],[154,49],[110,-30],[132,61]],[[43058,42600],[136,-533],[136,-51],[46,-113],[134,-13],[31,42],[204,-162],[72,-189],[-27,-164],[259,-327],[89,-32],[52,58],[65,-218],[68,-2],[71,-125],[-127,-136],[59,-399],[-160,-32],[-138,-152],[18,-54],[-92,-160],[-90,-59],[-51,133],[-241,149],[-197,298],[-61,309]],[[34241,43793],[-97,-42],[-348,113],[-224,-149]],[[33572,43715],[-149,0],[-185,-182]],[[33238,43533],[-5,-137]],[[33233,43396],[-155,-110],[-223,-563],[-164,64],[-172,196],[-42,71]],[[32843,43958],[-45,175],[183,105],[445,119],[314,219],[-14,63],[95,-6],[154,-102],[296,-358],[2,-252],[141,23],[-118,-33],[-55,-118]],[[43164,40682],[150,-14]],[[43314,40668],[25,-245],[230,-359],[244,-152],[48,-159],[146,-110],[113,-205]],[[44120,39438],[-153,-198],[12,-148],[105,-163],[-1,-107],[-90,-114],[36,-64],[-95,-40],[-36,-198],[-228,-88],[-54,-85]],[[43616,38233],[-113,-42],[-225,0],[-437,95],[-257,-141],[-242,43],[-66,-48],[-171,-13],[-161,43],[-23,912],[291,128],[400,260],[263,405]],[[35739,36353],[363,-658],[-101,-23]],[[35537,35278],[-162,-46],[-180,124],[-44,111],[-175,157],[75,62],[68,325],[-216,232],[-439,114],[-47,264],[-313,253],[17,132]],[[34072,37063],[37,87],[-300,440],[306,255],[281,42],[413,-161]],[[35577,37227],[98,-275],[-96,-287],[50,-216]],[[35468,38404],[42,-67],[289,-84],[337,-197],[176,-18]],[[36312,38038],[213,-221],[239,36]],[[36764,37853],[2,-192],[181,-62]],[[36947,37599],[139,-299],[31,-295],[-43,-228],[-304,-13],[-255,208],[-162,-167]],[[36290,36643],[26,-137],[60,26],[-3,-53],[-126,-36],[-128,41],[-428,425],[-114,318]],[[35577,37227],[-401,187],[-59,97],[-308,215]],[[34809,37726],[-481,171],[-11,109],[53,8],[45,103],[152,-1],[37,84]],[[34604,38200],[111,55]],[[34715,38255],[-21,136],[41,28]],[[34735,38419],[150,62]],[[34885,38481],[228,15],[355,-92]],[[40466,35657],[-117,102],[-119,-55]],[[40230,35704],[-274,87],[-34,156]],[[39922,35947],[-226,45],[-56,62]],[[39640,36054],[-20,203],[97,245],[201,297],[212,-113],[87,-188],[243,-164],[29,-423],[182,-221],[-205,-33]],[[43164,40682],[-289,-807]],[[42875,39875],[-147,-257],[-200,-205],[-607,-331],[-37,684],[-1614,853]],[[40270,40619],[-207,-176],[-139,8]],[[39924,40451],[-27,-19],[1,-19],[-15,-16],[7,48],[122,109],[-25,173]],[[39987,40727],[176,9]],[[40163,40736],[242,129],[887,-11]],[[41292,40854],[-240,339]],[[41052,41193],[70,150]],[[41122,41343],[207,162],[206,89],[135,9]],[[41670,41603],[380,-94],[69,526]],[[42119,42035],[228,-241],[52,-273],[765,-839]],[[31723,40251],[-1,-1],[0,2],[1,-1]],[[32691,40857],[15,-11],[-33,14],[18,-3]],[[31207,40796],[82,51],[-122,13],[-124,172],[44,47],[369,-102],[207,80],[386,361]],[[32238,41464],[-101,92],[15,45],[187,49],[173,-56],[56,-145],[-132,-201],[5,-82],[151,-125],[82,-221],[140,-21],[-191,-137],[-32,-221],[-317,-109],[-300,-404],[-252,123],[2,200],[-2,11],[-209,-32],[-36,-54],[-186,102],[34,26],[-42,106],[-196,122]],[[40457,37702],[50,-114],[-171,14],[-276,-139],[-343,-10],[-43,111],[100,102],[281,80],[182,513],[-41,59]],[[40301,38482],[185,-19],[146,48],[193,-84]],[[28372,32554],[119,22],[-2,109],[-209,80]],[[28280,32765],[-3,136],[148,72],[19,71],[282,108],[142,-17],[171,-249],[149,-6],[-32,54],[105,29],[128,-22],[-48,-94],[10,-262],[-151,-118],[-187,1],[-93,-77],[-46,27],[-111,-33],[-86,85],[-174,13],[-131,71]],[[28432,36562],[-15,-3],[-2,0],[17,3]],[[29280,36332],[-402,-125],[-52,67],[-16,-176],[-156,-86]],[[28654,36012],[21,-84],[-145,-90]],[[28530,35838],[-171,15]],[[28359,35853],[-73,-103],[-67,78],[94,82]],[[28313,35910],[17,290]],[[28330,36200],[-159,49],[79,54],[52,170],[92,7],[-13,44],[44,-13],[24,45],[-41,156],[74,146],[-25,76],[186,114],[156,-65],[75,148],[106,-40],[353,49],[-152,-35],[35,-62],[67,-6],[49,-183],[64,-53],[-27,-102],[-58,9],[66,-79],[127,88],[-41,-159],[61,-43],[-244,-183]],[[30757,43349],[151,-125],[69,-5],[16,53],[220,-42]],[[31213,43230],[-10,-41],[107,-88],[-100,-36]],[[30368,42647],[122,390],[109,49],[14,72],[60,26],[-17,76],[101,89]],[[39137,40370],[-152,29],[-196,-53],[-63,83],[-92,-11],[-8,101],[-96,-28],[-9,99],[-58,35],[-64,-32],[-26,50],[61,90],[-154,-73],[50,53],[-83,-3],[41,117],[-201,-39]],[[38087,40788],[-53,72],[-90,-38],[-41,53],[-108,-18],[38,24],[-31,61],[235,171],[283,87],[89,-96]],[[39490,41110],[100,46],[187,-251],[199,-114],[36,-237],[-129,-157],[-90,-29],[-140,76],[-369,26],[-147,-100]],[[36243,41203],[794,-101],[163,-186],[-160,-129]],[[37040,40787],[-286,-14],[63,-41],[-16,-54],[-196,-118],[-117,-156],[138,-110]],[[36626,40294],[-19,-102],[-279,-143],[-50,-169]],[[36278,39880],[-150,-143],[-250,-94]],[[35878,39643],[-306,22],[-83,164]],[[35482,39985],[-250,262],[-31,207],[14,338],[527,18],[106,-106]],[[35201,40453],[0,0]],[[38234,42484],[39,-120],[249,1]],[[38129,41874],[-61,-92],[-78,73],[-125,-3],[104,-72]],[[38130,41143],[-363,-207],[16,77],[-147,-10]],[[37636,41003],[-51,39],[49,118]],[[37634,41160],[-80,-37],[24,55],[-79,-49],[-99,23],[24,47],[-124,6],[11,81],[-104,-2],[-10,78],[-90,-33]],[[36738,41674],[13,47],[-751,930],[173,8],[-37,95],[364,-25]],[[36500,42729],[258,95],[146,-20]],[[36904,42804],[92,89],[50,0]],[[37046,42893],[53,-116],[232,-34],[26,69],[184,80]],[[37541,42892],[-49,105],[245,-132]],[[37737,42865],[197,-307],[300,-74]],[[28283,33485],[-4,-42],[106,29],[-12,-72],[232,-181],[18,-115],[-183,-62],[-15,-69],[-167,-91],[-48,-148],[50,-131],[-322,86],[-360,-107],[-135,-175],[-217,13],[-39,158],[-133,42],[148,121],[-26,42],[111,167],[-29,119],[74,98],[175,-9],[465,262],[311,65]],[[28362,32973],[0,0]],[[42317,37218],[183,-79],[108,-179]],[[42608,36960],[333,-26],[2,-39],[-145,-74]],[[42428,36804],[-115,5],[-61,48]],[[42252,36857],[-323,52],[0,111]],[[41929,37020],[-176,-13],[60,52],[-31,87],[212,250],[44,-120],[141,115],[138,-173]],[[40528,38611],[-40,-148],[-187,19]],[[40301,38482],[-105,-164]],[[40196,38318],[41,-57],[-48,-63],[-254,4]],[[39108,38489],[68,92],[69,345],[73,95],[-40,197],[79,213]],[[39357,39431],[222,52]],[[39579,39483],[160,-184],[233,-54]],[[39972,39245],[58,-126],[388,-254],[110,-254]],[[35131,33725],[2,57],[28,32],[-25,-38],[-5,-51]],[[35202,33846],[110,-54],[-70,-6],[-12,-37],[93,31],[128,-69],[-53,-102],[-79,-29],[-28,74],[-157,60],[68,132]],[[36372,35370],[343,-77],[-63,-126]],[[36733,34527],[-68,-12],[-5,110],[-76,10]],[[36504,34778],[-65,81],[-127,-11]],[[36282,34695],[-145,-114],[102,-106]],[[36364,34493],[76,-52],[81,-135],[-84,-76],[-101,28],[34,-97],[-82,-35],[148,-34],[-93,-36],[64,-84],[-22,-29],[-124,75],[50,-150],[70,-33],[-109,-29],[34,55],[-117,80],[23,-93],[-96,-9],[-53,101],[-12,-100],[-154,-96],[-93,82],[117,59],[58,89],[-31,62],[-70,-115],[-106,-41],[-21,75],[-60,0],[-85,-74],[91,-21],[-8,-196],[-26,81],[-145,-16],[-18,43],[-296,77],[99,56],[51,102],[209,123]],[[35799,34330],[55,185],[-17,140],[-60,54],[-542,161],[-96,74]],[[35061,35072],[82,244],[116,26],[116,-110],[71,-6],[292,113],[311,-39]],[[31379,44409],[0,0]],[[32843,43958],[-282,-397],[-84,-507]],[[32477,43054],[174,-222]],[[31884,43099],[-59,93],[-209,111],[-92,-16],[-22,-116],[-112,-66],[-187,84],[176,363],[-47,30],[-8,256],[46,147],[23,420],[-17,14],[213,129],[427,16],[736,-344],[-21,-92],[108,-86],[4,-84]],[[31207,40796],[-120,-264]],[[31087,40532],[-77,49],[-128,-15],[-68,-187],[-177,16],[-162,247],[-189,33],[-89,-54],[-39,99],[74,160],[-40,218],[94,50],[73,146],[194,66]],[[30973,41339],[6,-200],[124,-65],[-61,-44],[36,-75],[89,-95],[104,-3],[18,-13],[-82,-48]],[[31347,31773],[204,-94]],[[31949,30834],[-1594,0],[-108,41],[-232,-86],[-133,-136],[-90,-25],[-154,29],[-202,-44],[-166,54],[200,357]],[[29673,31132],[20,89],[99,0],[24,71],[55,-2]],[[29871,31290],[3,154],[-57,57],[0,386],[66,-37],[138,101],[63,-51]],[[30084,31900],[67,56],[133,13],[212,-60],[146,-205],[115,-29],[164,-27]],[[27989,31975],[73,34]],[[28062,32009],[33,-62],[22,-122],[-77,10]],[[28040,31835],[14,-118]],[[28054,31717],[171,-121],[-98,1]],[[28068,31514],[-149,23],[-84,-72]],[[27400,32214],[32,68]],[[27432,32282],[79,-25],[63,48]],[[27574,32305],[32,133],[187,-93],[-36,-89],[40,-87],[-46,-35],[238,-159]],[[31099,34262],[-843,20],[304,477],[-29,134],[95,319]],[[30773,35547],[-68,315],[45,18],[76,-145],[531,-215],[174,70],[208,-64],[158,-100]],[[29509,31332],[-31,-55]],[[29478,31277],[196,74],[103,-29],[15,-101],[-89,7],[-30,-96]],[[29673,31132],[-95,-40],[-20,-61],[-88,-7]],[[29470,31024],[-199,-357],[-103,28],[-65,-48],[-258,4],[-25,-197],[-155,-69],[-140,-2],[-193,-109],[-24,122]],[[28308,30396],[-273,-10],[-140,234]],[[27895,30620],[-82,37]],[[27834,31166],[-1,297],[82,73],[153,-22]],[[28068,31514],[59,83]],[[28127,31597],[69,2],[135,-90],[256,90],[120,-11],[21,51],[148,-200],[132,-77],[339,-89],[59,51],[103,8]],[[27400,32214],[46,-61],[-66,-20],[24,-53],[-139,-135],[122,-101],[127,-32],[155,-248],[62,8],[104,-107]],[[27835,31465],[-1,-299]],[[27834,31166],[-111,-61],[189,-128],[-20,-147],[-86,-54],[7,-119]],[[27813,30657],[-89,25]],[[27724,30682],[14,62],[-105,-9],[-164,62]],[[27469,30797],[-90,-131],[-35,14],[-56,132]],[[27288,30812],[-127,115]],[[27161,30927],[3,152]],[[27164,31079],[106,50],[-201,247],[-71,352],[-94,93]],[[26904,31821],[72,69],[-32,39],[-71,-37],[-78,22]],[[26795,31914],[-71,111],[-10,202],[102,83],[-80,120]],[[26736,32430],[317,190],[142,-55],[31,-145],[165,4],[75,-44],[-66,-166]],[[30383,34963],[177,-202],[-325,-508],[-324,44],[-143,-126],[-254,-54]],[[28860,33260],[-273,113],[-125,-36],[-90,68],[151,416]],[[28630,34311],[-2,133],[341,57],[-67,80]],[[28902,34581],[81,178],[-117,139],[69,77]],[[28935,34975],[-29,126],[336,232],[130,-89],[-38,-113],[172,-131],[-77,-83]],[[29428,34922],[-4,-1],[3,1],[1,0]],[[29622,33743],[-45,-172],[2,-195]],[[29772,33234],[-121,-230],[-478,-62],[15,-62],[-71,-11],[-79,19],[-181,255],[-136,14],[-106,-66],[-7,124],[-121,123],[59,30],[314,-108]],[[28860,33260],[73,24],[49,-85],[78,-26],[169,86],[-149,68],[-39,229],[-85,133],[227,184],[5,99],[137,4],[189,141]],[[29514,34117],[184,42],[118,-156],[-45,-120]],[[28251,34913],[15,-107],[197,-129]],[[28463,34677],[148,-7],[50,-156],[-31,-203]],[[28630,34311],[-76,-95],[-31,-395]],[[28523,33821],[-129,-339],[-115,-39],[1,47],[-97,-1],[-211,-69],[-287,-139],[-67,-77],[-72,3],[-44,-50],[-156,18],[-73,-77],[86,178],[-156,11],[-22,-73],[-96,-17],[-77,147],[-69,-33],[-98,160],[-89,-7],[-7,106],[52,34],[-96,184],[3,115],[175,253],[184,25],[164,619],[136,145],[134,-102],[389,209],[217,15],[148,-154]],[[31289,33628],[78,-87],[-1,-205],[-101,-333]],[[31265,33003],[188,-463],[97,-106]],[[31550,32434],[0,-226],[-183,-292],[-20,-143]],[[31347,31773],[-426,-125]],[[30921,31648],[-279,56],[-92,171],[-241,85],[-26,108]],[[30283,32068],[146,164],[-132,1],[29,50],[-136,110],[-40,-15],[13,37],[-198,69],[42,57],[-68,159]],[[29939,32700],[-219,164],[47,161],[-55,86],[60,123]],[[29772,33234],[-129,41],[-64,101]],[[29579,33376],[43,367]],[[29622,33743],[149,140]],[[29771,33883],[45,116],[-122,168],[77,5],[146,126],[311,-47],[115,45],[736,-31]],[[30317,36090],[141,18],[261,-209],[54,-352]],[[30773,35547],[-283,-145],[115,-99],[21,-91]],[[30626,35212],[-69,-173],[-11,-241],[-163,165]],[[30383,34963],[-237,89],[-157,-37],[-185,-237],[-94,-38],[-47,24],[-120,-80],[22,69],[-136,164]],[[29429,34917],[77,82],[-173,135],[36,115],[-207,121],[-7,59],[-103,18],[-54,81],[128,217]],[[29126,35745],[-36,146],[82,8],[96,108],[95,269]],[[29363,36276],[85,76],[102,40],[237,-139]],[[29270,35321],[5,-5],[-1,3],[-4,2]],[[29278,35314],[3,-2],[0,1],[-3,1]],[[33693,35923],[172,-10],[249,-90],[-76,-96]],[[34151,35573],[-143,-180]],[[34271,34923],[-109,-260],[-271,6],[-157,-172],[-222,-114]],[[33316,34506],[-356,244]],[[32723,34605],[-539,-99],[-100,-208],[-159,-136],[-244,104],[-113,105],[-264,-91],[-205,-18]],[[31099,34262],[13,87],[393,316],[-87,213],[95,118],[2,156],[200,-2],[158,58],[24,218]],[[31897,35426],[-69,31],[-44,29],[-23,22],[196,143],[52,165],[318,-93],[82,103]],[[32511,36134],[66,40],[397,-29],[424,-173],[220,24]],[[32960,34750],[196,-101],[160,-143]],[[33316,34506],[80,72],[93,-33],[23,-162]],[[33512,34383],[234,126],[133,-14],[5,-87],[250,-103],[46,55],[84,-31],[148,76],[95,-9],[3,57],[161,26]],[[34847,34506],[92,-101],[-117,-62],[-16,-74]],[[34806,34269],[-121,8],[1,-80],[-107,-121],[-115,7],[-226,-86],[-110,52]],[[34128,34049],[-255,-119],[-96,-110],[-106,57],[-289,39],[-170,-109],[-89,12],[-442,275]],[[32407,34265],[-352,10],[132,233],[536,97]],[[32723,34605],[237,145]],[[34458,35427],[-81,133],[-271,-80],[45,93]],[[34151,35573],[-113,154]],[[34038,35727],[82,78],[-31,32],[-396,86]],[[33693,35923],[-75,73]],[[33618,35996],[-216,-24],[-157,62]],[[33326,36241],[230,-25],[22,168]],[[34007,36723],[106,143],[304,-245],[65,-283],[421,-95],[218,-238],[-83,-332],[-161,13]],[[35135,33713],[3,-3],[-4,2],[1,1]],[[35799,34330],[-167,-81],[-69,-119]],[[35563,34130],[-403,-301],[-30,-67],[-2,-55],[20,-25],[-27,-47],[53,-39],[-75,-125],[-136,-2],[-252,146],[-228,-58],[26,-77],[81,47],[107,-91],[-28,-24],[-280,19],[-155,-108]],[[34234,33323],[-153,260],[45,64]],[[34126,33647],[-102,8],[-40,69],[49,67]],[[34033,33791],[509,176],[53,96],[125,47],[88,-37]],[[34808,34073],[105,33],[59,-150],[70,14],[73,209]],[[35115,34179],[-38,62],[68,46],[17,120],[202,-4]],[[35364,34403],[82,96],[-163,148],[-12,213],[506,-151],[61,-57],[-39,-322]],[[34072,37063],[49,-57]],[[34121,37006],[-25,-205],[-89,-78]],[[34007,36723],[-129,6],[8,-81],[-104,-127],[-204,-137]],[[33578,36384],[-24,-169],[-228,26]],[[33326,36241],[-2,-114],[-79,-93]],[[33245,36034],[-271,111],[-422,31],[15,88],[-72,152]],[[32754,36527],[60,115],[-217,145],[-153,226],[-133,1],[-289,144],[98,86]],[[32120,37244],[160,2],[81,82],[191,19],[33,82]],[[32585,37429],[236,165],[138,9],[137,-63],[150,15],[283,-68],[280,103],[300,-442],[-37,-85]],[[32754,36527],[-259,-111]],[[32495,36416],[73,-158],[-57,-124]],[[32511,36134],[23,-69],[-138,-68],[13,-171]],[[32409,35826],[-102,-113],[-500,204]],[[31656,36199],[-223,226],[46,262]],[[31401,36947],[-86,16],[159,149]],[[31474,37112],[177,-33]],[[31651,37079],[156,105],[132,-54],[96,26],[276,-142],[124,5],[162,-232],[219,-150],[-62,-110]],[[32794,40762],[-86,-35],[91,43],[-5,-8]],[[33775,41668],[402,10],[81,-69],[80,88],[170,-71],[75,91]],[[34583,41717],[152,19],[138,-112],[195,31],[15,-57],[-54,-5],[-35,-97],[-110,-35],[-48,-52]],[[35259,41199],[78,-265],[302,-143],[-438,-19],[-8,-381],[93,-234],[-39,-33],[-82,8]],[[34136,40474],[-287,10],[-307,-209],[-320,-107],[-257,78],[-354,-169]],[[32611,40077],[-365,53]],[[32246,40130],[19,55],[44,-46],[10,4],[29,119],[318,182],[16,234],[157,108],[-50,70],[-150,33],[-47,152],[-167,157],[47,98],[69,81],[115,10]],[[32656,41387],[43,89],[369,257],[133,38],[102,-56]],[[33303,41715],[135,93],[289,-36],[48,-104]],[[34136,40474],[80,-77],[240,-93],[42,-85],[94,17],[322,-175],[137,-13],[114,84]],[[35165,40132],[128,21],[189,-168]],[[35482,39985],[7,-156]],[[35489,39829],[115,-192],[-62,-329],[98,-26]],[[35640,39282],[-72,-75],[-1,-194],[-210,-52],[-24,-86],[-362,-89],[-206,-106],[-30,-261]],[[34735,38419],[-81,-65],[-299,-36],[-59,79],[-205,64],[49,187]],[[34140,38648],[-34,161],[-72,58],[24,374],[-45,85],[-388,56],[-80,138]],[[33545,39520],[26,783],[291,172],[274,-1]],[[39126,37518],[-65,94],[-130,22],[-101,1],[-203,-116]],[[38627,37519],[-322,61],[-297,233]],[[38008,37813],[-166,69]],[[37916,38034],[245,144],[947,311]],[[39108,38489],[560,-167],[152,-169],[115,49]],[[39935,38202],[250,-6],[-133,-456],[-270,-70],[-148,-197],[-75,-25]],[[36243,41203],[-209,-18],[-186,-481]],[[35848,40704],[-100,104],[-109,-17],[-232,87],[-77,64],[-71,257]],[[35259,41199],[-198,-3],[-78,135],[-147,78]],[[34836,41409],[158,87],[54,115],[201,9],[179,-83],[99,20]],[[36640,41833],[112,-114],[-14,-45]],[[36738,41674],[59,-3],[-40,-33],[93,-15],[257,-294]],[[37107,41329],[96,30],[-98,-241],[-127,-30],[-735,115]],[[32651,42832],[204,-109],[-208,-240]],[[32647,42483],[3,-90],[-80,-5],[-179,-147]],[[32391,42241],[55,-86],[-67,-20],[-126,-311],[87,-174],[-197,-57],[95,-129]],[[32238,41464],[-109,-63],[-80,17]],[[32049,41418],[-214,-165],[-97,-151],[-282,-125],[-196,25],[-277,131],[-10,206]],[[30973,41339],[-84,127],[-37,-56],[-29,36],[-79,-33],[-8,-67],[-183,14]],[[30553,41360],[-220,-87],[104,293],[124,68],[104,243],[-110,201],[2,96],[-301,241],[85,66],[27,166]],[[30368,42647],[235,32],[222,-33],[77,131],[143,73],[-29,60],[65,27],[55,155],[74,-27]],[[31210,43065],[248,67],[96,167],[167,-41],[163,-159]],[[31884,43099],[185,6],[124,-172],[187,-16],[40,-108],[231,23]],[[33192,32585],[-182,58],[40,-183]],[[33050,32460],[-92,-130],[-429,-228],[-10,-119]],[[31939,32308],[-81,77],[-84,3]],[[31774,32388],[-85,116],[-89,10]],[[31600,32514],[217,269]],[[31817,32783],[102,-14],[88,63]],[[32007,32832],[324,-127]],[[32808,32722],[39,2],[35,57]],[[33026,32764],[25,85],[389,-24],[8,-43],[-66,-13],[46,-60],[-29,-86],[-207,-38]],[[32407,34265],[44,-100],[230,-71]],[[32681,34094],[383,-254],[-197,-142],[-26,-81],[61,-283],[-22,-132],[167,-321],[-21,-117]],[[33026,32764],[-144,17]],[[32882,32781],[-6,-46],[-68,-13]],[[32808,32722],[1,79],[-343,-12],[-135,-84]],[[32331,32705],[-293,102],[-13,122],[133,264],[-24,220],[-71,70],[-97,66]],[[31966,33549],[-34,-122],[-200,70],[-1,57],[-145,55],[-243,-38]],[[31343,33571],[-54,57]],[[31289,33628],[-166,-35],[12,76],[99,80],[-56,192],[48,90],[-33,86],[-104,64],[-10,84]],[[31079,34265],[521,99],[81,-98],[233,-105],[126,112],[367,-8]],[[33254,32425],[48,-43],[-30,-139],[154,-74],[-83,-43],[-26,-179],[227,-333]],[[33544,31614],[-128,-180],[-25,-170],[53,-61],[67,51],[137,-76],[-30,-125],[59,-73],[-45,-53],[60,-94],[-1743,1]],[[31949,30834],[0,142],[-228,176],[82,116],[-116,77],[22,181],[-158,153]],[[31551,31679],[-210,113],[215,501],[81,-9],[94,92],[116,13],[92,-81]],[[31939,32308],[156,-25],[158,-97],[95,-137],[171,-66]],[[32519,31983],[15,123],[405,209],[103,145],[212,-35]],[[34877,35686],[115,-35],[55,-123],[157,-140],[-122,-168],[-21,-148]],[[35061,35072],[78,-128]],[[35139,34944],[132,-85],[47,-254],[-158,-101]],[[35160,34504],[-78,62],[-45,-144]],[[35037,34422],[-107,-8],[-83,92]],[[34847,34506],[-133,43],[-43,-70]],[[34671,34479],[-152,-21],[-12,-62],[-96,7],[-56,-57],[-175,14],[-63,-56],[-153,53],[-80,51],[3,84],[-78,-13],[-57,42],[147,151],[259,-15],[113,266]],[[34271,34923],[-148,302],[63,62],[-58,-1],[14,33],[-134,74]],[[34008,35393],[79,83],[286,84],[85,-133]],[[34458,35427],[66,137],[353,122]],[[36372,35370],[-146,-104],[-42,64],[-135,-30]],[[36049,35300],[-306,39],[-206,-61]],[[35537,35278],[-45,57],[83,166],[230,106],[165,-11],[31,76]],[[36001,35672],[102,27],[-364,654]],[[35739,36353],[-110,96]],[[35629,36449],[-50,209],[63,278],[33,16],[427,-458],[136,-50],[142,46],[-4,42],[-59,-29],[-27,140]],[[36290,36643],[70,48],[-7,114]],[[36353,36805],[147,159],[109,-44],[76,-121],[139,-40],[250,18],[-37,-222],[60,-405],[-114,-109],[2,-272],[-101,-345],[-169,-131],[-244,19],[-99,58]],[[36393,33432],[163,-16],[4,-27],[-167,43]],[[36933,33619],[116,-143],[-36,-34],[72,-24],[48,91],[48,-74],[-161,-112],[-101,-14],[76,71],[-123,-56],[-207,66],[67,53],[31,-43],[88,21],[26,44],[-47,67],[65,-47],[12,71],[64,-44],[-38,107]],[[36668,33655],[43,-67],[-93,44],[50,23]],[[37140,33820],[58,-61],[-98,-152],[-58,14],[-34,-58],[-65,131],[83,-37],[-29,64],[143,99]],[[37403,34205],[-3,-9],[0,3],[3,6]],[[37305,35834],[51,-196]],[[37356,35638],[153,-71],[207,-199],[19,-81]],[[37735,35287],[-115,-260],[82,-158],[-216,-26],[-61,-86],[-93,8],[38,-186]],[[37370,34579],[110,-122],[-55,-215],[-77,10],[-1,-92],[-78,47],[41,-134],[-58,40],[-61,-36],[-60,52],[-59,-108],[-84,-8],[-35,48],[-36,-66],[-45,36],[-52,-70],[-41,25],[6,-45],[-49,27],[-18,-48],[-16,48],[-58,-50],[39,91],[-86,16],[267,61],[-27,38],[54,-19],[-25,29],[72,56],[-95,76],[-98,-111],[-124,17],[114,156],[-97,-29],[-58,43],[93,62],[60,123]],[[36733,34527],[-13,229],[-73,171],[53,123],[-48,117]],[[36652,35167],[296,374],[34,496],[106,112],[217,-315]],[[36667,34530],[-10,-4],[-1,19],[11,-15]],[[36504,34778],[52,1],[28,-144]],[[36584,34635],[81,-27],[-18,-27],[5,-72],[-84,5],[13,-127],[-74,-50],[-143,156]],[[36364,34493],[-125,-18]],[[36239,34475],[-103,102],[146,118]],[[36282,34695],[30,153]],[[36312,34848],[141,6],[51,-76]],[[38359,33569],[-37,-31],[-81,-32],[64,58],[54,5]],[[37598,33757],[31,-38],[-101,-49],[-76,15],[12,45],[134,27]],[[38756,33877],[77,-68],[-178,-89],[-27,142],[128,15]],[[38694,33930],[-5,-25],[-10,13],[15,12]],[[37917,33985],[10,-36],[-36,13],[26,23]],[[38035,33982],[186,2],[-102,-57],[-84,55]],[[38222,34073],[54,-5],[36,-73],[-85,34],[-5,44]],[[38300,34168],[140,9],[-66,-182],[-69,105],[54,37],[-59,31]],[[38346,34279],[23,-80],[-17,0],[-6,80]],[[39189,34389],[-13,-27],[-52,7],[5,23],[60,-3]],[[38590,34548],[286,29],[-90,-28],[-22,-73],[39,-32],[80,31],[-8,-88],[132,10],[-66,42],[82,28],[-38,37],[79,-29],[-93,91],[95,12],[67,-144],[-53,-118],[-85,24],[-2,-46],[-56,-10],[-54,43],[-5,-149],[64,-45],[-68,-30],[-1,-126],[73,-27],[-44,-40],[-76,69],[25,130],[-102,-97],[-63,150],[-64,34],[-42,-51],[-96,119],[65,-2],[9,-47],[138,13],[-42,105],[-181,96],[117,119]],[[38946,34617],[38,-32],[-64,-2],[26,34]],[[38797,35540],[52,42]],[[38849,35582],[224,-127],[-92,-75]],[[38981,35380],[60,-35]],[[39041,35345],[-12,-96],[-141,-72],[8,-71],[-258,-97],[12,-55],[-87,-87],[-107,12],[-126,194],[-261,190],[-108,139],[-25,150],[15,35],[90,-9],[41,66],[164,-33],[-2,64],[185,23],[368,-158]],[[40190,33435],[75,-108],[-52,-28],[6,-80],[-96,51],[-6,55],[-80,-19],[2,51],[137,30],[14,48]],[[40505,34081],[66,-91],[53,14],[-2,-40],[201,-19],[-90,-33],[-125,39],[-33,-52],[-218,63],[49,89],[99,30]],[[40925,34349],[0,0]],[[40330,34579],[0,-1],[-1,1],[1,0]],[[40801,35099],[137,-188],[-19,-89],[-158,-155],[176,-351],[-11,-75],[-83,15],[-19,-83],[-70,-24],[-126,138],[-53,-1],[31,-137],[-72,-59],[23,130],[-49,42],[48,40],[-97,93],[16,-78],[-82,-19],[53,-30],[-24,-47],[-37,32],[-37,-54],[-32,42],[-121,-16],[-22,52],[131,136],[-105,39],[-85,-24],[8,36],[368,186],[8,83]],[[40498,34733],[303,366]],[[40974,35258],[103,21]],[[41077,35279],[21,71],[303,43],[234,-26],[-72,-180],[11,-113],[-105,-77],[66,-250],[-91,-109],[-83,-22],[-48,-130],[-131,-118],[-96,82],[-57,-62],[25,-36],[-65,-28],[-78,39],[-149,300],[157,159],[19,86],[-106,194],[142,156]],[[42636,36610],[-37,-62],[-139,-7],[0,-38],[-78,-16],[-13,71],[-74,17]],[[42295,36575],[-169,-121],[-33,123],[214,235],[121,-8]],[[42428,36804],[43,62],[327,-45]],[[42798,36821],[149,82],[27,-40],[-144,-228],[-194,-25]],[[42112,35569],[-1,0],[0,1],[1,-1]],[[42119,35599],[-2,0],[1,2],[1,-2]],[[42114,35607],[0,0]],[[41382,36283],[152,-1],[228,-119],[13,-104],[446,-225],[5,-147],[-117,-46],[-3,-111],[-261,-40],[-188,-130],[-261,35],[-288,-51],[-190,35],[-171,284],[67,54],[8,111],[180,290],[380,165]],[[41436,36679],[166,-69],[2,-180]],[[41604,36430],[-70,-148],[-154,2],[-41,-52],[-316,-98],[-201,-306],[-9,-113],[-65,-52],[-77,15],[-174,210],[-49,172],[16,268],[-106,80],[74,28],[475,-53],[224,83]],[[41131,36466],[211,193]],[[41342,36659],[94,20]],[[41943,38221],[-8,-303]],[[41935,37918],[165,-208],[-107,-158]],[[41993,37552],[-12,-186],[-199,-220],[5,-120],[-124,-8],[-383,154],[-95,-17],[-243,73],[-25,102],[279,147]],[[41919,38396],[24,-175]],[[41943,38221],[-374,-13],[-45,-107],[-326,-244],[55,-103],[-57,-277]],[[41196,37477],[-305,-181],[-198,40],[-179,142],[-187,-10],[-77,80],[95,56],[167,-8],[-55,106]],[[40457,37702],[370,572],[-2,153]],[[40825,38427],[183,-45],[199,38]],[[41207,38420],[712,-24]],[[41546,36904],[-131,20],[-92,73],[-132,0],[-118,118],[-30,-95]],[[41043,37020],[-113,15],[-135,-68],[-175,77]],[[40534,36887],[-97,-68],[-71,67]],[[39906,36860],[-118,168],[-241,119],[-218,231],[-172,32],[-31,108]],[[39126,37518],[110,17],[31,-53],[140,27],[152,-61]],[[39559,37448],[121,87],[40,-84],[270,3],[248,94],[89,-80],[190,9],[172,-139],[143,-10],[123,-105],[566,-130],[109,-119],[7,-148],[-47,-51],[-44,129]],[[40924,36861],[-102,-118],[134,-37],[-221,-193],[-27,-116]],[[40708,36397],[-310,40],[-41,-31],[-148,101],[-83,184],[-220,169]],[[39906,36860],[190,60],[270,-34]],[[40366,36886],[69,-67],[99,68]],[[40534,36887],[86,157]],[[40620,37044],[144,-80],[175,71],[-15,-174]],[[39021,39504],[58,-97]],[[39079,39407],[86,-38],[27,-142]],[[39192,39227],[130,-147],[-170,-547],[-1009,-364],[-227,-135]],[[37916,38034],[-74,-152]],[[37842,37882],[-141,46],[-23,386]],[[37678,38314],[-73,87],[173,84],[12,117]],[[37790,38602],[158,-12],[125,68]],[[38073,38658],[102,350],[94,9],[339,191],[22,79],[77,17]],[[38707,39304],[70,241],[113,31]],[[38890,39576],[131,-72]],[[39739,41951],[96,-60],[-7,-214],[-220,-196],[-57,-129]],[[39551,41352],[61,-180],[-122,-62]],[[39490,41110],[-201,9],[-41,123],[-70,-110],[-324,48],[-80,-46],[-285,7],[-80,-37]],[[38409,41104],[-87,96],[-192,-57]],[[38130,41143],[-76,196],[-220,185],[135,256]],[[37969,41780],[-111,52],[132,23],[83,-73],[56,92]],[[38129,41874],[91,-78],[106,44],[-14,70],[173,358],[69,-2],[-32,99]],[[38522,42365],[-259,10],[2,436]],[[38265,42811],[239,-31],[423,32],[-114,149],[338,199],[276,-16],[50,-59]],[[39477,43085],[173,13],[89,-1147]],[[31401,36947],[78,-260]],[[31479,36687],[-35,-91],[-132,-24]],[[30708,36216],[-141,-115],[-250,-11]],[[30317,36090],[-205,123],[-325,40]],[[29787,36253],[-195,78],[-98,130],[15,189],[180,-31],[-53,25],[113,32],[-24,35],[169,187],[310,-133]],[[30204,36765],[111,133],[106,-28],[164,118]],[[30585,36988],[183,-87],[399,52],[72,68],[88,-75],[74,1]],[[31656,36199],[151,-282]],[[31807,35917],[201,-102],[-51,-164],[-193,-144],[-216,83],[-191,-70],[-327,119],[-216,105],[-64,136],[-290,195],[134,39],[114,102]],[[30708,36216],[-3,65],[136,46],[51,122],[78,-72],[342,195]],[[31312,36572],[133,-3],[3,-174],[208,-196]],[[36640,41833],[-140,-138],[-234,-41],[-131,94],[-103,-71],[-98,23],[-76,-55],[-323,-3],[-8,-85]],[[35527,41557],[-159,-18],[-158,88],[-164,463],[10,153],[127,55],[-5,181]],[[35178,42479],[91,127],[-45,98],[78,-39],[56,31],[199,264],[-39,51],[124,48],[-14,94]],[[35628,43153],[77,-29],[46,-89],[309,-158],[113,-218],[-170,-17],[637,-809]],[[27322,30710],[87,-59],[5,-99]],[[27414,30552],[189,-75],[155,-199],[-83,5],[-1,-107],[-161,-24],[24,-42],[-98,-34],[-97,-123],[-17,-193],[136,-267]],[[27461,29493],[-96,-39],[-94,157],[-3,194],[-83,-7],[-67,117],[-74,27],[-124,245],[-103,86]],[[26817,30273],[139,11],[-220,191]],[[26736,30475],[128,176]],[[26864,30651],[-42,91],[38,7],[-90,53],[99,64],[346,-236],[107,80]]]}